:020000022000DC
:107000000000042065FE0300A5FE0300A7FE0300A8
:10701000A9FE0300ABFE0300ADFE0300000000006C
:10702000000000000000000000000000A123040098
:10703000B1FE030000000000C1230400B5FE030000
:1070400015250400B7FE0300F13D0400CD08030040
:1070500081090300B7FE0300B7FE0300B7FE03007B
:10706000B7FE0300B7FE0300B7FE0300B7FE030040
:10707000B7FE0300B7FE0300B7FE0300B7FE030030
:10708000B7FE0300F1200400B7FE0300B7FE0300C3
:10709000B7FE0300B7FE0300B93B0300B7FE0300D1
:1070A000B7FE0300B7FE0300B7FE0300B7FE030000
:1070B000B7FE0300B7FE0300000000000000000060
:1070C000B7FE0300B7FE0300B7FE0300292A040041
:1070D000B7FE0300B7FE0300B7FE0300B152030082
:1070E0004D930200B7FE0300B7FE0300000000004E
:1070F00000000000B7FE030000000000A12A040009
:10710000000000000000000000000000000000007F
:10711000000000000000000000000000000000006F
:10712000000000000000000000000000000000005F
:10713000000000000000000000000000000000004F
:10714000000000000000000000000000000000003F
:10715000000000000000000000000000000000002F
:10716000000000000000000000000000000000001F
:10717000000000000000000000000000000000000F
:1071800000000000000000000000000000000000FF
:1071900000000000000000000000000000000000EF
:1071A00000000000000000000000000000000000DF
:1071B00000000000000000000000000000000000CF
:1071C00000000000000000000000000000000000BF
:1071D00000000000000000000000000000000000AF
:1071E000000000000000000000000000000000009F
:1071F000000000000000000000000000000000008F
:10720000F1EE103A43F08073E1EE103A704700BFA0
:1072100010B5054C237833B9044B13B10448AFF3D0
:1072200000800123237010BD906300200000000047
:10723000D411050008B5034B1BB103490348AFF354
:10724000008008BD0000000094630020D4110500F8
:10725000154B002B08BF134B9D46A3F5803A002128
:107260008B460F461348144A121A22F0E7F90F4BC7
:10727000002B00D098470E4B002B00D098470020E1
:10728000002104000D000D48002802D00C48AFF387
:10729000008022F069F9200029001CF03FFE22F056
:1072A0003DF900BF000008000000042000000000BD
:1072B0000000000090630020F0A200200000000009
:1072C000000000007CDF70472DE9F0432DED028BBC
:1072D000B24CCBB018F0F0FD226841F28733801A2F
:1072E000984204D84BB0BDEC028BBDE8F08318F097
:1072F000E3FD0BA90346AA48236000F09FFEA948BE
:107300009FEDA98A0CF026FCDDED0B7A67EE887AFA
:107310000646FDEEE77AA54817EE903A08A9022244
:10732000ADF820300AF0BCFA002E40F06381DDEDAC
:107330000C7A9F4867EE887A0DF12201FCEEE77A1D
:10734000022217EE903AADF822300AF0A9FA9DF821
:107350003930002B40F0DE819DF834309FED957A76
:10736000954807EE903AF8EE677A09A967EE877AB2
:107370000222FCEEE77A1DAC17EE903AADF824300D
:107380000AF08EFABDF936304FF6FF72002BADF8D9
:107390002620C0F2E38003EB830303EB83039B000F
:1073A0008648ADF826300DF1260102220AF078FA5F
:1073B0009DF838309FED7F7A814807EE903AF8EEDD
:1073C000677A0AA967EE877A0222FCEEE77A17EE5F
:1073D000903AADF828300AF063FADDED197A794871
:1073E000B6EE007A77EE877A0222FCEEE77A0DF1AC
:1073F0002A0117EE903AADF82A300AF051FA724B92
:107400009DF8402093E8030084E80300002A00F080
:10741000AC809DF84930002B00F0A7800DF14B00A7
:107420000DF149010DF1460211AB0DF14D05CDE90C
:107430000121CDE903050093644A10ABAD210DF1A4
:107440007B0022F081FF204623F011F8604AC0F152
:10745000B4010746201822F077FF9DF85130002B29
:1074600000F08A80204623F002F89DF85230002B6D
:1074700000F049819DF85B30002B00F044810DF154
:107480005F030DF15B0116AA0DF15D0504930DF18B
:107490005603CDE90032CDE902154C4AC0F1B401E2
:1074A0000DF15203204422F04FFF204622F0DFFF6F
:1074B0000546199821F0ECFA804689466019C5F115
:1074C000B401CDE90089434A22F03EFF05449DF80E
:1074D00050004149414B424A002808BF0B46C5F1C4
:1074E000B401601922F030FF05443E4AC5F1B401F1
:1074F000601922F029FF9DF868200544002A45D034
:107500001C9821F0C5FA02460B461B98CDE90223D0
:1075100021F0BEFAC5F1B40702460B462544CDE979
:1075200000233946304A284622F00EFF204622F03A
:107530009EFF214682B22D480AF0B2F9002E3FF498
:10754000D1AE204622F093FF214682B227480AF0AE
:1075500013FA4BB0BDEC028BBDE8F0830DF12601B0
:10756000022216480AF09CF922E7214AAD210DF1CA
:107570007B0022F0E9FE66E707F1090560191C4A65
:10758000C7F1AB0122F0E0FE0544A0E7184AC5F1BF
:10759000B401601922F0D8FEC8E700BF9C66002045
:1075A000C4670020E86F00200000C842EC6500209E
:1075B0001C640020E438DE417C6500204466002025
:1075C00024650020CC64002064C7040070C7040058
:1075D00090C704009CC7040060C7040058C704009B
:1075E000A4C70400B0C70400B8C70400C4630020E7
:1075F0006CC7040008A9022273480AF0BDF9DDED4A
:107600000C7A724867EE887A0DF12201FCEEE77A77
:10761000022217EE903AADF822300AF041F96B4899
:107620000DF1220102220AF0A7F99DF83930002B52
:1076300040F09D809DF834309FED657A654807EEF7
:10764000903AF8EE677A09A967EE877A0222FCEE93
:10765000E77A079117EE903A0B800AF021F9079923
:107660001DAC02225B480AF087F9BDF936304FF6AF
:10767000FF72002BADF8262072DB03EB830303EBD4
:1076800083039B005448ADF8263002220DF12601F9
:107690000AF006F90DF1260102224F480AF06CF9B2
:1076A0009DF838309FED4A7A4C4807EE903AF8EE54
:1076B000677A0AA967EE877A0222FCEEE77A17EE6C
:1076C000903AADF828300AF0EBF80AA902224348B4
:1076D0000AF052F9DDED197A4148B6EE007A77EEFC
:1076E000877A0DF12A01FCEEE77A022217EE903A32
:1076F000ADF82A300AF0D4F80DF12A0102223848F8
:107700000AF03AF97BE6C0F1B401364A204422F08F
:107710001BFECAE6DDED0F7A9FED337A334867EE44
:10772000877A1DACFCEEE77A21460422CDED1D7A66
:107730000AF0B6F89DF834309FED257A254807EE1B
:10774000903AF8EE677A09A967EE877A0222FCEE92
:10775000E77A17EE903AADF824300AF0A1F811E676
:1077600002220DF126011C480AF09AF892E79FEDDB
:107770001E7ADDED0F7A1D4867EE877A1DACFCEEB0
:10778000E77A21460422CDED1D7A0AF089F82146D8
:10779000042216480AF0F0F89DF834309FED0C7A78
:1077A0000C4807EE903AF8EE677A09A967EE877AF7
:1077B0000222FCEEE77A079117EE903A0B800AF06E
:1077C0006FF807994DE700BFEC6500201C640020AE
:1077D000E438DE417C6500204466002024650020FA
:1077E000CC6400206CC7040000007A44746400205C
:1077F0002DE9F0436B4CDFF8E0916B4EDFF8DC8154
:107800006A4F83B020460022012100250BF080FF43
:107810000F2267498DF8045001A8FFF753FD204659
:1078200004210CF01FF9294620460CF069F9614843
:107830000CF010FB48460BF057FC3046122109F0C3
:10784000F7FF2A46304611210AF00AF83046022195
:1078500009F0F4FF304609F0FDFC4046122109F022
:10786000E7FF2A464046112109F0FAFF524E4046F2
:10787000022109F0E3FF404609F0ECFC30461221FA
:1078800009F0D6FF2A463046112109F0E9FF3046BB
:10789000042109F0D3FF304609F0DCFC3846122100
:1078A00009F0C6FF2A463846112109F0D9FF434E98
:1078B000DFF82C813846022109F0C0FF384609F074
:1078C000C9FC3046122109F0B3FF2A463046112187
:1078D00009F0C6FF3046022109F0B0FF304609F03A
:1078E000B9FC4046122109F0A3FF2A464046112167
:1078F00009F0B6FF324F334E4046022109F09EFF99
:10790000404609F0A7FC3846122109F091FF2A46AB
:107910003846112109F0A4FF0221384609F08EFFF4
:10792000384609F097FC28480BF0DEFB3046122160
:1079300009F07EFF2A463046112109F091FF3046BA
:10794000B42104F5C86409F077FF304609F082FCE1
:107950000621204609F07CFA204609F061FA4946E2
:10796000204609F019FA204609F02CFA2046012198
:1079700009F0A0FA4FF4C8722046A02109F096FA47
:1079800020461E2109F090FA2946204609F0F2FA15
:107990000E490F481BF076FC0E4801F0E5F903B0E4
:1079A000BDE8F083E86F0020EC6500207C650020D6
:1079B000C4C70400A0660020746400204466002050
:1079C000CC640020C4630020D4650020D4C7040028
:1079D00060780020F4C70400AC6300201C64002021
:1079E0002465002010B5044B044640F8083B0BF01A
:1079F000B7FB204610BD00BFC8E5040010B5074B1B
:107A0000044640F8183B09F00BFC2046044B40F8B4
:107A1000083B0BF0A5FB204610BD00BFACE6040000
:107A2000C8E504002DE9F043DFF8C091604C614FD8
:107A3000DFF8BC81604E614D85B048460CF0E4F93A
:107A400022465F49484620F087FE684641F61A0103
:107A50000BF08EFB694638460BF062FB68460BF074
:107A60007FFB22464146384620F076FE684642F6C5
:107A70006E210BF07DFB6946304609F09FFE68469B
:107A80000BF06EFB2246294630464E4E4E4F20F0FC
:107A900063FE684642F66F210BF06AFB694630468A
:107AA00009F08CFE68460BF05BFB22462946304607
:107AB000464E20F051FE684642F66D210BF058FB11
:107AC0006946304609F07AFE68460BF049FB2246CB
:107AD000294630463E4E20F03FFE684642F6702171
:107AE0000BF046FB6946304609F068FE68460BF02D
:107AF00037FB224629463046364E20F02DFE68469A
:107B000042F671210BF034FB6946304609F056FE0F
:107B100068460BF025FB2246294630462E4E20F0C3
:107B20001BFE684642F672210BF022FB6946304686
:107B300009F044FE68460BF013FB22462946304606
:107B4000264E20F009FE684642F678210BF010FB25
:107B50006946304609F032FE68460BF001FB2246CA
:107B60002946304620F0F8FD1D491E4E68460BF0B0
:107B70000DFB694638460BF0D3FA68460BF0F0FA75
:107B800022464146384620F0E7FD174968460BF08B
:107B9000FDFA6946304609F011FE68460BF0E0FA3E
:107BA00022462946304620F0D7FD05B0BDE8F083D7
:107BB00000600020AC630020EC650020211203006F
:107BC000FD7902001C640020D4650020746400204C
:107BD0007C6500204466002024650020CC640020E1
:107BE00010C80400C463002000C80400A066002080
:107BF000E5790200002310B5C0E92633044680F879
:107C0000943080F8A03080F8B03001F0ADFB204611
:107C10000122762107F092FEC0B10421204607F030
:107C2000B3FF0221204607F0BFFF0321204607F0E3
:107C3000CBFF0221204607F0D7FF012384F8A030B4
:107C400005490648BDE810401BF01CBBBDE81040CC
:107C5000034902481BF016BB48C8040060780020A6
:107C600020C8040038B590F8A03063B190F8943083
:107C700004464BB918F020F9D4F8982047F22F5356
:107C8000801A984261D838BD18F016F9D4F89C30A3
:107C90009842F8D3204607F00BFF0546002867D02E
:107CA000D4ED017A9FED377AA3682268C4F8A83032
:107CB000F8EE677A012567EE877AC4F8A420C4ED50
:107CC0002B7A3149314884F8B0501BF04FFA3049D3
:107CD0002E481BF04BFA2F492C481BF047FAD4F8DA
:107CE000A40020F0D5FE41EC100B294627481BF0DC
:107CF00099FA294925481BF039FA284923481BF0ED
:107D000035FAD4F8A80020F0C3FE41EC100B294648
:107D10001E481BF087FA22491C481BF027FA21490C
:107D20001A481BF023FAD4F8AC0020F0B1FE41EC65
:107D3000100B294615481BF075FA1B4913481BF018
:107D4000A1FA002384F8943038BD204607F086FE5F
:107D5000054628B9BDE8384014490C481BF092BAD2
:107D600018F0AAF80123C4E9260584F8943038BD38
:107D70000F4906481BF086FA84F8B05084F89450F6
:107D800038BD00BF0AD7233CCCC80400607800206F
:107D9000E0C80400E4C80400F0C80400F8C8040007
:107DA00004C904000CC9040018C9040068C8040010
:107DB0009CC8040000F1A40330B404460D460FCB68
:107DC00085E80F0094F8B00030BC704701490248C4
:107DD00007F0ACBD306E002010670020F0B587B012
:107DE00005460C463948002301AA03A903F084F98B
:107DF000002865D09DF80C209DF80D309DF80F10DF
:107E00009DF806609DF810709DF812E0303AC2EBC4
:107E10004210303B02EB8002303903EB830301EB6D
:107E2000C20203EB830302EB83019DF80E009DF871
:107E300007309DF81320303E06EB860C3038303B7F
:107E40009DF8046003EB4C0300EB80009DF811C02B
:107E500001EB4000303F9DF80510ACF1300C303E96
:107E600007EB870730390CEB470706EB86069DF8D2
:107E700008C001EB4606AEF1300E9DF809100EEB7E
:107E80008E0E303AACF1300C02EB4E020CEB8C0C47
:107E9000DBB23039FFB2F6B201EB4C0180B2D2B2A4
:107EA0005B01A0F2BC7042EA471243EAC623C1F369
:107EB000460142EA40220B432A80238007B0F0BDEE
:107EC00045F621432B80208007B0F0BDA86B002031
:107ED00010B50C46454846491BF048F961784348BF
:107EE0000A221BF0A9FB434940481BF03FF92378C5
:107EF000043B0A2B07D8DFE803F00C1B2E063D508D
:107F00005B0606066E00BDE810403B4937481BF093
:107F1000B9B93A4935481BF029F9606920F0B8FD34
:107F2000BDE8104041EC100B304801211BF06ABA4B
:107F300033492E481BF01AF9A06920F0A9FD41EC45
:107F4000100B012129481BF06DF9BDE810402D49A7
:107F500026481BF097B92C4924481BF007F9218AC1
:107F600022480A221BF0D2FBBDE8104027491F48D7
:107F70001BF088B926491D481BF0F8F8A06820F0CE
:107F800087FD41EC100B012118481BF04BF9BDE8AF
:107F90001040204915481BF075B91F4913481BF0C4
:107FA000E5F8E18B1148BDE810400A221BF0E0BA69
:107FB0001A490E481BF0DAF8E06820F069FD41EC40
:107FC000100B012109481BF02DF9BDE810401449A0
:107FD00006481BF057B9134904481BF0C7F8A18B9A
:107FE0000248BDE810400A221BF0C2BA60780020A7
:107FF00020C90400E0C80400C8C904007CC904000A
:1080000088C904009CC904005CC9040074C9040048
:1080100038C9040048C90400B8C904004CC90400A8
:1080200058C90400A4C9040010B404460FC94C3454
:1080300084E80F005DF8044B704700BF70B5036B18
:108040000B60436B4B6090F898300B72B0F99A302C
:108050004B81B0F846300B730C46436D90F85820B6
:108060004A7305460B61002600F18801082204F1DD
:10807000140022F016FA05F191010622267704F188
:108080001D0022F00EFA84F8236095F8AC3084F8D5
:10809000243095F8C83084F8253005F1C90108224C
:1080A00004F1260022F0FDF9062284F82E6005F185
:1080B000D20104F12F0022F0F4F984F83560D5F8EC
:1080C000DC3095F89C20A363D5F8A0302364D5F864
:1080D000A43084F83C20636470BD00BFB0F8F400A5
:1080E000704700BF014803F04FB900BFC8670020C8
:1080F000F0B50025044695B00560C56580F8485088
:1081000080F858500566A0F86450A0F886502022E8
:108110006630294621F092FA00234FF6FF7284F868
:10812000A850A4F8AA5084F8AC50C4F8B05084F811
:10813000B85084F8C150A4F8C85084F8D25084F8DC
:10814000E05084F8885084F8915084F8985084F86E
:108150009C5084F8F050A4F8F45084F8F650A4F839
:10816000F85084F8FA50C4F8FC50A4F80051C4F850
:108170000451A4F8085184F80A51C4F80C51A4F829
:108180003051C4F8B430C4F8DC30C4F8EC30C4F872
:10819000A030C4F8A430A4F89A20A4F8F22001F08A
:1081A000FDF808B915B0F0BD2F4B304A30481A60C1
:1081B00002F048F802AA034604A92E4802F09CFFE8
:1081C00000283ED002AB0BAF07AEBDF816C000933F
:1081D000294A8DF82E503B4630460D21ADF82CC073
:1081E00022F0B2F8384625491723324603F09AF9AF
:1081F0000FAB07CB1B7884F82030A1610E9B0D9943
:108200000C9FE261251D139A6061C4E9031328469F
:10821000A760626203F0D0F8D8B1194919481AF082
:10822000A5FF314617481BF09DF8174800F09CFD4C
:10823000164928461BF026F8284603F04BF815B0DF
:10824000F0BD134B0FCB07AE354607C50BAF2B70F8
:10825000C8E710490B481BF015F8314609481BF0D8
:1082600081F815B0F0BD00BF206C0020DD7D02005C
:10827000586B0020A86B00204CCA0400B06B002093
:1082800094CA040060780020B8CA0400D8CA040068
:1082900058CC040058CA040070B52DED028B0E783E
:1082A0008D784C78CB78A6F1300101EB8106303C1B
:1082B000A5F1300104EB460401EB8101303B03EBF7
:1082C0004103E4B2C4EB0411DCB204EB810457496E
:1082D00090F8F030A4B2A1FB041482B00546164613
:1082E000A40823B1B0F9F230A34200F09180B5F8B0
:1082F00008314F48002B6AD101F0ACFF07EE900A1D
:10830000B8EE678AB5EEC08AF1EE10FA40F28580C9
:10831000B5F8F4209FED476A9FED477A07EE902A63
:10832000F8EE677AF6EE006A67EE867A67EE887A8C
:10833000F4EEC77AF1EE10FA88BFF0EE477A77EEE6
:10834000A67AFCEEE77ACDED017A9DF8043085F847
:10835000F6303A49A5F8F82039481AF007FF0A2202
:1083600095F8F61036481BF067F9364934481AF08C
:10837000FDFE18EE100A20F08BFB41EC100B0221E1
:108380002F481AF04FFF30492D481AF0EFFEB5F88C
:1083900000112B480A221BF0B9F92C4928481AF081
:1083A00071FF27480CF04CFC70BB00230120A5F89E
:1083B000F240A5F8F430A5F80031C5F80431A5F86D
:1083C000083185F8F00002B0BDEC028B70BDD5ED30
:1083D000417AF8EE676A07EE903AF8EE677AB6EE01
:1083E000007A86EEA78A78EE077AFCEEE77A17EE37
:1083F000901A01F031FFB5EEC08AF1EE10FA87DC79
:10840000B5F8F4200023A2E70D480CF01FFBCCE7E1
:10841000002002B0BDEC028B70BD304601F048F97F
:108420009FED0B8A20EE088AE5E700BFCDCCCCCCCF
:10843000586B00203EC3AE390000C84268CC04002F
:1084400060780020A0CC0400C0CC040090DD0400C3
:1084500000007A442DE9F04F0446ADF50D7D00682B
:10846000B4F864509DF85862339601308946164638
:108470001D932060002D00F06C81236EB3FBF5F599
:10848000EBB21E933093B4F88630002B00F0688175
:10849000B4F86630B4F86820B4F86A10B4F8840010
:1084A000934236BF134600220122994288BF0B46F1
:1084B000B4F86C1088BF02228B4238BF0B46B4F868
:1084C0006E1038BF03228B4238BF0B46B4F87010D1
:1084D00038BF04228B4238BF0B46B4F8721038BF45
:1084E00005228B4238BF0B46B4F8741038BF062201
:1084F0008B4238BF0B46B4F8761038BF07228B4248
:1085000038BF0B46B4F8781038BF08228B4238BF0A
:108510000B46B4F87A1038BF09228B4238BF0B469D
:10852000B4F87C1038BF0A228B4238BF0B46B4F82F
:108530007E1038BF0B228B4238BF0B46B4F8801038
:1085400038BF0C228B4238BF0B46B4F8821038BFBC
:108550000D228B423CBF0B460E22984294BF104620
:108560000F2001F095F839AF03460546C24A384658
:10857000082121F0E9FE2BB21F930822494600256D
:1085800004F1880021F08DFF062284F890503146D6
:1085900004F1910021F085FF1E9A94F8583084F878
:1085A00098201F9A84F89750A4F89A20002B40F046
:1085B000E280B24B0DF1EC081B68A8F800301A0CF1
:1085C000ADF8F430ADF8FC301D9B8DF8EE200DF1C8
:1085D000F40B0DF1FC0A8DF8F6208DF8FE20002B2F
:1085E00000F0F18037AB31931846A34A94F8F63087
:1085F000062121F0A9FE01232F93002335930025A6
:1086000036939F488DF8D35035A936AA0DF1D30380
:1086100002F0FCFD002840F0E28094F8293094F844
:108620002A20206B2093219220F032FA02460B463A
:10863000606B2568CDE9222320F02AFA02460B461A
:10864000E06B218F2A91CDE9242320F021FA024604
:108650000B46206CCDE9262320F01AFAB4F844C06A
:10866000CDF8ACC0B4F846C0CDF8B0C0B4F830C155
:10867000CDF8B4C002460B46B4F8F4C0B4F800110B
:108680008048CDF8B8C0CDE92823329101F0E2FD51
:108690009DED227B8DED047B9DED267B8DED0A7B90
:1086A0009DED247BCDE900968DED067B2199209BE5
:1086B000039184462A98089002932B462D9DB4F886
:1086C000F8E017952B9D0E959DED287B319D2E9EF4
:1086D00016952F9D329918962C9E19918DED0C7B35
:1086E000CDF868C00F96CDE914A5309D664A119764
:1086F000CDE9128B41A84FF4967104F1040910954D
:10870000CDF86CE021F020FE484602F055FE00282E
:1087100040F0C0805D4841A91AF024FE5B480CF08F
:108720008FFA002840F0A3800023A4F830311D9B6D
:10873000002B68D1002104F1660020222166A4F8F4
:108740006410A4F886100DF50D7DBDE8F04F20F003
:1087500075BFB4F8863030951E95002B7FF498AE27
:10876000464B39AF1B683B801A0C4FF0FF338DF836
:10877000E6201F9301E7E06C20F08AF90DF1EC0888
:10878000CDE90001424A0821404621F0DDFD206D7F
:1087900020F07EF90DF1F40BCDE900013C4A0821EF
:1087A000584621F0D1FD606D20F072F90DF1FC0A00
:1087B000CDE90001364A5046082121F0C5FD1D9B38
:1087C000002B7FF40FAF2D4B37AA1B683192114657
:1087D0001A0C0B801D9B8DF8DE202F930DE79DF862
:1087E000D320DDED360A9DED350A3146484601F0CD
:1087F000C5F9359B369AC4F8A0300123C4F8A420EB
:1088000084F89C3009E7012384F80A3117F054FBFF
:10881000236BC4F8103194F85830626BC4F81421FB
:10882000C830C4F80C01002B40D10023B4F8462016
:10883000DDED1E7AC4F8183107EE102A1F9B94F85C
:10884000AC20B8EE477AF8EE677A23EAE373A4F82F
:108850001C3184ED497AC4ED487A4AB3D4F8B42087
:10886000D4F8EC30C4F82821C4F82C3162E707486A
:108870000CF0ECF858E700BFE4CC04006CC704002F
:10888000A86B0020586B0020F0CC0400607800201A
:10889000E8CC040041A948461AF064FD339B002B44
:1088A0003FF438AF484602F015FD33E7636DBDE78E
:1088B0000022D5E791F82030002B6CD02DE9F0474D
:1088C0002DED028B4B7880F829308B7880F82A3098
:1088D000012380F84830026EB0F864300D46C97844
:1088E00004460A440133A888226688B0A4F864309C
:1088F000002940D1B14801F0A5FC03AA034605A90F
:10890000AF4802F0F9FB064670BB0746B4F8F430F6
:1089100094F8FA200133A4F8F430002A40D101235E
:1089200084F8FA3017F0C8FAB4F83031C4F8FC0013
:1089300001332046A4F830312946FFF7C9FAA1488F
:108940000CF07EF940BB2B78043B0A2B3ED8DFE8C5
:1089500013F0EE00E800E2003D00DC00D500CF009F
:108960003D003D003D0073006A7803A92046FFF7F3
:1089700093FC0746CAE700F07BFE00B204EB400020
:10898000B0F866300133A0F86630B4F886300133B1
:10899000A4F88630AEE770478A480CF057F8D2E763
:1089A00017F08AFAD4F8FC30A0EB030840F6B8338D
:1089B000984500F2C280D4F80401B4F8083140446C
:1089C0000133C4F80401A4F80831ABE74FF0000903
:1089D000C8467A4801F026FC0546B8B91EB317F020
:1089E0006BFAE065B9F1000F40F0BA80002F18BFB4
:1089F000B846CDF800803B4603AA05A92046FFF7FC
:108A000029FD08B0BDEC028BBDE8F08717F054FAE1
:108A1000E36DC01AA842E1D2B8F1000FDED1002FF9
:108A2000EFD0002EDBD1684966481AF02BFC08B065
:108A3000BDEC028BBDE8F08794F8A880AA8BA4F85F
:108A40004420B8F1000F00F09380B4F8AA309A42A5
:108A5000BCD019B213B25B1A8033594201F07F01C6
:108A600003F07F0394F8AC50A4F8AA2058BF4B42FF
:108A70009BB208EE103A002D00F08980D4ED2D7ADB
:108A80004FF000099FED517AB8EE488A002528EE94
:108A9000078A04F1E00A78EE277AC4ED2D7A17F000
:108AA0000BFA012384F8C830C4F8B000082205A9E5
:108AB00004F1C90021F0F5FC062203A984F8D15085
:108AC00004F1D20021F0EDFCD4F8B43084F8D85091
:108AD000C4F8DC305046092205A921F0D0FC00285A
:108AE0004DD1D4ED3B7A38EE278A84ED3B8A70E78E
:108AF000EB6863634FF00009C8466AE7EB8BA4F8A4
:108B000046304FF00009C84663E7AB6823634FF077
:108B10000009C8465DE72B8A23874FF00009C84645
:108B200057E7AB6923644FF00009C84651E76B690A
:108B3000E3634FF00009C8464BE7B4F8003124491D
:108B400020480133A4F800311AF010FB41460A22F4
:108B50001C481AF059FD1F491A481AF093FBE1E628
:108B60001D4918481AF08EFB1C4800F0FDF83DE73F
:108B70000123A4F8AA2084F8A830C14629E750466A
:108B8000082205A921F08DFC84F8E850ADE7012307
:108B900084F8AC30082205A904F1B80021F081FC6A
:108BA00084F8C050062203A904F1C10021F079FC29
:108BB000C146DFED0B7A84F8C75063E7586B00209D
:108BC000A86B002060780020BCCD0400CDCC4C3ECA
:108BD00044CD040060CD0400FCCD040028CE040088
:108BE0000000000030B590F8AC3083B0044633B9D3
:108BF00001F08EF894F80A3143BB03B030BD17F092
:108C00005BF9D4F8B0202F4B801A9842F0D394ED42
:108C10002D0AF2EE047A20EE270A1FF0A3FD2A495E
:108C200005462A481AF0A2FA0A22294627481AF0CD
:108C3000C5FC2748294600F0D5F8002384F8AC305D
:108C400001F066F894F80A31002BD6D017F034F909
:108C5000D4F80C319842D0D300231E4884F80A314E
:108C600001A9019302F0D8FA60B91B4917481AF01C
:108C700009FB16480BF0E4FF0028BED013480BF0A8
:108C8000E5FEBAE7154911481AF0FCFA0F480BF057
:108C9000D7FF98B994ED4B3AD4ED4A2A94ED492A7E
:108CA000D4ED481AB4F81C1194ED461AD4ED450AD7
:108CB00094ED440A019801F097F89EE703480BF001
:108CC000C5FEE7E740771B00DCC9040060780020A0
:108CD0001CCA0400A86B002040CE040094CE0400FF
:108CE00070B58AB000F05AFBE8B1154A1549164C28
:108CF000172301A802F016FC05AB0FCB029D65609F
:108D000004F1100507C5DDE90361099A2B702046BF
:108D1000C4E90261226202F04FFB50B10B4B012209
:108D20001A700AB070BD0A490A481AF0ABFA0AB0C4
:108D300070BD094907481AF0A5FA0AB070BD00BF16
:108D40002CCF0400B06B0020F86800201C690020C4
:108D5000E4CE04006078002038CF0400014802F01F
:108D600013BB00BFF8680020174B1B7803B970478E
:108D700010B5044686B0154801F064FA01AA03460E
:108D800003A9134802F0B8F9C0B103A911481AF0B9
:108D90001BFA11490F481AF0E9F90E4801A91AF017
:108DA00013FA0E490B481AF0E1F9214609481AF066
:108DB00069FA084802F08EFA06B010BD0849054865
:108DC0001AF0D4F9EDE700BF1C690020586B0020B1
:108DD000A86B0020F868002028D20400E0C8040036
:108DE00078CF04001C4B1B7803B9704730B505469B
:108DF00087B01A480C4601F025FA01AA034603A9D8
:108E0000174802F079F908B303A916481AF0DCF9FB
:108E1000154914481AF0AAF9124801A91AF0D4F910
:108E2000124910481AF0A2F929460E481AF09EF984
:108E30000F490C481AF09AF921460A2209481AF0FB
:108E4000BDFB084802F046FA07B030BD09490548A5
:108E50001AF08CF9E4E700BF1C690020586B002071
:108E6000A86B0020F868002028D20400E0C80400A5
:108E700008D4040078CF0400084B1B7863B170B4A9
:108E8000074D084C2E68084D0660246828780C6051
:108E9000107070BC18467047184670472C69002047
:108EA00020690020246900202D690020014810F06D
:108EB0000FB900BF3069002008B5012002F0E0F8CA
:108EC00030B9114A114B012118601170012008BD01
:108ED0000F4801F0ABF901460E481AF03BFD0E4871
:108EE00001F03AFC0C4801F07FFC074B00221A709D
:108EF00016F0E2FF054B0949024609481A601AF0CC
:108F0000C1F9012008BD00BF2E690020286900209A
:108F1000586B0020646A0020746B00208CCF040022
:108F2000607800202DE9F047DFF83C8398F8004096
:108F3000012C8EB000F09C81B34DB44FB44E284646
:108F40001AF098FC0346002B284619DD1AF09AFC0B
:108F5000C4B22146384610F03FFC0D2C7FD00A2CBD
:108F60007DD03378AB49582B03F10102E7D828466E
:108F7000CC5432701AF07EFC0346002B2846E5DC08
:108F8000A24C94F8383063B194F84830002B40F08C
:108F9000248194F88860002E7CD135464FF0FF394B
:108FA0000DE0002694F88850002D74D194F84830D4
:108FB000002B6CD00023D4F84C9084F84930964FA5
:108FC000DFF8A8A23B684B4503D19AF80030AB42CA
:108FD00034D0924992481AF0C9F894F84830002BDE
:108FE0006ED0904810F0DCFC0A2201468C481AF042
:108FF00023FB8D498A481AF0B9F88A4810F0DCFC46
:109000000A22014686481AF017FB874984481AF05D
:10901000ADF8844810F0E8FC0A22014680481AF0B6
:109020000BFB82497E481AF0A1F87D480A222946A6
:109030001AF03CFBC7F800908AF8005026B17C4833
:1090400001F0FCF8A8425ED97A4C16F035FF226890
:10905000794B801A984238D80EB0BDE8F0876D4C35
:109060003378764900222046002B3FF468AFE25463
:1090700021F04EFA0346724969482BB11AF076F88E
:10908000674821461AF06EF90023337057E74FF016
:10909000FF3994E7002616F00FFFD4F88C30C01A81
:1090A000B0F5FA6F9CBF002384F8893094F84830FB
:1090B00094BF94F890500025002B7FF47BAFE6E737
:1090C000604957481AF052F8ABE75F4954481AF024
:1090D0004DF829460A2252481AF0E8FA5B48FFF791
:1090E00043FE012001F0D8FF47481AF079FB5848A9
:1090F00001F04CFB012388F8003016F0DDFE206003
:109100000EB0BDE8F0872378002B40F0E180514895
:1091100010F016FC01464F48079110F021FC024662
:109120004C48069210F030FC03463E48059310F080
:1091300037FC06463B4810F03FFC0446394810F027
:1091400053FCDDE9053207990290CDE900640AA8D5
:1091500010F062FE0AA810F0ABFE3F49044630480A
:109160001AF004F829460A222D481AF09FFA002323
:1091700009A8099301F0ACFC214605460CA810F0A3
:1091800055FD0CA801F0BAFC002D00F09D80099B54
:1091900032492348E41A19F0E9FF21460A222048FF
:1091A0001AF0C4F92E491E481AF06CF82D482146D1
:1091B000FFF718FE012001F06FFF13481AF010FBB3
:1091C000234801F0E3FA012388F8003016F074FE1A
:1091D000184B18600EB0BDE8F08716F06DFE636C9A
:1091E000C01AB0F5FA6F3FF6DCAE94F84830002BA9
:1091F0003FF4CFAE16F060FE666D801BB0F5FA6FDF
:109200008CBF00260126CDE6646A0020306900206C
:10921000626A0020086A002004600020F0CF040089
:10922000607800207869002000DC040018D0040079
:10923000586B0020286900209FBB0D00D8CF040088
:10924000DCCF04000CD00400F0D0040030D10400C6
:10925000746B0020686900202CD0040058D00400F2
:1092600088D004008CD004002E6900200860002003
:10927000284D16F021FE2A68274B801A98427FF667
:10928000EBAE2649264819F0FDFF204601F0F8FE16
:1092900000283FF4E1AE234800F0C8FF0146224811
:1092A0001AF058FB214801F057FA204801F09CFAC7
:1092B000002388F8003016F0FFFD1D4903461848CA
:1092C0002B6019F0DFFFC7E61A48FFF74DFD71E785
:1092D00016F0F2FD636BC01AB0F5FA6F3FF617AFE8
:1092E0001548164E164C10F0DBFA51EC100B1FF01F
:1092F000FFFE03461048336010F0FAFA51EC100BF1
:109300001FF0F6FE0F49104B206001220D701A70FD
:10931000FDE600BF28690020FF5B2605A8CF0400FA
:1093200060780020586B0020646A0020746B002075
:109330008CCF0400C4D004003069002020690020D4
:10934000246900202D6900202C69002001481AF0B2
:109350002DBD00BF646A00200248FF2204211AF0DC
:1093600019BD00BF4C99002010B5094C237803B1FA
:1093700010BD08220721074807F0DEF9054807F06D
:1093800061F90549034807F0B9F90123237010BDBD
:109390000C6B0020306E0020A0860100144A38B506
:1093A000147814B1134B187838BD012529460320D1
:1093B000157019F0DFFD2946032019F05FFE2246E3
:1093C0002B4602210C480B4C07F022FC0A4807F000
:1093D00073FB0A490A48032201F0F6FF20700028B7
:1093E000E2D10849084819F04DFF207838BD00BF88
:1093F0000E6B00200D6B0020A86F002000093D00BF
:10940000B06B002054D104006078002000B583B018
:1094100009230093044905480A2328221AF090FCE6
:1094200003B05DF804FB00BF00800240646A0020C6
:10943000254870B54FF4E13105460BF0E9FB0121F9
:109440000B2019F097FD00210B2019F017FE16F0E4
:1094500033FD40F6B736044608E016F02DFD001B3C
:10946000B0424FF00A0006D816F032FD28460BF045
:10947000E7FB0028F1D01549134819F003FF144801
:1094800001F056F901F0D4FB124801F0D3F812486C
:1094900001F00CFEFFF724FC00F01CFB0F48FFF767
:1094A00063FC0F48FEF724FE0E4800F093FA0E48C6
:1094B000FEF7A0FB074800F0D1FE00B970BDBDE883
:1094C0007040FEF795B900BF6078002080D104009D
:1094D000746B0020586B0020A86B0020A4D10400FE
:1094E000C4670020106B0020106700202DE9F041B8
:1094F00098B001F0A7FB534801F0FCFD524800F082
:10950000ADFEB0B95148FEF7ADFB504803A9FEF7D8
:1095100051FC002850D14E4800F06AFA4C48694688
:1095200000F02EFA40B94B48FFF75CFB18B0BDE8DD
:10953000F081FDF7C9FEE5E768460FA900F0C6F81F
:10954000054600283DD00FA94248FFF7B3F941482E
:10955000FEF7C4FD404A0346202107A820F0F4FE90
:109560003E4807A919F030FE9DF80830002B56D070
:1095700000253A4E3A4FDFF8F4802B460BE01AF004
:109580005BF83946304619F0F1FD01359DF80820A9
:10959000EBB29A4243D918AAD418304614F8601C8A
:1095A0000F294FF01002EAD8414619F0DFFD14F8F8
:1095B000601C10223046E2E7264803A9FEF734FD7E
:1095C000A9E72849254819F05DFE2749234819F0E5
:1095D000FBFD9DF8083013B3204E214FDFF88C803F
:1095E0002B460BE01AF028F83946304619F0BEFD3C
:1095F00001359DF80820EBB29A4210D918AAD41868
:10960000304614F8601C0F294FF01002EAD841468A
:1096100019F0ACFD14F8601C10223046E2E70F4848
:1096200019F080FE0D480BF00BFB00283FF47BAFD8
:109630000A480BF00BFA0748FFF7D4FA18B0BDE858
:10964000F08100BFA86B0020586B0020106700203D
:10965000106B0020C4670020C0D104006078002097
:1096600028D20400DCD1040004D2040070EA040013
:1096700007EE900AB8EE670ADFED047A08B520EE2F
:10968000270A1FF06FF800F00F0008BD610B363D90
:1096900007EE900A9FED057AF8EE677A67EE877A13
:1096A000FCEEE77A17EE903A98B270470000B441AA
:1096B00007EE900A9FED047AF8EE677AB0EE040A9E
:1096C000A7EE870A704700BF0000803D002370B5F9
:1096D00081F82030427A0C46002A63D0027A002AB0
:1096E00060D0013A50FA82F1451E41F2210228E091
:1096F0005B009EB21BB2002B2FDB7600B3B236B2FA
:10970000002E30DB5E00B3B236B2002E31DB5E00DD
:10971000B3B236B2002E32DB5E00B3B236B2002EE8
:1097200033DB5E00B3B236B2002E34DB5E00B3B280
:1097300036B2002EACBF5B0082EA4303A9429BB263
:109740002ED015F8016F83EA06231E04D0D582EAD5
:10975000430633B2002BB6B2CFDA82EA46031EB21A
:10976000002E9BB2CEDA82EA43031EB2002E9BB2D9
:10977000CDDA82EA43031EB2002E9BB2CCDA82EA33
:1097800043031EB2002E9BB2CBDA82EA43031EB221
:10979000002E9BB2CADA82EA43031EB29BB2C8E72C
:1097A000002B5FD103789FED687A1A092270037845
:1097B000C3F3C003A370037803F0070363708378D7
:1097C00007EE903AF8EE677A67EE877AFCEEE77A72
:1097D00017EE903AE370417949B15C4D4FF4AB73A9
:1097E00003FB01F3A5FB0313DB0903F10901931E3E
:1097F000A1800C2B2BD8DFE803F0262A8C07752AD2
:109800003B51602A2A2A7000C3780179FF2B00F0AF
:109810009380C1F30112C2EB421002EB800203EB12
:1098200042039BB2002B00F0878007EE903A4B0674
:10983000F8EEE77A4CBFDFED466ADFED466A86EE6A
:10984000A77A84ED067A012084F8200070BD424991
:10985000424819F08BFC21784048102219F026FF6D
:10986000002070BD3E493D4819F00CFD002070BD40
:10987000C27803799FED3B6A9FED3B7ADFED3B6A4F
:1098800043EA02231BB207EE903AF8EEE77AA7EE1E
:10989000867A67EE267AC4ED027AD4E7C3789FED24
:1098A0002A7A07EE903AF8EE677A67EE877AFCEE4E
:1098B000E77A17EE903AE383C5E70279C3789FED24
:1098C0002C7A121143EA022307EE903AF8EE677AF7
:1098D00067EE877AC4ED037AB5E7C37803F07F03B8
:1098E000A383B0E7B0F80330C2785BBAFF2A9BB21B
:1098F00028D09B0907EE903A9FED1E7AF8EE677A22
:1099000067EE877AFCEEE77A17EE903A9BB22382F5
:1099100099E7B0F80330C2785BBAFF2A9BB20ED049
:109920009B0907EE903A9FED147AF8EE677A67EE9E
:10993000877AC4ED057A86E79FED107A81E7DFED3F
:109940000F7AF6E70023E2E7DAFECD3F81808080E0
:10995000000034460000344460D2040060780020E7
:109960002CD20400CDCCCC3B000000C2E4380E3F2A
:10997000CDCCCC3D0C04E13F0AD7A33C0000000055
:10998000437B9BB100F10802914230B401D288427E
:109990000ED342680A6082684A60082501240022CA
:1099A0000D724C72427330BC1846704718467047AF
:1099B00002790A7042794A7082798A70C279CA70D3
:1099C000027A0A71427A4A71827A8A71C27ACA71BB
:1099D000E3E700BF10B50446FFF7BEFC03484FF4B1
:1099E000965119F0B7FF0023A38110BD4C990020B8
:1099F0002DE9F843037B04468BB12D4BDB68D8017E
:109A00003ED417F071FC2B4BA0FB0301830A43EA01
:109A10008153216845F261125B1A93423CD8264D6E
:109A2000234EDFF89080254F0EE03B68DB0719D509
:109A30007A689209237B2260E2180133DBB2082B9B
:109A400082F80490237317D0284619F013FF0346B9
:109A5000002B28460EDD19F015FFF368DA015FFAD6
:109A600080F9E2D417F040FCA0FB0801820A42EA28
:109A70008152DFE7BDE8F8834FF48073A381E3E709
:109A80000E4B1A68D107BCD55B6821689B0945F26B
:109A900061125B1A9342C2D909490A4819F066FB60
:109AA000217B08480A2219F001FE00232373B6E740
:109AB000F0ED00E040420F004C990020001000E063
:109AC00088D2040060780020014801F05DBC00BF2E
:109AD000206B00202DE9F0418AB0FFF75FFC30B326
:109AE0001E491F481F4C01F087FD1C4A1C491723C3
:109AF000804601A801F016FD05AB0FCB04F110055F
:109B000007C5DDE902760499099A2B702046C4E95D
:109B10000176E160226201F04FFCB8B1B8F1000FAC
:109B20000CD0114B01221A700AB0BDE8F0810F4928
:109B30000F4819F0A7FB0AB0BDE8F0810D49204697
:109B400019F0A0FB204601F0C5FBEAE70A490848E6
:109B500019F098FB0AB0BDE8F08100BF30D30400D3
:109B6000B06B0020206B0020446B0020D4D2040096
:109B70006078002084D3040040D30400334B1B786A
:109B8000002B61D02DE9F047DFF8D480DFF8D490C6
:109B900098F8003010EE104A10EE905A0F46164614
:109BA0008BB1D9ED007ADFF8C0A0F4EE407AF1EE87
:109BB00010FA0AD1DAED007AF4EE607AF1EE10FADA
:109BC00003D1BDE8F087DFF8A0A00146204819F0D6
:109BD000FBFA20491E4819F0C9FA39461C4819F009
:109BE000F3FA1C491A4819F0C1FA20461EF050FF3A
:109BF00041EC100B0521164819F014FB15491448C7
:109C000019F0B4FA28461EF043FF41EC100B052171
:109C10000F4819F007FB0F490D4819F0A7FA314614
:109C20000A220B4819F042FD094801F053FB0123B9
:109C3000C9F80040CAF8005088F8003006490748C3
:109C4000BDE8F04719F01EBB704700BF446B002011
:109C5000206B0020B0D30400B4D30400607800204F
:109C6000506B0020486B00204C6B00202DE9F04128
:109C700005460C4620482149164619F077FA294630
:109C80001D4819F0A1FA1E491B4819F06FFA314618
:109C900019480A2219F0C4FC1A49174819F066FA43
:109CA00026B32644144D184FDFF86080013E013C76
:109CB00007E019F0C1FC3946284619F057FAB442BA
:109CC00014D014F8011F0F294FF010022846F0D8C5
:109CD000414619F04BFA21781022284619F0ACFCC5
:109CE0003946284619F042FAB442EAD1BDE8F041BB
:109CF000014819F017BB00BF60780020E4D30400CE
:109D0000FCD3040000D4040028D2040070EA04004C
:109D1000F0B52A4F3B7891B00BB911B0F0BD28488F
:109D200019F0A8FD002832DD254D6E46002406E01E
:109D3000402C0BD019F0A6FD06F8010B0134284683
:109D400019F098FD0346002B2846F1DC1D482246F9
:109D50006946FFF78BFF1C491C4819F093FA1B4812
:109D60000AF06EFF78B91A48FEF7FEFF144819F0A2
:109D700037FD184800F038FD022001F08DF900236E
:109D80003B7011B0F0BD11480AF060FEEBE716F031
:109D900093F8114A114B1268801A9842BDD91049A4
:109DA0000A4819F06FFA09480AF04AFF08B90D4845
:109DB000DAE706480AF04AFEF9E700BF516B0020D7
:109DC000646A00200CD404002CD4040060780020C5
:109DD00070D40400746B0020546B00201FBF02007D
:109DE0008CD40400D8D404002DE9F047DFF8489261
:109DF0002DED088B99F80040A6B0002C40F0B38000
:109E0000074602208846B0EE408AF0EE608AB0EE47
:109E1000419AF0EE619AB0EE42AAF0EE62AAB0EE7C
:109E200043BA01F02DF978B3764800F003FA014601
:109E3000754819F08FFD754800F0C2FC734800F0BA
:109E4000A5FC04A8012303AA0821039400F0C8F983
:109E5000002840F0B08016F02FF86B4E82460024A8
:109E600016F02AF8A0EB0A03F92B2AD8651E06ABD8
:109E70001D443F2C18D9304619F0FCFC0028304610
:109E8000EEDD19F0FFFCF6E76149624819F0FAF9D6
:109E900060480AF0D5FE00286BD10024204626B089
:109EA000BDEC088BBDE8F087304619F0E3FC0346B3
:109EB000002B3046D4DD19F0E5FC013405F8010F24
:109EC000D7E7002C40F094800024CDF80080B0EE5D
:109ED0004B3AF0EE6A2AB0EE4A2AF0EE691AB0EE7A
:109EE000491AF0EE680AB0EE480A3B4604AA8021FF
:109EF00006A8049400F0A2F8044600283DD0049D72
:109F00004148942119F0D8FCC3213F4819F0D4FCF2
:109F1000C5F307213C4819F0CFFCE9B23A4819F0E3
:109F2000CBFC2A4606A9384819F0EAFC3A482A46EA
:109F300006A9FFF79BFE3949364819F0A3F93548C1
:109F40000AF07EFE88B93648FEF70EFF012389F835
:109F5000003015F0B1FF334B1860204626B0BDEC41
:109F6000088BBDE8F08730498FE72A480AF06EFD7C
:109F7000E9E728480AF06AFD8FE72C49254819F0DF
:109F800081F924480AF05CFE002837D12848FEF702
:109F9000EBFE1D4819F024FC1C4800F025FC0220B3
:109FA00001F07AF80023204689F8003026B0BDEC95
:109FB000088BBDE8F087039C1348942119F07CFCC2
:109FC000C321114819F078FCC4F307210E4819F099
:109FD00073FCE1B20C4819F06FFC224604A90A4850
:109FE00019F08EFC0C48224604A9FFF73FFE32E729
:109FF0001048224606A9FFF739FE65E705480AF032
:10A0000025FDC3E7586B0020646A0020746B0020B4
:10A0100044D50400607800208CD5040028D60400C4
:10A0200074D60400546B0020F4D40400B0D50400AE
:10A03000FCD5040090D50400516B00202DE9F041BF
:10A040002DED088BE0B005460E46144603A83022DD
:10A0500017A9F0EE60AAB0EE41AAF0EE619AB0EE58
:10A06000429AF0EE628AB0EE438A1F46BDF8B8818C
:10A070008DED010A00F0CEFB9DED010A9FED57BA70
:10A0800003A8012100F014FCB0EE6A0A03A8022123
:10A0900000F00EFCB0EE4A0A03A8032100F008FC11
:10A0A000424603A80D2100F0BBFB29EE8B0A03A852
:10A0B0000E2100F0FDFB29EE0B0A03A8102100F091
:10A0C000F7FBB0EE680A03A8132100F0F1FBB0EE35
:10A0D000480A03A8142100F0EBFB07A8402223A99B
:10A0E00000F098FB3A46012107A800F033FC03A8D2
:10A0F00000F0ECFC019003A800F0E4FC019A034698
:10A10000032107A800F076FC0BA8502233A900F029
:10A1100081FB432201210BA800F082FB07A800F07D
:10A12000D5FC019007A800F0CDFC019A034602215E
:10A130000BA800F05FFC0FA8642247A900F06AFB9F
:10A140000FA84FF0FF32022100F004FC002203218F
:10A150000FA800F065FB0BA800F0B8FC01900BA85D
:10A1600000F0B0FC019A034604210FA800F042FC65
:10A170003246294613A800F04DFB0FA800F0A6FCBC
:10A1800001900FA800F09EFC019A0346012113A83C
:10A1900000F030FC13A800F095FC206003A800F04C
:10A1A00093FC28B1002060B0BDEC088BBDE8F081C5
:10A1B00007A800F089FC0028F4D10BA800F084FC6B
:10A1C0000028EFD10FA800F07FFC0028EAD113A8E7
:10A1D00000F07AFC80F00100C0B2E4E7E4388E3E83
:10A1E00070B50E4684B01D46014614466846324698
:10A1F00000F010FB2A460321684600F011FB684678
:10A2000000F060FC2060684600F05EFC80F0010019
:10A21000C0B204B070BD00BF90F90000704700BF2D
:10A2200001707047406870474160704780687047B0
:10A2300081607047C0687047C1607047007C70479C
:10A2400001747047407C704741747047807C704750
:10A25000817470474069704741617047007E704764
:10A260000176704710B58AB00446FFF797F80028CA
:10A2700072D03C493C4801F00BFB01A8394A3A49ED
:10A28000172301F04FF901A801F096F800285DD0DE
:10A29000364901A818F06AFF94F900100A2201A8B3
:10A2A00019F066F9324901A818F060FF61680A22C6
:10A2B00001A819F0C9F92F4901A818F057FFA168A2
:10A2C0000A2201A819F0C0F92B4901A818F04EFF85
:10A2D000E1680A2201A819F0B7F9284901A818F085
:10A2E00045FF217C0A2201A819F0E0F9244901A8C0
:10A2F00018F03CFF617C0A2201A819F039F92149C4
:10A3000001A818F033FFA17C0A2201A819F030F946
:10A310001D4901A818F02AFF61690A2201A819F055
:10A3200093F91A4901A818F021FF217E0A2201A8F9
:10A3300019F01EF901A800F0CDFF01A801F030F8D6
:10A340001349144818F09EFF0AB010BD1249114875
:10A3500018F098FF0AB010BD10490E4818F092FF8F
:10A360000AB010BDECD60400B06B002038D7040052
:10A370003CD704004CD7040058D7040064D704002D
:10A3800070D7040080D704008CD70400A0D7040045
:10A39000ACD7040060780020F8D60400A8D60400EA
:10A3A0002DE9F04F9FB0FEF7F9FF002800F09780ED
:10A3B0008A498B4801F020F9002870D001A8874A0B
:10A3C0008749012301F0AEF801A800F0F5FF00284D
:10A3D00000F09580834FDFF85082DFF85092DFF86D
:10A3E00050A201A800F024FF00285FD00AAD2E463D
:10A3F0000024272C07D163E000F038FFC0B20A2800
:10A4000008D00D2860D101A800F012FF0346002BF0
:10A4100001A8F1DC1EAB1C44002604F8506C9DF82A
:10A420002830232BDDD0002BDBD03D2128461FF028
:10A43000EEFF04460028D4D0421B5FFA82FB294677
:10A440005A4614A820F02DF81EAB03EB0B02601C3B
:10A4500002F8286C1FF04AF8BDF8502045F6542346
:10A460009A42044634D0149BBB423DD0149B4345D2
:10A470004AD0149B4B454ED0149B534572D05A4B37
:10A48000149A9A4252D0149B4B4576D0574914A83F
:10A490001FF0CAFF00287AD1554B5C61A1E75549EE
:10A4A000554818F0EFFE1FB0BDE8F08F01A800F08E
:10A4B00077FF5249504818F0E5FE1FB0BDE8F08F15
:10A4C00001A800F0B5FEA5E706F8010B013490E7FE
:10A4D0009DF85230002BC6D1454B187081E7484992
:10A4E000454818F0CFFEDEE7464B159A9A42BDD19B
:10A4F000454B169A9A42B9D13D4B5C6071E743498E
:10A500003D4818F0BFFECEE7414B159A9A42B0D1B4
:10A51000374B9C6065E73F4B159A9A42ACD19DF84A
:10A520005830002BA8D1324BDC605AE703F1BE63F0
:10A53000159A03F5433303F502739A42A3D103F14D
:10A540005063169A03F5602303F2F9239A429AD1D5
:10A55000BDF85C30432B96D1201E254B18BF01203F
:10A5600058743EE72C4B159A9A4288D1BDF8583062
:10A57000542B84D11E4B1C7433E7284B159A9A42F6
:10A5800084D1201E1A4B18BF0120987429E7149B10
:10A59000234A934208D02349174818F0E7FD14A92D
:10A5A000154818F0DFFE1CE702F1DF62159B02F58B
:10A5B0009E2202F20C529342EDD1BDF8582044F293
:10A5C00045439A42E7D19DF85A30002BE3D1201E33
:10A5D000074B18BF0120187603E700BFECD6040034
:10A5E000B06B00204C4F47494441544130D90400DE
:10A5F000586B002028D8040060780020B8D80400E8
:10A60000DCD704004E54455256414C0078D8040023
:10A610004155440042415544494E5341555443002D
:10A62000424C454550D90400475053424D4553488C
:10A630004750534D38B547F230524FF416534FF44C
:10A64000164501214260836004220023C5602E4D1F
:10A65000837443610446027002820176FFF7A0FE14
:10A660002A49284618F082FD94F900100A2228464B
:10A6700019F04CF82649284618F078FD61680A223E
:10A68000284618F0C1FF2349284618F06FFDA1683D
:10A690000A22284618F0B8FF1F49284618F066FD20
:10A6A000E1680A22284618F0AFFF1C49284618F036
:10A6B0005DFD217C0A22284618F0BEFF1849284675
:10A6C00018F054FD617C0A22284619F01FF815493C
:10A6D000284618F04BFDA17C0A22284619F016F8EE
:10A6E0001149284618F042FD61690A22284618F0EF
:10A6F0008BFF0E49284618F039FD217E28460A2294
:10A70000BDE8384018F034BF6078002084D90400D8
:10A7100094D90400A8D90400D0D90400E0D90400D9
:10A72000F0D9040004DA040014DA04002CDA04007E
:10A7300008B50121052018F01DFC0121052018F0A5
:10A740009DFC0121062018F015FCBDE80840012100
:10A75000062018F093BC00BF08B5052018F0ACFC2B
:10A7600000B908BD0021052018F088FC04490548FF
:10A7700018F088FDBDE808400348FEF7F5BA00BFB1
:10A780003CDA0400607800205CDA040008B505209B
:10A7900018F092FC01280CD00121052018F06EFC65
:10A7A0000449054818F06EFDBDE808400348FEF76F
:10A7B000DBBA08BD68DA04006078002088DA04009B
:10A7C00008B5062018F078FC00B908BD0021062065
:10A7D00018F054FCBDE808400149024818F052BD89
:10A7E00094DA04006078002008B5062018F064FCB4
:10A7F000012809D00121062018F040FCBDE80840DE
:10A800000249034818F03EBD08BD00BFB8DA040095
:10A81000607800200023C0E9001283600373704752
:10A82000C9007F2970B4D0E9014312D9012608E09C
:10A830000468E554D0E90143C90901337F298360E5
:10A8400007D9A34261F07F05F2D3C9097F290673B6
:10A85000F7D8A34223D20468E154836844680133E3
:10A860007F2A836012D9012608E00168CD54D0E91F
:10A870000143D20901337F2A836007D9A34262F0E2
:10A880007F05F2D3D2097F2A0673F7D8A3420AD2F2
:10A890000168CA548368013370BC8360704701212A
:10A8A0007F2A0173DFD8012370BC0373704700BF98
:10A8B000C90041F005017F2970B4D0E9012310EEF1
:10A8C000104A12D9012608E00268D554D0E90123C4
:10A8D000C90901337F29836007D99A4261F07F0556
:10A8E000F2D8C9097F290673F7D89A422ED902688F
:10A8F000D154D0E901120132914223468260E4B280
:10A9000024D901688C54D0E901120132914282604D
:10A91000C3F307241AD901688C54D0E9011201321B
:10A9200091428260C3F3074410D901688C54D0E986
:10A930000112013291424FEA1363826006D9016825
:10A940008B548368013370BC83607047012370BCF3
:10A9500003737047C90041F005017F2970B4D0E945
:10A96000014312D9012608E00468E554D0E9014307
:10A97000C90901337F29836007D99C4261F07F05B3
:10A98000F2D8C9097F290673F7D89C422DD90468EB
:10A99000E154D0E90113013399428360D4B224D940
:10A9A0000168CC54D0E90113013399428360C2F3AA
:10A9B00007241AD90168CC54D0E901130133994214
:10A9C0008360C2F3074410D90168CC54D0E9011365
:10A9D000013399424FEA1262836006D90168CA5472
:10A9E0008368013370BC83607047012370BC0373BC
:10A9F000704700BFC900F0B441F00205D0E9016121
:10AA00007F2D0C4615D94FF0010C09E001680F5558
:10AA1000D0E90161ED094C1C7F2D8460214608D9E5
:10AA2000B44265F07F07F1D3ED097F2D80F80CC0AB
:10AA3000F6D8B4423CD201680D55816846684C1C7A
:10AA40007F2B846021463AD91D464FF0010C09E066
:10AA500001680F55D0E90161ED094C1C7F2D846020
:10AA6000214608D9B44265F07F07F1D3ED097F2D67
:10AA700080F80CC0F6D8B4421ED201680D5581682A
:10AA80000131816093B1D418012608E0036815787C
:10AA90005D548168013201319442816006D043687F
:10AAA0008B42F3D8013294420673F8D1F0BC704760
:10AAB00001257F2B0573C7D801240473E2E71D46E7
:10AAC000D9E700BF80687047007B70470068704717
:10AAD00030B5084B1D7883B045B107490446684638
:10AAE0000FF024F868460FF0E3F92060284603B021
:10AAF00030BD00BF756B0020786B0020F8B5224C8C
:10AB0000224F234E0546294622480EF09FFF224938
:10AB1000204618F02BFB29780A22204601F5FA611D
:10AB200018F0F4FD3946204618F020FB69780A2217
:10AB3000204618F081FD3946204618F017FBA97809
:10AB40000A22204618F078FD1449204618F00EFB22
:10AB5000E9780A22204618F06FFD3146204618F0A9
:10AB600005FB29790A22204618F066FD3146204669
:10AB700018F0FCFA697920460A2218F097FDBDE822
:10AB8000F8400748FEF7F0B86078002000DB0400CA
:10AB900000DC0400786B0020DCDA040028D204001A
:10ABA00004DB040030B587B0FEF7DEFB19491A4814
:10ABB0000EF02EFF194B0446187018B316480EF00D
:10ABC0003DFF054630B91649164818F05BFB204694
:10ABD00007B030BD1449134818F054FB002105227A
:10ABE0000123CDE9012100930822022340F2EA71FA
:10ABF00004A80FF011F904A8FFF780FF2C462046A7
:10AC000007B030BD0949074818F03CFB204607B0A3
:10AC100030BD00BF306E0020786B0020756B0020C7
:10AC200094DB0400607800204CDB040028DB040087
:10AC30000249034A00230B7013707047A46B002075
:10AC40007C6B00202DE9F041BF4DC04EC04F28461F
:10AC500009F0C0FE002812DD284609F0E1FEC4B26A
:10AC60000A2C0ED00D2CF2D03378262BEFD85A1C9C
:10AC70002846FC54327009F0ADFE0028ECDCBDE83B
:10AC8000F08133780022FA5413B900233370DEE7E1
:10AC9000B04938461FF054FC80460028F5D0AE4934
:10ACA0001FF0C2FB002800F0B180AC4940461FF005
:10ACB000BBFB002838D0AA4940461FF0B5FB04462C
:10ACC0004046002C40F0D7801FF0D1FB3378013094
:10ACD00040443B44984200F294809E491FF030FC6F
:10ACE00003469C4920461C461FF02AFC002C00F01D
:10ACF0008880002800F085801EF0F8FB2378542B14
:10AD0000804640F0C58063785A2B40F0C180A3781C
:10AD1000002B40F0BD8041B29248FFF781FA924982
:10AD2000284618F0AFFAB0E79049284618F01EFA06
:10AD30008C48FFF771FA22460146284618F0E6FCD7
:10AD40008B49284618F012FA8648FFF76BFA22461C
:10AD50000146284618F058FC8649284618F006FA9D
:10AD60008048FFF763FA22460146284618F04CFC5B
:10AD70008149284618F0FAF97A48FFF75BFA22462B
:10AD80000146284618F040FC7C49284618F0EEF9A8
:10AD90007448FFF753FA22460146284618F04CFC47
:10ADA0007749284618F0E2F96E48FFF74BFA224639
:10ADB0000146284618F0AAFC7249284618F0D6F930
:10ADC0006848FFF743FA22460146284618F09EFCE1
:10ADD0006D49284618F0CAF96248FFF73BFA224647
:10ADE0000146284618F010FC6849284618F0BEF9BC
:10ADF0005C48FFF733FA22460146284618F0B8FBB4
:10AE000043E76349284618F03DFA3EE76149284682
:10AE100018F038FA6049284618F034FA5F49284695
:10AE200018F030FA5E49284618F02CFA5D49284699
:10AE300018F028FA5C49284618F024FA5B4928469D
:10AE400018F020FA5A49284618F01CFA59492846A1
:10AE500018F018FA5849284618F014FA57492846A5
:10AE600018F010FA5649284618F00CFA55492846A9
:10AE700018F008FA09E754491FF0D6FA18B939480A
:10AE8000FFF7F0F901E75149284618F0FBF9FCE615
:10AE90004F4920461FF0C8FA00283AD04D492046B5
:10AEA0001FF0C2FA00283DD04B4920461FF0BCFAE3
:10AEB000002840D0494920461FF0B6FA002800F08B
:10AEC000AB80474920461FF0AFFA002800F0988079
:10AED000444920461FF0A8FA002800F0B9804249F2
:10AEE00020461FF0A1FA002800F0A9803F49204623
:10AEF0001FF09AFA002840F09980B8F1000118BFBD
:10AF000001211848FFF7ACF93949284618F0BAF979
:10AF1000BBE641461348FFF787F93649284618F043
:10AF2000B1F9B2E641460F48FFF782F932492846A7
:10AF300018F0A8F9A9E641460A48FFF77DF92F491C
:10AF4000284618F09FF9A0E660780020A46B002046
:10AF50007C6B002028D20400D8DB0400A8DF0400AA
:10AF600038E00400586B002074E00400ACDF0400FB
:10AF7000BCDF0400CCDF0400D8DF0400E4DF040001
:10AF8000F4DF040008E0040014E0040028E00400FA
:10AF90003CE00400E0DB040004DC040034DC0400DA
:10AFA00070DC0400B4DC0400FCDC040040DD0400C0
:10AFB00094DD0400ECDD040040DE040098DE0400B3
:10AFC000FCDE040064DF04003CE3040044E304000E
:10AFD000ECD80400F8D8040000D904000CD904000F
:10AFE00018D9040028D9040030D9040044D9040039
:10AFF000BCE20400B4E0040000E1040048E1040005
:10B00000B8F1000118BF01211748FFF71DF91749D2
:10B01000284618F037F938E65FFA88F11248FFF74A
:10B020000FF91349284618F02DF92EE61149284644
:10B0300018F09CF82146284618F094F925E6414678
:10B040000948FFF709F90C49284618F01BF91CE6D6
:10B05000B8F1000118BF01210348FFF7F9F80749CB
:10B06000284618F00FF910E6586B0020D8E10400CC
:10B0700090E1040014E304006CE2040024E2040004
:10B08000044B1A781AB1824201D000207047187020
:10B0900001207047A56B0020034B1A78824204BF41
:10B0A00000221A70704700BFA56B0020002310B566
:10B0B0000D490370436004460C4818F057F80A2203
:10B0C00001210A4818F054FAFFF76CFD207018B1FE
:10B0D000BDE81040FDF7F0BE0549044818F0D2F86D
:10B0E000BDE81040FDF7E8BE8CE304006078002066
:10B0F000B0E30400FDF716BF2DE9F043047889B0F2
:10B100000F461646002C5ED01D4605A80023059369
:10B11000FFF7DEFC044600284BD00599002D5CD0DB
:10B1200006A80EF083FD324D9DF81A109DF81930D7
:10B130009DF81B209DF81D809DF81C90A5FB010C1F
:10B140004FF0640E4FEA5C1C0EFB1C1CA5FB0301B8
:10B1500049090EFB1131A5FB02035B090EFB13230A
:10B16000A5FB0902A5FB080552096D090EFB129209
:10B170000EFB15859DF818E05FFA8CFCC9B2CDF87E
:10B1800004C000915FFA83F838460EF5FA63D7B22F
:10B19000EDB2184A09211FF0D7F8CDE90075164A1B
:10B1A0004346304607211FF0CFF8204609B0BDE8DE
:10B1B000F083387011493070114818F063F8204658
:10B1C00009B0BDE8F0830C700D480E49147018F0FA
:10B1D00059F8204609B0BDE8F0830B480391FFF70A
:10B1E0001BF803994FF4616303FB001198E700BF5C
:10B1F0001F85EB5140E4040050E4040010E4040017
:10B2000060780020E8E30400586B002008461146EF
:10B210001A46FDF731BE00BF007800B970470846F6
:10B22000FFF756BC006A10B103689B681847704767
:10B23000006A38B1C269006947F6FF73101A984274
:10B2400028BF1846704700BF10B50446006A40B1D9
:10B250000023436092B201F04BFC236A5B6803B9A0
:10B2600010BD01236360002010BD00BF006A78B1EB
:10B2700000B583B001220DF1070101F047F9012863
:10B280000CBF9DF807004FF0FF3003B05DF804FBE2
:10B290004FF0FF30704700BF10B50446006A82B01F
:10B2A00080B101220DF1070101F030F901280DD123
:10B2B000206A9DF807400169013901F0E1F9204653
:10B2C00002B010BD0446204602B010BD4FF0FF345E
:10B2D000F5E700BF006A10B1012101F0C9BB70475A
:10B2E00010B50368104A5B6882B093428DF807106E
:10B2F00013D10446006A58B10023436001220DF1C6
:10B30000070101F0F5FB236A5B680BB902B010BDC1
:10B3100001230020636002B010BD01220DF107017E
:10B32000984702B010BD00BF49B20200F8B506460A
:10B33000144B33604FF47A700024C6E90140282092
:10B340000D46174614F0E0FD3062C8B1044605F121
:10B35000200E28686968AA68EB68A446ACE80F006C
:10B36000103575456446F4D128686968634603C39F
:10B370000C22394606F110001FF093F800233377B2
:10B380003046F8BD68E4040004494FF47A728260E4
:10B390000022C0E9001202620274704768E40400EF
:10B3A00010B50446006A30B100F0FEFF206A14F0C8
:10B3B000C5FD0023236210BD006A18B1407A003831
:10B3C00018BF0120704700BF30B590F8413083B0FE
:10B3D00004460D463BB90121204600F0AFFD68B997
:10B3E000002003B030BD3830019200F0DDFF019A3B
:10B3F0000121204600F0A2FD0028F1D02946204678
:10B4000000F07EFE0028EBD004F110052846012252
:10B41000214602F01DF840B1294604F1380001F040
:10B420004DF8003818BF0120DBE7024621462846C8
:10B4300002F00EF80028D3D0EEE700BF2DE9F04F60
:10B440009BB00024DFF8D8B007941031814606A8DD
:10B45000924601938DF8214011948DF84940CDF822
:10B4600018B0CDF840B001F029F806AEA046554618
:10B4700010AF2F2128461EF0CAFF03465C1B294649
:10B4800002A8E4B20BB32B782F2B1CD00C2C28BFB6
:10B490000C2422461FF005F81AAB2344384603F863
:10B4A000608C00F081FF012302AA3146384601F08A
:10B4B0007FFA034630465BB300F076FF33462544FF
:10B4C0003E461F46D5E70135D3E7019B72683189B7
:10B4D000307EF468A5EB0A051D60D6E90435C9F88D
:10B4E0000420A9F80810F269316AC9F81030736AAB
:10B4F00089F818004846C9E90721C9F800B0C9F819
:10B500001450C9F80C40C9F824301BB0BDE8F08FC6
:10B510004846C9E900B389F809301BB0BDE8F08F8F
:10B52000A0E40400F0B5A1B005461E4602A801AB98
:10B530001446FFF783FF019AA15C1444002931D01F
:10B540009DF811302A4F0C9700220D928DF839206A
:10B550002BB92846FFF718FF284621B0F0BD0CA8EC
:10B560003346224602A901F023FA0028F1D002A8AE
:10B5700006F0060600F018FF062E33D00D9BBDF82E
:10B5800038101098179322460F9B119CADF860104D
:10B590001A901B9419939DF848101498139C159BAE
:10B5A000169713E0DDE90643039A1149BDF8100030
:10B5B0001792059A1691ADF860001A941B93199290
:10B5C0009DF820100A98099C0B9B0A4A8DF8701070
:10B5D0001E9016A928461D941F93FFF7A7FE284624
:10B5E00021B0F0BD13990CA801F04AF8C6E700BFDE
:10B5F000A0E4040084E404002DE9F04FA3B000238C
:10B60000DFF88882059300F138061D460C46B346E4
:10B610008DF819300F938DF841301F46CDF810800A
:10B62000CDF838800DF1100914F805C0BCF12F0FCA
:10B630002A4600F09780BCF1000F00F0C380531C35
:10B640008DF800C0E15C2F2900F0D680002900F0C1
:10B65000DC80931C8DF80110E15C2F2900F0E9805B
:10B66000002900F0E880D31C8DF80210E15C2F293E
:10B6700000F0E380002900F0E280131D8DF8031034
:10B68000E15C2F2900F0DD80002900F0DC80531DF3
:10B690008DF80410E15C2F2900F0D780002900F01C
:10B6A000D680931D8DF80510E15C2F2900F0D18024
:10B6B000002900F0D080D31D8DF80610E15C2F2901
:10B6C00000F0CB80002900F0CA8002F108038DF859
:10B6D0000710E15C2F2900F0C880002900F0C78026
:10B6E00002F109038DF80810E15C2F2900F0C180F8
:10B6F000002900F0C08002F10A038DF80910E15C16
:10B700002F2900F0BA80002900F0B98002F10B0364
:10B710008DF80A10E15C2F2900F0B380002900F0B9
:10B72000B28002F10C038DF80B1014F803A08DF811
:10B730000C70BAF12F0F1D461ED001236A465946E0
:10B7400018A81997CDF860808DF8697001F030F96C
:10B75000D0B95E4514D0584600F026FE002023B034
:10B76000BDE8F08F6A1C14F802C0BCF12F0F7FF403
:10B7700062AF8DF8007013465D1C14F805A0DCE77D
:10B78000002023B0BDE8F08F18A800F00DFEBAF13C
:10B79000000F28D001236A465946484601F008F9AF
:10B7A0005E45824609D0584600F0FEFDBAF1000F12
:10B7B000E6D05B46CB46994636E70028E0D00DF14F
:10B7C000380BF6E76A460123594618A8CDE9188CCC
:10B7D0008DF800C08DF869C001F0EAF80028B8D0F3
:10B7E00018A800F0E1FD5E453BD0584600F0DCFDB6
:10B7F000012023B0BDE8F08F012222A90A445D1C7C
:10B8000002F8887C14F805A097E7012322AAD01833
:10B81000002400F8884C6A460123594618A8CDF840
:10B82000608019948DF8694001F0C2F8002890D02A
:10B83000D6E70222E1E70223E8E70322DDE703235C
:10B84000E4E70422D9E70423E0E70522D5E705234E
:10B85000DCE70622D1E70623D8E70722CDE7072356
:10B86000D4E7012023B0BDE8F08F0822C5E7082304
:10B87000CCE70922C1E70923C8E70A22BDE70A236A
:10B88000C4E70B22B9E70B23C0E700BFA0E4040024
:10B890002DE9F04700231E460C4698B0A15D8D4A65
:10B8A000049200F138072F290E9205933D468DF83A
:10B8B00019300F938DF8413099460DF1100832463A
:10B8C00000F09780002900F0B980531C8DF800101B
:10B8D000E15C2F2900F0B580002900F0BA80931CAC
:10B8E0008DF80110E15C2F2900F0B680002900F0EE
:10B8F000B580D31C8DF80210E15C2F2900F0B180D7
:10B90000002900F0B080131D8DF80310E15C2F2991
:10B9100000F0AC80002900F0AB80531D8DF80410BE
:10B92000E15C2F2900F0A780002900F0A680931D7C
:10B930008DF80510E15C2F2900F0A280002900F0AD
:10B94000A180D31D8DF80610E15C2F2900F09D80A9
:10B95000002900F09C8002F108038DF80710E15CDB
:10B960002F2900F0A280002900F0A18002F1090334
:10B970008DF80810E15C2F2900F09C80002900F070
:10B980009B8002F10A038DF80910E15C2F2900F079
:10B990009680002900F0958002F10B038DF80A10C3
:10B9A000E15C2F2900F09080002900F08F8002F1E7
:10B9B0000C038DF80B10E25C8DF80C902F2A1E46BC
:10B9C0001FD012B301236A462946404600F0F0FF1B
:10B9D000AF4282462ED0284600F0E6FCBAF1000FB6
:10B9E00024D0A15D2B462F294546324698467FF448
:10B9F00069AF721CA15C2F297FF464AF8DF80090B1
:10BA000013465E1CA25D002ADCD16946284600F080
:10BA1000DBFF044640B1AF4243D0284600F0C4FCEF
:10BA2000012018B0BDE8F087AF4233D1002018B034
:10BA3000BDE8F0870028F9D00EADD2E78DF80010F0
:10BA4000E3E7012218A90A445E1C02F8609CA25D8B
:10BA5000D9E78DF80110D8E70222F3E78DF802103C
:10BA6000D3E70322EEE78DF80310CEE70422E9E7DF
:10BA70008DF80410C9E70522E4E78DF80510C4E746
:10BA80000622DFE78DF80610BFE70722DAE78DF818
:10BA90000710BAE7284600F087FC204618B0BDE83A
:10BAA000F087012018B0BDE8F0870822CAE78DF8BA
:10BAB0000810AAE70922C5E78DF80910A5E70A22B0
:10BAC000C0E78DF80A10A0E70B22BBE78DF80B103A
:10BAD0009BE700BFA0E40400074B084A9A630221D9
:10BAE000002219615A719A719A721A7383F8302080
:10BAF000DA6383F841207047B06B0020A0E40400B3
:10BB00002DE9F041837905460F461646002B45D1B5
:10BB1000394C2378002B5BD02879DFF8E0800021B6
:10BB200017F0ACFA14F0C8F9044605E014F0C4F9B3
:10BB3000031BB3F5967F05D2FF21404605F0ACF814
:10BB4000FF28F3D12D4847F04001804605F0A4F8C6
:10BB5000182426FA04F1C9B2083C404605F09CF8C6
:10BB600014F1080FF5D1BFB1082F14BFFF218721B1
:10BB700022480024064605F08FF802E0B4F5807FE5
:10BB800008D0FF21304605F087F8030604F10104D0
:10BB9000E872F3D4BDE8F0819521E9E7038940F22A
:10BBA00001245A1CA34202810AD8DFF85080FF21E9
:10BBB000404605F071F82B895A1CA3422A81F6D918
:10BBC0000D4C2879012117F059FA23784BB9AB7144
:10BBD0000B4B0A4893E806000123237004F0B0FFE2
:10BBE0009AE74FF00008054884F8008005F00AF84D
:10BBF000237885F806808DE7146C0020A86F00205C
:10BC0000186C0020F8B583790446154613B1036813
:10BC100099423FD0237B2160032B18BF49020A467B
:10BC200020461121FFF76CFF48B103233D4D63719E
:10BC30002079012117F022FA287820BBF8BD14F0F2
:10BC40003BF9394F064605E014F036F9831BB3F58E
:10BC5000967F5ED8FF21384605F01EF8FF28E07277
:10BC6000F2D0FE2831D00D2363712E4D20790121B1
:10BC700017F004FA2B78002BDAD000232A482B7017
:10BC800004F0C0FFD4E7002427482C7004F0BAFF6A
:10BC90002046F8BD0389002BBCD1234F6E1E05F250
:10BCA000FF15FF21384604F0F7FF06F8010FB542F3
:10BCB000F7D12289A17A02F500739BB2238149B1A1
:10BCC000B3F5007F06D20120F8BD002201232281B6
:10BCD000A371E2E7A1790029F5D040F2012502F233
:10BCE0000122AB42228109D80F4EFF21304604F0D9
:10BCF000D3FF23895A1CAB422281F6D92079012136
:10BD000017F0BCF9074B1A7832B90023A371012050
:10BD1000F8BD0F236371A8E7002203481A7004F0EE
:10BD200071FFF2E7146C0020A86F0020002B00F0D8
:10BD30009B802DE9F0411D461344B3F5007F044676
:10BD4000164612DC837913B10368994217D0237B1E
:10BD50002160032B18BF49020A4620461121FFF734
:10BD6000CFFE002853D003236371474D2079012172
:10BD700017F084F9287800286ED1BDE8F081038996
:10BD80009A42E4D39E420AD9404FFF21384604F03C
:10BD900083FF2189013189B28E422181F5D8069B2A
:10BDA000DFF8E8806F1E13FA87F75E1EFF2140461A
:10BDB00004F072FF06F8010FB742F7D12289A37A87
:10BDC0001544ADB2258113B1B5F5007F1CD3A3791D
:10BDD000D3B140F201236A1C9D4222810AD82B4E26
:10BDE0001D46FF21304604F057FF23895A1CAB4201
:10BDF0002281F6D92079012117F040F9224B1A78D7
:10BE0000002A3BD10023A3710120BDE8F08114F08A
:10BE100053F8DFF87880074605E014F04DF8C01BB2
:10BE2000B0F5967F27D8FF21404604F035FFFF2864
:10BE3000E072F2D0FE2819D00D236371124D2079E3
:10BE4000012117F01BF92B78002B8FD000230F480E
:10BE50002B7004F0D7FE89E700240C482C7004F006
:10BE6000D1FE2046BDE8F081012070470023012269
:10BE70002381A27186E70F236371DFE70022034865
:10BE80001A7004F0BFFEBDE7146C0020A86F0020FC
:10BE9000062906D8052938D8DFE801F00F171F2733
:10BEA0002F0716234371002070471C4B1C4A1A6051
:10BEB0004FF480729A8001207047184B194A1A601B
:10BEC0004FF480729A8001207047144B164A1A6012
:10BED0004FF4807208469A807047104B134A1A60DC
:10BEE0004FF480729A80012070470C4B104A1A6000
:10BEF0004FF480729A8001207047084B0D4A1A60F7
:10BF00004FF480729A8001207047044B0A4A1A60ED
:10BF10004FF480729A800120704700BF186C002097
:10BF200090D0030040787D0100093D0080841E0010
:10BF300040420F0020A1070048E801002DE9F84326
:10BF400000230271037383728371437105460F46A8
:10BF500013F0B2FFDFF89C81DFF89C9101210646C7
:10BF6000287917F007F80121287917F087F840465B
:10BF700004F0A2FD5E4BC9F800304FF48073A9F8BD
:10BF8000043099E80600404604F0DAFD0A24FF2157
:10BF9000404604F081FE631E13F0FF04F7D1DFF882
:10BFA0005C81544804F02EFE98F80030002B60D0DD
:10BFB0002879002117F062F805E013F07DFF801B5F
:10BFC000B0F5FA6F52D8002211462846FFF798FDC7
:10BFD00001280446E872F0D14FF4D57208212846B2
:10BFE000FFF78EFD430726D52C73002405E013F0E0
:10BFF00063FF801BB0F5FA6F51D800223721284625
:10C00000FFF77EFD224629212846FFF779FDE872D9
:10C010000028ECD12B7B022B43D02879012117F08B
:10C020002DF898F80030002B44D139462846BDE859
:10C03000F843FFF72DBFDFF8BC900424FF214846EA
:10C0400004F02AFE631E13F0FF04E872F6D1AA285A
:10C050004FF002031FD06B712879012117F00EF801
:10C0600098F8003073B90020BDE8F88301236B71A4
:10C07000F2E7012399E806001E4888F8003004F032
:10C080005FFD95E700231B4888F8003004F0BAFDF7
:10C090000020BDE8F8832B734FF08044ADE7082300
:10C0A000D9E702463A212846FFF72AFD48B1062380
:10C0B0006B71D1E700230F4888F8003004F0A2FD2F
:10C0C000B3E7FF210B4804F0E7FD00F0C000C028F3
:10C0D00004BF03232B73FF21064804F0DDFDFF217D
:10C0E000044804F0D9FDFF21024804F0D5FD94E78F
:10C0F00090D00300A86F0020186C0020146C002062
:10C10000034B4FF4807219609A800120704700BF82
:10C11000186C00202DE9F0410446002953D01F4639
:10C12000037B032B16460A4618BF4A021821FFF765
:10C13000E7FC58B104233F4D63712079012116F0CB
:10C140009DFF2878002842D1BDE8F0813A48FE21C1
:10C15000804604F0A1FD751E06F2FF1615F8011FBA
:10C16000404604F099FDAE42F8D1FF21324804F078
:10C1700093FDFF21304804F08FFD2F48FF2104F08C
:10C180008BFD00F01F03052BE07237D16FB313F066
:10C1900093FE294F064605E013F08EFE801BB0F596
:10C1A000167F3BD2FF21384604F076FDFF28054676
:10C1B000F2D100220D212046FFF7A2FC78B1142312
:10C1C0001C4D6371B9E712231A4D4371B5E7002482
:10C1D00019482C7004F016FD2046BDE8F081164881
:10C1E000294604F059FD0028E9D12079012116F0F3
:10C1F00045FF104B1A78AAB90120A5E711230D4D70
:10C2000063712079012116F039FF2B78002B94D02F
:10C21000002309482B7004F0F5FC8EE71523054D2B
:10C2200063718AE7044800221A7004F0EBFC0120D5
:10C230008AE700BF146C0020A86F002038B5164DA7
:10C240002B780446A3B12079002116F017FFFF21B7
:10C25000124804F021FD0121034620791C4616F006
:10C260000DFF2B786BB9B4F1FF0018BF012038BD6A
:10C270000B4B0A4893E8060001232B7004F060FC86
:10C28000E1E7002305482B7004F0BCFCB4F1FF008B
:10C2900018BF012038BD00BF146C0020A86F00201B
:10C2A000186C0020034B044A1A604FF480729A8085
:10C2B000704700BF186C002000093D0070B590F970
:10C2C0000820037A002A04460D4608DB15B923F03E
:10C2D000100323722846BDE8704000F0DDBD4069C0
:10C2E000012100F01FFEF0B1637A227E0E4E012B79
:10C2F00006EB421698BFE3690C4A98BFF361236AC4
:10C30000126873831B0CB38232B106F1160106F179
:10C3100018009047338B7382237A03F07F032372D4
:10C32000002DD7D1D3E770BD286C0020206C0020F1
:10C3300070B500F10C0206460121406A00F03AFE99
:10C34000F0B1336AF3B1F268337A716A43F02003D3
:10C350003372087C4B690D79023A02FA00F42344E7
:10C36000C5B16C1EE2B2023DAD1A1D441C4401E091
:10C37000A5420DD02046013C00F0C2FE0028F7D1B6
:10C38000002070BD337AF268326243F08003DCE74C
:10C39000736A187CF3694FF4007202FA00F00344E8
:10C3A000F361012070BD00BF38B5437A63B190F9E5
:10C3B0000830002B044609DB012000F06DFD18B1A8
:10C3C00000236372012038BD002038BD406901217F
:10C3D00000F0A8FD0028F7D0637A227E0F4D012BD4
:10C3E00005EB421598BFE3690D4A98BFEB61236ADC
:10C3F00012686B831B0CAB8232B105F1160105F19B
:10C40000180090472B8B6B82237A03F07F032372F3
:10C41000012000F041FD0028D2D1D5E7286C002092
:10C42000206C00202DE9F0414FF0203305464B6091
:10C430000B60C1F8073015F8014B84B08C4694B1FD
:10C440001D4F4FF0000E4FF007086E462E2C10D1F6
:10C45000B8F10A0F2CD04FF0080E4FF00A0815F86B
:10C46000014B002CF2D19CF80000203818BF0120AD
:10C470001FE097E80F0086E80F00324601E0A34274
:10C4800016D012F8013B002BF9D1C64510D8A4F103
:10C4900021035D2B0CD8A4F16103192B9CBF203C18
:10C4A000E4B20EF101030CF80E405FFA83FED6E70A
:10C4B000002004B0BDE8F08188E4040038B5437A78
:10C4C0003BB991F82020102A04460D4603D0202ABB
:10C4D00010D0002038BD022242724A8C0362520101
:10C4E000C2610023012020722376C4E90333656210
:10C4F000636138BD03234372496A016200F11C0283
:10C50000284600F035FE0028EBD1E2E72DE9F04F98
:10C51000064685B0407A0392002800F0A080337A66
:10C52000DC0740F19C80F3690F46114632699B1A83
:10C53000994284BF9BB20393039D002D00F0948029
:10C54000DFF83081DFF83091DFF830A138E0706A31
:10C550000479013C04EA5224E4B2BBF1000F40D15B
:10C56000002C3ED1002A34D1316AF16090F810C01D
:10C570004069023901FA0CF104442144CBF50074FE
:10C58000327AA542CCBFA4B22C46530602D4B4F5ED
:10C59000007F28D1D9F800208A4224D0DAF80000A0
:10C5A00000975A462346FFF7C1FB002857D0316950
:10C5B0002D1B6218ADB227443261002D54D0707A21
:10C5C0000228C2F3080BC2D1716A496A01EB5221F9
:10C5D000D4E7F16806F10C0200F04CFE00283ED0D2
:10C5E000706AF168C2E70846002100F09BFCB0B316
:10C5F0000BF104010BEB080341443A1D934238BF91
:10C600008F4203EB040E22D3621E072A1FD924F0A7
:10C61000030CBC443A46194651F8040B42F8040B8B
:10C620006245F9D124F00302944207EB020003EBC8
:10C630000201BCD09B5CBB544B1C9E45B7D04B78D1
:10C6400043708B1C9E45B2D08B788370AFE77A1E07
:10C6500013F8011B02F8011F9E45F9D1A7E74FF01F
:10C66000FF3005B0BDE8F08FBDF90C0005B0BDE8A6
:10C67000F08F00BF286C00200C6000202C6E002082
:10C68000F8B5437A1BB3C2698A4204460F461ED3EB
:10C69000022B19D009B3436A01691D7C4A1E05F1BA
:10C6A00009037D1EDA40DD40AA4212D9236AE36005
:10C6B00004F10C0605E0E168606A00F0DBFD013D75
:10C6C00028B13246002DF6D127610120F8BD0020A7
:10C6D000F8BD0029EAD0AD1AEAE7E1602761012040
:10C6E000F4E700BF38B5437A012B29D1037A9A07C2
:10C6F000044625D55B0703D5C16903698B4221D167
:10C70000154B1868FFF79AFD0146C8B9237A13F054
:10C7100020050CD1114A1268CAB9206943F01003F0
:10C72000C0F30800C0F50070237280B238BD627A91
:10C730001AB12046FFF7C2FD237A23F020032372AB
:10C74000002038BDFFF79CFF0028D9D1F8E700F0A2
:10C75000D1FB284638BD00BF2C6E0020286E00207B
:10C76000F8B52D4B03EB41130446DE7A16F0110F9A
:10C77000154602D012F0420F1BD12176988A598BB0
:10C78000264A41EA0041126821626261DA7A12F0B7
:10C7900018070CD1DA69E261012605F00F0368067B
:10C7A000C4E903776672237218D43046F8BD102F9F
:10C7B00001D00020F8BD606A04F11C0200F0D8FC32
:10C7C0000028F6D005F00F020421002322726A0629
:10C7D000C4E903336172ECD40120F8BDAB07E8D59E
:10C7E000002AE2D0606A00F0AFFD0028E1D0237A91
:10C7F000627A276263F07F03E7612372002AD8D050
:10C8000031462046FFF75AFD0028D2D0394620464F
:10C81000BDE8F840FFF734BF286C00200C60002012
:10C820002DE9F04F85B00DF1040807460C4610467F
:10C8300041469A46FFF7F6FD002878D0E369626A20
:10C840007A620026C4E90366002B6CD0DFF850B191
:10C85000DFF8589132460AE0E5296CD05BF8031006
:10C86000D8F800308B4269D0E369934225D9637AC6
:10C87000012BC2F343155AD901220DF103012046C1
:10C88000FFF744FE012852D122696B011F32226159
:10C890001BF803100BEB45100029DDD1002E68D1E9
:10C8A000D9F800103D7679611BF80330002B60D079
:10C8B000E36993424FF00106D9D80AF01203122B14
:10C8C00035D1002E59D1637A022B30D02046FFF7A4
:10C8D0002FFD60B30023324C3B7698E80700314DC2
:10C8E00023462E680025C4E90255C4E90455C4E96D
:10C8F000065503C3130C2281A372002E47D004F106
:10C900000E0104F11000B047238AE28963820120FE
:10C910002383E28200F0C0FA48B1397E524638469D
:10C92000FFF71EFF04E00AF01203122BCBD0002009
:10C9300005B0BDE8F08F002EBAD1B1E74168029B87
:10C940008B4200F104008FD1BDF80C1030F8043F89
:10C95000994289D183789DF80E10994284D10AF0CA
:10C960003003302BE3D0524629463846FFF7F8FE15
:10C97000DEE70AF01203122BD9D17869012100F009
:10C98000D1FA0028D3D03C7E0BEB4414A5E7064B2C
:10C99000C4F80E304FF4006242F62103B6E700BF40
:10C9A000286C0020206C0020000821280C6000204A
:10C9B00010B4447A1CB100205DF8044B70475DF858
:10C9C000044BFFF72DBF00BF30B58BB00024264DC0
:10C9D00001940A460223014668468DF809400095F5
:10C9E000FFF71EFF10B900200BB030BD9DF80950B5
:10C9F000012DF8D19DF808309B07F4D5079BFBB1BA
:10CA0000DDE90810CDE9034400F09EFC0028EAD0DF
:10CA10009DF808309DF80920089463F07F0307947F
:10CA20008DF80830002ADED029466846FFF746FC1C
:10CA30000028D8D021466846FFF722FE0028D2D031
:10CA40000598012100F06EFA0028CCD09DF818302E
:10CA500006495B01E52400225C5401208DF8092081
:10CA600000F01AFA0BB030BDA0E40400286C0020DE
:10CA7000437A002B36D070B590F90820037A002A4B
:10CA800004460D4608DB15B923F01003237228462F
:10CA9000BDE8704000F000BA4069012100F042FAA0
:10CAA000F0B1637A227E104E012B06EB421698BF3E
:10CAB000E3690E4A98BFF361236A126873831B0C03
:10CAC000B38232B106F1160106F118009047338B9C
:10CAD0007382237A03F07F032372002DD7D1D3E72B
:10CAE000002070BD00207047286C0020206C0020C2
:10CAF0002DE9F04F437A85B0012B0746019240F0B3
:10CB0000A880047AA50740F1A48062070E4600F1D0
:10CB10009580019B3A69002B7AD0019DDFF87082E5
:10CB2000DFF870A284F01004C4F30019AB46786AF1
:10CB30000179013901EA522111F0FF01C2F3080520
:10CB400040F08D80002D40F0C880F968002940F049
:10CB5000DC803B6A002B00F0EA80FB60047C4269C9
:10CB6000BBF5007FA3F1020101FA04F15C4628BF86
:10CB70004FF40074BBF5007F114480F099803A694E
:10CB8000FB69934240F285800846012100F0CAF912
:10CB900000285ED0291D41444544331D9D4238BFC5
:10CBA0008E4205EB040E2246C0F0A680631E072BC2
:10CBB00040F2A2804FEA940C05EB8C0C2B463146D8
:10CBC00051F8040B43F8040B6345F9D124F0030139
:10CBD0008C4206EB010305EB01000ED016F801C0F4
:10CBE00005F801C0411C8E4506D059784170811C62
:10CBF0008E451CBF9B78837033191E463B69ABEB97
:10CC0000040B1A441FFA8BFB3A61BBF1000F8ED163
:10CC1000FB69934280F0A6803C7AFA6144F080047C
:10CC20003C72230706D57B7A9BB101213846FFF77A
:10CC300045FB70B1019805B0BDE8F08FC26903698A
:10CC4000934200F08A801146FFF71AFD00287FF416
:10CC500060AF01237B60002005B0BDE8F08FFB686A
:10CC600090F810C04069C5F50074A4B25C45A3F10A
:10CC7000020303FA0CF328BF5C460344B4F5007FBB
:10CC8000194415D0002D7FF47FAFFB6993423FF626
:10CC90007BAF0120009100F0FFF80028D9D0384A7E
:10CCA00000991378CAF8001043F00103137071E77C
:10CCB000DAF800308B4204BF4FF0FF33CAF800307F
:10CCC000304B324618684B46FFF724FA0028C0D094
:10CCD0004FF400721644144690E7FB6890F810C0B9
:10CCE0004269C5F50074A4B2991E01FA0CF15C45C5
:10CCF000114428BF5C4647E7013D331916F8011B74
:10CD000005F8011FB342F9D177E703AA00F0B2FAA0
:10CD10000028A1D0786A1C4990F82040039B4FF668
:10CD2000F872102C18BF0A469342FFF416AF07F1B1
:10CD30000C02012100F03EF900288AD03B6A33B191
:10CD4000FB683A7A786A42F020023A7206E73A7A49
:10CD5000FB683B6242F08002F4E7019B002B7FF40A
:10CD6000DCAE5EE7094B1B6843B1019B3C7A002BAC
:10CD70003FF457AF44F080043C7252E73C7A50E7EE
:10CD8000246C00202C6E0020F8FFFF0F206C002088
:10CD9000286C00200C60002000B583B00B460122F7
:10CDA0000DF107018DF80730FFF7A2FE03B05DF823
:10CDB00004FB00BF2DE9F84F90F82030DFF8CC904D
:10CDC000C669102B0D460446D9F8001017461AD034
:10CDD00006EBD516B1421AD1DFF8B480294B05F025
:10CDE0007F0543F82570227E98F80030012A43F031
:10CDF000010388F8003081BFA368234AF618166043
:10CE00000120BDE8F88F06EB1526B14214D0DFF8FB
:10CE10008080DFF880A098F80030A3B9DAF800002D
:10CE2000184A3146FEF7EEFEE8B194F82030C9F812
:10CE30000060102BD2D101E0DFF85480114BEDB22D
:10CE400023F81570CFE70F4ADAF800000123FFF747
:10CE500061F940B1DFF830B0DBF8001029B90023E8
:10CE600088F80030DAE70020CBE7064ADAF800005D
:10CE70000123FFF74FF90028F5D00023CBF800304D
:10CE8000EDE700BF286C0020286E00200C60002019
:10CE9000246C00202C6E0020F8B5114D2B780BB9B6
:10CEA0000120F8BD0F4B104E1968104A0446234666
:10CEB0003068FFF72FF938B1002CF1D00C4F3968EA
:10CEC00021B900232B70EBE70020F8BD3068074A3A
:10CED0002346FFF71FF90028F6D000233B60F0E758
:10CEE000246C00200C6000202C6E0020286C002098
:10CEF000286E002010B5084C216809B9012010BD2A
:10CF000003460648064A0068FFF704F90028F6D0F1
:10CF100000232360012010BD286E00202C6E00200D
:10CF2000286C00202DE9F8431D4F3B6883420C46D6
:10CF300006D11C4E3178214331700120BDE8F883C1
:10CF4000184EDFF86880327805465AB9D8F80000E4
:10CF5000154A2946FEF756FE08B13D60EAE7002073
:10CF6000BDE8F8831946104AD8F800000123FFF7FE
:10CF7000D1F80028F3D0DFF83890D9F8001011B9B3
:10CF800000233370E2E7084AD8F800000123FFF7D6
:10CF9000C1F80028E3D00023C9F80030F0E700BF53
:10CFA0000C600020246C0020286C00202C6E0020D7
:10CFB000286E00202DE9F04F176883B005460192D6
:10CFC0000091002F51D001374FF0000BE968481C49
:10CFD0008046A9B33C46A0453CBF02242746844274
:10CFE000DFF814A1DFF814914FF0000628D895F867
:10CFF0002010E8691029D9F800102ED000EBD410C9
:10D00000814207D00021FFF78DFFC8B195F82010AD
:10D01000102926D004F07F015AF8211021F0704128
:10D02000A1B101342746E9680136B14208D9A045CB
:10D0300038BF022401F1010038BF27468442D6D907
:10D040004FF0000B584603B0BDE8F08F009B611C09
:10D05000C81B984211D00C46E5E700EB142088422B
:10D06000D0D1E1B23AF81110DAE7A1F1010BBBFA25
:10D070008BFB07684FEA5B1BA8E7012CE0D9EA6845
:10D0800001329442DCD86FF0704221462846FFF707
:10D0900091FE0028D4D0661EA7422246284631467B
:10D0A00010D2022CCCD0EC680134A642C8D8FFF7CD
:10D0B00081FE0028C4D03446661EA7422246284678
:10D0C0003146EED3019B196851B10129B8D9EA68FC
:10D0D00001329142B4D83A46FFF76CFE0028AFD037
:10D0E000019B1F60BBF1000F02D14FF0010BA9E7BC
:10D0F00001372F60A6E700BF286C00200C600020DD
:10D100002DE9F041154E164C337805465BB94FF4C6
:10D110000072002113481CF091FA0123256033703E
:10D120001846BDE8F081104F216838680D4A012388
:10D13000FEF7F0FF78B1DFF83480D8F8001000294E
:10D14000E5D03868074A0123FEF7E4FF18B1002351
:10D15000C8F80030DBE70020BDE8F081246C002037
:10D160000C600020286C00202C6E0020286E00200F
:10D170002DE9F04FC36883B001339942019238D84A
:10D180000646DFF8E08090F82000DFF8DCB0DFF83A
:10D19000DC900C4600271028F569D8F800102CD038
:10D1A00005EBD415A94212D02C4BDFF8C4A01B7894
:10D1B000002B38D1DAF800005A462946FEF722FD46
:10D1C000B8B196F82000C8F80050102819D004F023
:10D1D0007F04327C5BF824404FF40073934024F0CA
:10D1E00070441F444B46A34217D9F3680133A3424E
:10D1F000D1D2002003B0BDE8F08F05EB14258D429D
:10D20000D2D1327CE4B24FF4007393403BF8144027
:10D210001F444FF6F873A342E7D8019B01201F601B
:10D2200003B0BDE8F08FDAF8000001235A46FEF79C
:10D2300071FF0028DDD00A4B196819B9074A00238D
:10D240001370B7E7DAF8000001235A46FEF762FFD1
:10D250000028CED0024A00231360EFE7246C0020A0
:10D26000286E00200C600020286C0020F8FFFF0FC3
:10D270002C6E00202DE9F84FC36801338B4241D357
:10D2800090F82030DFF8B080C569102B0C460646B8
:10D29000D8F80010174622D005EBD415A94213D0B8
:10D2A000DFF89890DFF898A099F800301BBBDAF807
:10D2B0000000204A2946FEF7A5FC18B396F8203056
:10D2C000C8F80050102B0ED004F07F04194B53F80F
:10D2D000243023F070433B600120BDE8F88F05EB5C
:10D2E00014258D42DCD1E4B2124B33F814303B608C
:10D2F0000120BDE8F88F0F4ADAF800000123FEF79D
:10D3000009FF10B90020BDE8F88FDFF838B0DBF86E
:10D31000001019B9002389F80030C8E7054ADAF887
:10D3200000000123FEF7F6FE0028EBD00023CBF827
:10D330000030EFE7286C00200C600020246C0020F7
:10D340002C6E0020286E00202DE9F04705460223B0
:10D350000360EB68394F3A4EDFF8F0800C4601333A
:10D360009C423BD895F82020E8693368102A38D0D1
:10D3700000EBD410984238D104F07F0357F82330E3
:10D3800023F0704A012C29D9EB6801339C4225D83F
:10D39000102AEB69326836D003EBD419914536D1A7
:10D3A00004F07F04002347F8243098F80030297EE9
:10D3B00043F00103012988F8003003D9AB68214903
:10D3C0001A440A6095F82030102B30D01E4B9A4535
:10D3D00031D8EB68544601339C42C3D90020BDE8E4
:10D3E000F08700EB1420834208D00021FFF79AFD5C
:10D3F0000028F3D095F82020102ABDD1E3B21022E6
:10D4000037F813A0BEE703EB142991450AD0002199
:10D410004846FFF787FD0028E0D095F82030102B14
:10D420004A46BDD1E4B2002327F81430BDE74FF6D9
:10D43000F7739A45CDD90120D1E700BF286C0020B1
:10D440000C600020286E0020F7FFFF0F246C0020E6
:10D450002DE9F843744D06462960144662B3042A48
:10D4600002D90020BDE8F883704F0B4639680029C7
:10D470005BD16F4B03EB041292F8AE1111F07F01F8
:10D48000EFD11B3403EB0413D3F80A20632AE8D945
:10D49000D3F80640002CE4D0DFF8988198F80030EB
:10D4A000002B51D12868624A2146FEF7ABFB0028C9
:10D4B000D7D03C60214603E05C4F39680029EBD1AE
:10D4C0005B4AB2F80B30B3F5007FCAD1157C002D52
:10D4D000C7D0D389002BC4D0547B002CC1D00023EB
:10D4E000012C3576347133745DD00123022C3374F2
:10D4F00059D00223042C337455D00323082C3374E1
:10D5000051D00423102C33744DD00523202C3374B8
:10D5100000F088800623402C337444D00723802CED
:10D52000337440D0092333749BE7DFF8088198F8FF
:10D530000020CAB93E4A18460021FEF763FB0028C6
:10D540008FD000233B6094E7394A28680123FEF717
:10D55000E1FD002885D0DFF8E090D9F80010B1B9DE
:10D56000002388F800309DE71846314A0123FEF772
:10D57000D1FD00283FF475AFDFF8BC90D9F800105A
:10D58000002937D100222B6888F80020D2E7284AEA
:10D5900028680123FEF7BEFD00283FF462AF002398
:10D5A000C9F80030DCE71846D48A04B9546AD78930
:10D5B000B4600F44F761B2F811307384157C9BB2EC
:10D5C0005B0104FB057403F2FF1304EB5323736147
:10D5D0007462B2F8134004B9146ACB1A2344C340EE
:10D5E00040F6F4718B42F36010D80C2386F820309B
:10D5F000012037E70E4A28680123FEF78BFD00283B
:10D600003FF42FAF0023C9F80030BBE74FF6F471A9
:10D610008B4285BFD36A73621023202386F82030A3
:10D6200001201FE70520BFE72C6E00200C600020C2
:10D63000286C0020246C0020286E002091F92830EE
:10D6400091ED0E5ADFED4E7A9FED4E6A06EE903A5E
:10D65000B1F92630F6EE005AE5EE257A10B407EE61
:10D66000103AFAEEC96AB8EEC77A27EE866AA7EED4
:10D67000A67A8B8CF7EE006AE6EE076A83B001901B
:10D68000B0EE667A06EE903AF8EE666A26EE873AD3
:10D69000BDEEC37A17EE103A002B6BD091F92E3005
:10D6A0009FED391ADFED396ADFED391ADFED392ADE
:10D6B0009FED392AB1F93240DFED383AB1F9300047
:10D6C00091F92F20DFED364A9FED364A9FED365A0D
:10D6D00007EE103AB1F92C30BAEEE77A06EE103ABE
:10D6E00027EE277AB8EEC66AF0EE000AA6EE207A98
:10D6F000B1F92A3005EE903AB0EE476AB5EE007AFD
:10D7000027EE877AF8EEE55ADDED017A91F83430AC
:10D7100027EE067AB8EE676AA5EE817A76EEC66ADB
:10D7200007EE903AE7EE616AF8EEE77A66EEA26AF3
:10D7300007EE104A86EE830A67EE827AB8EEC76A71
:10D7400067EE807A07EE100AE6EE237AF8EEC76AF3
:10D7500060EE277A07EE102AE6EEA47AB8EEC77AD2
:10D7600027EE047AA0EE277AA7EE050A03B05DF84B
:10D77000044B70479FED0D0A03B05DF8044B7047F2
:10D7800000007AC70000802E00008047000080491A
:10D79000000080390050C3450000002B000000301D
:10D7A00000000038000000430000803D0000000041
:10D7B00091F91630D1ED0E5A9FED356A9FED357A0D
:10D7C000DFED352A9FED352ADFED353A9FED354AFD
:10D7D00006EE903A0B8A03EE103A91F9153065EE99
:10D7E000865A04EE903A06EE100A91F91430F8EEDB
:10D7F000E66A07EE903A66EEA56AB8EE433AB8EEEE
:10D80000466AF3EE001A91F91830A3EE616A66EEEB
:10D81000876AF8EEE44AF8EEE77AE4EEA26A65EE8B
:10D82000E77A07EE103ACB7DF6EE004AA7EEA46A3F
:10D8300005EE103AF7EE007A4B8AB8EEC77AF0EEB2
:10D84000674AE5EEA64A27EE257A06EE903A27EEDD
:10D85000027AB8EE455AFBEEC76AA5EE227A66EE6A
:10D86000866A66EEA46AE7EE267A67EEA67AF4EE9A
:10D87000E37AF1EE10FAB8BFF0EE637AF4EEC47A10
:10D88000F1EE10FA8CBFB0EE440AB0EE670A7047B2
:10D89000CDCC4C39000080350000803800000035C8
:10D8A000000000000000C842002937D030B50D6CE0
:10D8B00083B00C4665B34B6C53B38B6C43B310F021
:10D8C000800F4A7B14BF002310239A421DD04B7354
:10D8D00063680DF107010122F320A84784F84C008A
:10D8E000C8B99DF80710627B656C636821F0100170
:10D8F00002F010020A438DF807200DF10701012202
:10D900007320A84784F84C0028B9002003B030BD2C
:10D910004FF0FF30FAE76FF00100F7E74FF0FF300C
:10D92000704700BFF0B42C4C9FED2C5ADFED2C6AF1
:10D930009FED2C4A9FED2C0A26460F4606EE100A54
:10D9400007EE102A0FCEA0B06D460FC50FCE0FC543
:10D950000FCE0FC596E80F00403485E80F000FCCBE
:10D9600010AD0FC50FCC0FC50FCC0FC594E80F003D
:10D9700020AE06EB8706F7EE005A85E80F00B8EEFA
:10D98000C77A56ED207A56ED104AB1EE043AF0EE21
:10D99000653AE7EE853A0123BB40E7EE036AB0EE55
:10D9A000657AA4EE857AB8EE466A66EEA36A36EE2C
:10D9B000446AB0EE475A86EE267A07EE903AF8EEC1
:10D9C000E77A37EE257A67EE857A67EE277A80EE7A
:10D9D000270A20B0F0BC7047B4E404000AD7233C07
:10D9E0000080A744000000440024F44A2DE9F041DF
:10D9F00086B00023CDE90133CDE904330393002A37
:10DA000063D0D2F840801446B8F1000F5DD0576C57
:10DA1000002F5AD0936C002B57D00546002854D0C5
:10DA20000E46002951D0127B9AB100780B788DF800
:10DA300004008DF80530636801220DF10501B84737
:10DA4000002884F84C0018BF6FF0010006B0BDE854
:10DA5000F08190F90000617B2B780028A8BF10228C
:10DA6000914227D0627363680DF103010122F32014
:10DA7000C04784F84C0028BB9DF80310627B676C9C
:10DA8000636821F0100102F010020A438DF80320B0
:10DA90000DF1030101227320B84784F84C0088B9C6
:10DAA00028783378676C8DF8053000F07F008DF8AA
:10DAB0000400C0E703F07F0033788DF804008DF890
:10DAC0000530B8E76FF00100C0E74FF0FF30BDE769
:10DAD000F0B58DB0E022B6238DF802208DF803302A
:10DAE000002800F03781056C0446002D00F03281DB
:10DAF000436C002B00F02E81836C002B00F02A81F8
:10DB0000037B002B00F018810DF1030122460DF17B
:10DB10000200FFF76BFFA36C6168054642F21070CC
:10DB20009847002D40F00581237B002B00F02D81CC
:10DB3000256C002D00F00E81636C002B00F00A8133
:10DB4000A36C002B00F00681237B002B00F01581D5
:10DB5000636801222146D020A84784F84C000028A1
:10DB600040F006812378612B18BF6FF0020540F06A
:10DB7000E080256C8DF80400002D00F0EB80636CD4
:10DB8000002B00F0E780A36C002B00F0E380237BE8
:10DB9000002B00F01D81636801A90122F020A84735
:10DBA00084F84C00002840F0E380256C9DF8043098
:10DBB000A360002D00F0CE80636C002B00F0CA80C3
:10DBC000A36C002B00F0C680237B002B00F0138198
:10DBD000636801A917228A20A84784F84C0000280E
:10DBE00040F0C680256C002D00F0B480636C002BE3
:10DBF00000F0B080A36C002B00F0AC80237B002BE6
:10DC000000F0158163680E220DF11B01E120A84789
:10DC100084F84C00002840F0AB80256C002D00F00B
:10DC20009980636C002B00F09580A36C002B00F0B2
:10DC30009180267B002E00F0F08000206368052292
:10DC40000DF12901A847054684F84C00002840F052
:10DC50008F809DF81C309DF81B609DF824109DF866
:10DC600023209DF81D7003F00F001B0943EA0613E3
:10DC700042EA01229DF805609DF80410E28340EA23
:10DC8000071041EA062120829DF80E609DF80F00E2
:10DC90009DF810209DF81770218446EA00269DF813
:10DCA00011009DF81610668542EA00229DF8196061
:10DCB000BDF81200A2859DF8182041EA072142EA2A
:10DCC000062240BA9DF80660E085218602989DF8FC
:10DCD0000C1062869DF81A2084F82260606284F835
:10DCE000281084F8342063829DF826009DF82510C2
:10DCF0009DF82B209DF92D30BDF81E70BDF82060D9
:10DD0000A78241EA0021C2F301121B119DF82200F3
:10DD1000618384F83C209DF827109DF8282084F822
:10DD20003E309DF82930E68220766176227784F8AD
:10DD30003D3028460DB0F0BD4368012201A9F32013
:10DD4000A84784F84C0098B99DF8043003F01003FC
:10DD50006373D9E64FF0FF35EBE730466368266C16
:10DD600005220DF12901B04784F84C000028E0D0CD
:10DD70006FF0010528460DB0F0BD2146D020FFF719
:10DD800093FD0546C8B9256CE2E6256C002DE1D06F
:10DD9000636C002BDED0A36C002BDBD06368012208
:10DDA00001A9F320A84784F84C000028E0D19DF891
:10DDB000043003F010036373BAE6266C6368012233
:10DDC0002146D020B04784F84C000028B1D0CFE7DE
:10DDD0002146F020FFF768FD054608B9256CDAE614
:10DDE000266C6368012201A9F020B04784F84C003A
:10DDF00000289ED0BCE721468A20FFF755FD266CFF
:10DE00006368054601A917228A20B04784F84C00B0
:10DE10000028ADD1002D8CD1E4E621463046FFF735
:10DE200043FD0546002898D1256C802006E7214651
:10DE3000E120FFF739FD266C636805460E220DF1DF
:10DE40001B01E120B04784F84C00002890D1002D40
:10DE50003FF4E3AE6DE700BF2DE9F04786B0002543
:10DE6000CDE90155CDE904550395002B7AD01C4628
:10DE70001B6C002B76D0636C002B73D0A36C002B33
:10DE800070D000286ED000296CD0531E092B74D896
:10DE9000804601F1FF394FEA420A284601AE0CE004
:10DEA00098F800303370023519F8013F7370AA45B5
:10DEB00008F1010806F1020639D0237B002BEFD1CF
:10DEC000276C98F80020002F49D0616C002946D0BB
:10DED000A16C002943D012F0800F617B08BF102392
:10DEE000994228D06373012263680DF10301F32086
:10DEF000B84784F84C0000283AD19DF80310627BA3
:10DF0000676C636821F0100102F010020A438DF87B
:10DF100003200DF1030101227320B84784F84C005F
:10DF200098F8002008BB02F07F023270BBE720B1F6
:10DF300006B0BDE8F0870020F5E7656C63689DF8E2
:10DF400004000AF1FF320DF10501A847002884F80A
:10DF50004C0018BF6FF0010006B0BDE8F0874FF02D
:10DF6000FF30E0E74FF0FF30E2E76FF00100DAE763
:10DF700098F800206FF00100D5E76FF00300D7E7B5
:10DF8000F0B583B0742306460C468DF80630102792
:10DF9000002C74D0256C002D71D0636C002B6ED0DA
:10DFA000A36C002B6BD0237B002B42D074206368C2
:10DFB0000DF105010122A847054684F84C0098BBE5
:10DFC0009DF805309A0712D176B123F0030306F0CD
:10DFD0000306334322460DF105010DF106008DF8CD
:10DFE0000530FFF703FD0546284603B0F0BD23F0DA
:10DFF00003030DF1050122460DF106008DF80530F1
:10E00000FFF7F4FCA36C6168054642F21070984774
:10E01000002DBDD0E8E7256C636801220DF10501F4
:10E020007420A84784F84C006FF00105284603B01F
:10E03000F0BD637B102B20D0636867730DF107017F
:10E040000122F320A84784F84C000028E3D19DF872
:10E050000710627B656C636821F0100102F010020A
:10E060000A438DF807200DF1070101227320A8470C
:10E0700084F84C000028CED1256CF42097E74FF0AF
:10E08000FF35B1E72DE9F043B84B06460C4693E85F
:10E0900003008BB0002301908DF8081003938DF8D6
:10E0A00010304FF0FF3544B3256C45B3636C33B388
:10E0B000A36C23B3237B73B174206368012205A989
:10E0C000A84784F84C0000B3CEB16FF00105284694
:10E0D0000BB0BDE8F08321467420FFF7E5FB054651
:10E0E000002800F02781276C6368012205A97420AD
:10E0F000B84784F84C000028E6D1002EE7D14FF055
:10E10000FF3528460BB0BDE8F08321469DF814701A
:10E11000FFF736FF0546002EF1D0002DD7D1256C34
:10E12000002D00F06F82636C002B00F06B82A36CFB
:10E13000002B00F06782237B002B00F0FE80712013
:10E140006368052203A9A84784F84C00002840F022
:10E150000881256C84F84D00002DD0D0636C002B15
:10E16000CDD0A16C0029CAD096F803E0BEF1070F0C
:10E170000FD90723F37094F84D20256C42F001026B
:10E1800084F84D20002DBAD0626C002AB7D0A16C63
:10E190009E460029B3D096F80190B9F1050F0FD92A
:10E1A0000522727094F84D30256C43F0010384F819
:10E1B0004D30002DA3D0636C002BA0D0A16C9146F4
:10E1C00000299CD096F80280B8F1050F0FD90522DE
:10E1D000B27094F84D30256C43F0010384F84D3053
:10E1E000002D8CD0636C002B89D0A16C9046002947
:10E1F00085D096F800C0BCF1050F11D9052030700C
:10E2000094F84D30256C43F0010384F84D30002D17
:10E210003FF475AF636C002B3FF471AFA16C844683
:10E2200000293FF46CAF3179082909D908223271ED
:10E2300094F84D00256C40F00100114684F84D0023
:10E240009DF80F209DF80D009DF8103002F01F0280
:10E2500042EA491222F01C0223F01C0320F00700BE
:10E2600042EA880243EA8E0340EA0C0008298DF84E
:10E270000F205BB28DF80D0000F0BD814A0152B253
:10E2800000209DF80C1003F01F0301F07F010143F3
:10E2900013430020CDE90500CDE908008DF81030CA
:10E2A0008DF80C100790002D3FF429AF666C002EFE
:10E2B0003FF425AFA36C002B3FF421AF237B002B51
:10E2C00000F069819DF804208DF8142005469DF822
:10E2D0000C208DF81520002B00F023819DF80520DF
:10E2E0008DF816209DF80D208DF81720002B00F0DA
:10E2F000D9809DF806208DF818209DF80E208DF805
:10E300001920002B00F08F809DF807208DF81A202F
:10E310009DF80F208DF81B2053B39DF808209DF821
:10E3200010308DF81C208DF81D30002D7FF4CFAEFD
:10E33000666C5FE0256CF420BFE621467120FFF794
:10E34000B3FA0546002800F05A81266C636805225E
:10E3500003A97120B04784F84C0010B984F84D002F
:10E36000B5E6002384F84D30AFE600BFACE404000E
:10E37000D4F840809DF80850B8F1000F3FF4BFAECC
:10E38000666C002E3FF4BBAEA26C002A3FF4B7AE21
:10E3900015F0800F627B08BF10239A4222D063736E
:10E3A0000DF1030163680122F320C04784F84C009B
:10E3B00000287FF48AAE9DF80310627B666C636868
:10E3C00021F0100102F010020A438DF803200DF134
:10E3D000030101227320B04784F84C0000287FF429
:10E3E00074AE666C9DF810308DF81D3005F07F0519
:10E3F0008DF81C5063689DF8140009220DF1150179
:10E40000B047054684F84C0000287FF45EAE17F054
:10E4100003003FF45CAE2146FFF7B2FD05462846F7
:10E420000BB0BDE8F083256C9DF80780002D00F04F
:10E430000181666C002E00F0FD80A26C002A00F0C5
:10E44000F98018F0800F617B14BF1A4610229142A8
:10E4500022D0627363680DF103010122F320A84703
:10E4600084F84C00002840F0E8809DF80310627B9F
:10E47000656C636821F0100102F010020A438DF808
:10E4800003200DF1030101227320A84784F84C00FA
:10E49000002840F0D280237B002508F07F088DF80B
:10E4A0001A8035E7256C9DF80680002D00F0BB80B2
:10E4B000666C002E00F0B780A26C002A00F0B380DA
:10E4C00018F0800F617B14BF1A461022914222D0AF
:10E4D000627363680DF103010122F320A84784F8F9
:10E4E0004C00002840F0A2809DF80320617B656C01
:10E4F000636801F0100122F010020A438DF8032036
:10E500000DF1030101227320A84784F84C00002874
:10E5100040F08C80237B002508F07F088DF8188060
:10E52000EBE6256C9DF80580002D75D0666C002EFD
:10E5300072D0A26C002A6FD018F0800F617B14BFDC
:10E540001A461022914220D0627363680DF10301D4
:10E550000122F320A84784F84C0000285FD19DF8E1
:10E560000320617B656C636801F0100122F01002EA
:10E570000A438DF803200DF1030101227320A847FF
:10E5800084F84C0000284AD1237B002508F07F083E
:10E590008DF81680A6E69DF90420617B9DF8046045
:10E5A000002AB4BF1A46102291421ED062736368DB
:10E5B0000DF103010122F320A84784F84C0038BB79
:10E5C0009DF80320617B656C636801F0100122F007
:10E5D00010020A438DF803200DF10301012273207C
:10E5E000A84784F84C0098B9237B002506F07F06E5
:10E5F0008DF814606BE600226FF07F0041E6256C19
:10E60000F1209DE5002384F84D304FF0FF355EE5A5
:10E61000237B6FF00105E9E74FF0FF35B6E7237B79
:10E620006FF00105B2E74FF0FF3575E7237B6FF020
:10E63000010571E74FF0FF352FE7237B6FF00105F0
:10E640002BE700BF70B4344B06460C4693E803003A
:10E6500083B00090ADF80410002C59D0002A57D098
:10E66000136C002B54D0536C002B51D0936C002BA7
:10E670004ED021466478052C0ED905244C7092F8B2
:10E680004D30106C43F0010382F84D3000283FD02C
:10E69000536C002B3CD0936C002B39D08D78052D1A
:10E6A0000CD905258D7092F84D30106C43F00103A4
:10E6B00082F84D3060B3536C53B3936C43B30B7813
:10E6C000052B20D905230B7092F84D3043F0010340
:10E6D00082F84D30102202AB1C441D4414F8080C83
:10E6E00015F8083C03441A4440F2AB73022E03FBB6
:10E6F00002F30BBF03F5865003F5A55005300D302E
:10E7000003B070BC704702AA134413F8082CE2E768
:10E71000002003B070BC704734E504002DE9F04FD1
:10E720002DED088BB7B01C46054613468A4624A833
:10E730004822002100931AF081FF24AB0C932AABEE
:10E740000D9330AB0E93002C00F00A83276C002F42
:10E7500000F00683636C002B00F00283A36C002B97
:10E7600000F0FE82BAF1000F00F0FA82012D34D0E1
:10E77000023DEDB2012D4FF000050CD94FF001091B
:10E78000009B002B00F0EC821D70484637B0BDECBA
:10E79000088BBDE8F08F29462F2218A817951AF08C
:10E7A0004DFF237B1595CDE90F55CDE91155CDE9E9
:10E7B0001355ADF85850002B00F0CA821D20636835
:10E7C00017A93322B847814684F84C00002800F08E
:10E7D000608100254FF00209D2E70023CDE917330D
:10E7E00019931A938DF86C300526002F00F0FC82E7
:10E7F000636C002B00F0F882A36C002B00F0F48215
:10E80000237B002B5BD04FF000091D206368112291
:10E8100017A9B847002818BF6FF0010984F84C0009
:10E820009DF85C309DF85D208AF8022003F00F000F
:10E830008AF80100A2689DF85E109DF86A709DF844
:10E840006C800191012A9DF85F1002910CBF08F0C5
:10E85000300207F030029DF86010039103F080034E
:10E860009DF86110049113439DF8631005915AB20D
:10E870009DF864100691002A9DF862B09DF865101D
:10E880009DF869C09DF86BE08AF800300EDBB9F1A5
:10E89000000F12D1A36C616842F21070013E9847DC
:10E8A00016F0FF0600F0DD80276C9EE7CDE9071C1F
:10E8B000CDF824E0B9F1000F0BD0002560E7214628
:10E8C0001D20FEF7F1FF276C814600289DD19D2079
:10E8D0009CE7D4F8409000F15A030AF10302B9F121
:10E8E000000F00F0A582616C002900F0A182A16CEC
:10E8F000002900F09D82217B002900F05A821146F8
:10E90000184601226368C84784F84C00002840F08C
:10E91000BD809AF80130D4F840905033DBB20AF150
:10E920000402B9F1000F00F08382616C002900F04D
:10E930007F82A16C002900F07B82217B002900F0FE
:10E9400066821146184601226368C84784F84C0065
:10E95000002840F09B809AF80130D4F8409064334E
:10E96000DBB20AF10502B9F1000F00F06182616CBF
:10E97000002900F05D82A16C002900F05982217B02
:10E98000002900F034821146184601226368C84706
:10E9900084F84C00002879D1E38BDFEDD75ADFED06
:10E9A000D76ADFEDD74A9FEDD74A039A9FEDD65A33
:10E9B00006EE103A059B1B0943EA0B1B049B4BEA2E
:10E9C000033BB8EE466A94F9223007EE90BA66EE41
:10E9D000C66AB8EEE77A25EEC66A07EE903AE7EE29
:10E9E000046AB4F92030A7EE246A1009029AF8EEFE
:10E9F000E77AB3EE004A67EE847AB0EE467A67EEC5
:10EA0000A67A06EE103A67EEA67AB8EEC66A40EA33
:10EA10000210E7EE067A019A214627EE857A40EA4F
:10EA20000230C4ED0E7A8AED027AFEF707FEDDE9C8
:10EA300006238AED030A43EA0220FEF7B9FEA36823
:10EA40008AED040A012B00F0F681089B94F93E2020
:10EA5000B80940EA830007F00F01FEF763FF8AED73
:10EA6000050A9AF90030002BAABF00254FF00009D3
:10EA70004FF0020984E611461846256C63680122AE
:10EA8000A84784F84C0000283FF417AF6FF0010945
:10EA900013E7256C002D3FF49CAE636C002B3FF414
:10EAA00098AEA36C002B3FF494AE237B002B00F0B8
:10EAB0006381502063681E220FA9A84784F84C0088
:10EAC00000287FF486AE0CABDFED8BAA9FED8CAAFD
:10EAD000DFED8A9A9FED8B9ADFED8B8A9FED8BBAE3
:10EAE000019317ADB3EE008AB9F1000F7FF471AE58
:10EAF000CDE9039A0198EB7895F802B050F8046BD1
:10EB000095F804A0AA796979D4F8089001901B01BE
:10EB1000687895F808C02F7895F807E095F809808F
:10EB2000B07043EA0B3343EA1A1095F810B095F829
:10EB30000EA0EB7B02931201B9F1010F42EA013200
:10EB400048EA0C2842EA1E1208BF0BF0300C07F00E
:10EB5000800E18BF0AF0300C4CEA0E033370E38BC2
:10EB600006EE903A07EE902AF8EE666AB8EEE76A8B
:10EB700029EEE67A94F92230A6EE097A07F00F0121
:10EB800036AA05EE903A27EE077AB4F92030717074
:10EB90006AEEE66AF8EEE55AE6EE0A6A11446F7B21
:10EBA00011F89C2C327167EE087A07EE103A67EE86
:10EBB000A57AB8EEC76A11F8923C11F8881C7171F9
:10EBC000E6EE867A2146F37027EEA87AC4ED0E7A37
:10EBD00086ED027AFEF732FD404686ED030AFEF727
:10EBE000E7FD4FEA9A10B9F1010F0AF00F0140EA70
:10EBF000870086ED040A5AD094F93E20FEF792FE73
:10EC000011350DF18F039D4286ED050A7FF472AF39
:10EC10009DF9A8209DF99030002ADDE9039A4FEA7A
:10EC2000D37501DA0135EDB29DF9C0100029BCBFE2
:10EC30000135EDB2002B6BDB002A03DA2AAB0C9313
:10EC400024AB0D930C9B93F90020002AC0F29F8007
:10EC5000002902DA30AA0C920E93DDE90D3293F905
:10EC60000010002964DB92F90010002901DACDE9D7
:10EC70000D23DDE90C760FCF54460FC497E803004F
:10EC800084E803000FCE0AF118040FC496E80300CD
:10EC90000E9E84E803000FCE0AF130040FC496E8FC
:10ECA000030084E80300002D7FF46AAD91E5029A29
:10ECB0004FEA9B1343EA82030BF00F0B4FF48022C1
:10ECC00022FA0BFB07EE90BA03EB430303F5206334
:10ECD00007EE103AF8EEE77AB8EEC77A67EE8B7A6D
:10ECE0001135C7EE876A0DF18F039D42C6ED056AA7
:10ECF0007FF400AF8CE700BF0000803A00000039CD
:10ED00000000803800000037CDCC4C390024744915
:10ED1000002A97DA9DF892209DF8AA309B1A9BB2A0
:10ED20009A1C92B2012A89D91BB2022B8ADD85E78F
:10ED300092F9001000299CDA98789178091A89B222
:10ED4000881C80B2012892D909B202298FDC90E791
:10ED500021461D20FEF7A8FD28B9276C9D202EE531
:10ED60004FF0FF3911E5256C6368332217A91D2088
:10ED7000A84784F84C002CE521465020FEF794FD6E
:10ED8000256C814600287FF494AED02092E60029BD
:10ED9000BFF663AF99789DF8C220521A92B2911CC7
:10EDA00089B201297FF656AF12B2022A7FF755AF1A
:10EDB00050E7184621460B920A93FEF775FDDDE9F0
:10EDC0000A32814620B9D4F8409043F0800396E59A
:10EDD00011461846256C63680122A84784F84C0048
:10EDE00000283FF46AAD51E64FF0FF3918E51846A8
:10EDF00021460B920A93FEF757FDDDE90A32814660
:10EE00000028E5D1D4F8409043F08003BBE51846D4
:10EE100021460B920A93FEF747FDDDE90A3281464F
:10EE200000287FF428AED4F8409043F0800388E5B2
:10EE30004FF0FF3941E509995FED4C6A4FEA9813AD
:10EE40004FF4802208F00F0843EA810322FA08F207
:10EE500007EE102A03EB430303F52063B8EEC77AED
:10EE600007EE903A27EE267AF8EEE77AC7EE276AA1
:10EE7000CAED056AF5E500BF2DE9F04792B047F20B
:10EE80007013ADF80C30B9B307460E46002011469A
:10EE90001546FFF775F8044618B1204612B0BDE8D4
:10EEA000F087984B93E807000DF1100CACE80300D5
:10EEB000ACF800200DF11C0CACE803000DABACF875
:10EEC00000200DF1280CACE8030003C3022F4FF023
:10EED0006E01ACF800201A808DF80B1000F0228132
:10EEE000032F03D0012F0DD00124D6E7F16819B10B
:10EEF000B068002840F056834FF0FF34204612B02F
:10EF0000BDE8F08795F83C30DFED7F7A9FED7F5AC2
:10EF100095F91C20DFED7E4A95F91910DFED7F5A37
:10EF2000DFED7F2A9FED7C3A9FED7A4A07EE103A9B
:10EF3000B8EE477AB1EE006A37EE067A95F93D30C1
:10EF400086EE072A06EE903AB7EE006AF8EEE66A19
:10EF5000F0EE463AE6EEA73AB5F91A3007EE103A67
:10EF60007388B8EEC77AB3F5C87FF0EE637A28BF2E
:10EF70004FF4C873C2EE273AE7EE054A07EE902A2F
:10EF800007EE103A95F90E20F8EE476A05EE101AD2
:10EF9000B8EEE77A07EE902AB8EEC55AF8EEE77AAF
:10EFA000A4EEA66A5A23B2888DF81030F0EE656A96
:10EFB00067EE277AE5EE226A64238DF8283067EE43
:10EFC000837ABBEE097AE6EE867AB2F57C6FA3EE21
:10EFD000A77A67EE047AFCEEE77A17EE903A8DF89E
:10EFE0001C3080F025843F2A40F27E832046920820
:10EFF00001303F2AC0B2FAD88401E3B21344DBB235
:10F000008DF834300122002704A82B4607A901926D
:10F01000FEF722FF044600287FF43FAF019A0DA9B6
:10F020002B460AA8FEF718FF044600287FF435AFE8
:10F03000002D3FF461AF2C6C002C3FF45DAF6B6C86
:10F04000002B3FF459AFAB6C002B3FF455AF2B7B3B
:10F05000002B00F04D8370206B680AA90222A047A4
:10F06000044685F84C00002840F056833378012B85
:10F0700000F05883214608229DF829309DF8280089
:10F080002E6C03F0C00307F00F071F4320F00803A6
:10F090001A430F430023CDE90D33CDE910338DF82A
:10F0A00029708DF828200F93002E3FF425AF6F6C48
:10F0B000002F3FF421AFAB6C002B3FF41DAF2B7B37
:10F0C000002B00F03683D1B29DF80C009DF80D2086
:10F0D0009DF829308DF834008DF835108DF83620E4
:10F0E0008DF837306B689DF8340003220DF135013F
:10F0F000B8470028044685F84C0018BF6FF001049B
:10F10000CBE600BF3CE504006F12033B6F12833275
:10F1100075021A3B9A9959400000803A0000444217
:10F120000000803DF268002A3FF4E6AEB168002995
:10F130003FF4E2AE708A377C002808BF0324002F1A
:10F1400000F0018295F83C305FED117A1FED112A35
:10F150001FED115A95F919C05FED0F2A5FED115A95
:10F160001FED133A1FED154A07EE103AB8EE477A35
:10F17000B1EE006A37EE067A95F93D30C6EE071A11
:10F1800007EE103A5A238DF810300B88B3F5C87F7C
:10F1900028BF4FF4C873B8EEC77AF7EE006A06EEE0
:10F1A000103AF0EE663AB5F91A30E7EE273A012F39
:10F1B00007EE103A95F91C30B8EEC77A07EE903A90
:10F1C00095F90E30C1EEA34AA7EE025AB8EEE77ADF
:10F1D00007EE903A03EE90CAF8EEE77AB8EE466A88
:10F1E000F8EEE33A67EE277AB0EE662AA5EE062A35
:10F1F0004FF064038DF82830E3EEA25A67EE837A6D
:10F20000BBEE097AF0EE673AE5EE823AB0EE636A59
:10F21000F0EE473AE4EE863A23EE846ABCEEC66A24
:10F2200016EE103A8DF81C3013888DF8343040F209
:10F2300004835B238DF811304B88B3F5C87F28BF5A
:10F240004FF4C87306EE103AB8EE466AF0EE663A2E
:10F25000E6EE053A65238DF82930022FB0EE636A99
:10F26000F0EE673AE6EE253AB0EE636AF0EE473A22
:10F27000E6EE243A23EE846ABCEEC66A16EE103A35
:10F280008DF81D3053888DF8353000F05C815C239B
:10F290008DF812308B88B3F5C87F28BF4FF4C87340
:10F2A00006EE103AB8EE466AF0EE663AE6EE053A39
:10F2B00066238DF82A30032FB0EE636AF0EE673ACA
:10F2C000E6EE253AB0EE636AF0EE473AE6EE243A0F
:10F2D00023EE846ABCEEC66A16EE103A8DF81E3034
:10F2E00093888DF8363000F02E815D238DF8133031
:10F2F000CB88B3F5C87F28BF4FF4C87306EE103A29
:10F30000B8EE466AF0EE663AE5EE063A67238DF807
:10F310002B30042FB0EE636AF0EE673AE5EE863AE2
:10F32000B0EE636AF0EE473AE4EE863A23EE846A82
:10F33000BCEEC66A16EE103A8DF81F30D3888DF8F1
:10F34000373000F000815E238DF814300B89B3F55F
:10F35000C87F28BF4FF4C87306EE103AB8EE466A6D
:10F36000F0EE663AE5EE063A68238DF82C30052F6C
:10F37000B0EE636AF0EE673AE5EE863AB0EE636AA5
:10F38000F0EE473AE4EE863A23EE846ABCEEC66AB3
:10F3900016EE103A8DF8203013898DF8383000F0D1
:10F3A000D2805F238DF815304B89B3F5C87F28BF15
:10F3B0004FF4C87306EE103AB8EE466AF0EE663ABD
:10F3C000E5EE063A69238DF82D30062FB0EE636A1C
:10F3D000F0EE673AE5EE863AB0EE636AF0EE473A51
:10F3E000E4EE863A23EE846ABCEEC66A16EE103A64
:10F3F0008DF8213053898DF8393000F0A4806023D6
:10F400008DF816308B89B3F5C87F28BF4FF4C873C9
:10F4100006EE103AB8EE466AF0EE663AE5EE063AC7
:10F420006A238DF82E30072FB0EE636AF0EE673A4C
:10F43000E5EE863AB0EE636AF0EE473AE4EE863ADD
:10F4400023EE846ABCEEC66A16EE103A8DF82230BE
:10F4500093898DF83A3076D061238DF81730CB89B7
:10F46000B3F5C87F28BF4FF4C87306EE103AB8EE64
:10F47000466AF0EE663AE5EE063A6B238DF82F30D9
:10F48000082FB0EE636AF0EE673AE5EE863AB0EE2A
:10F49000636AF0EE473AE4EE863A23EE846ABCEE05
:10F4A000C66A16EE103A8DF82330D3898DF83B30BA
:10F4B00049D062238DF818300B8AB3F5C87F28BF76
:10F4C0004FF4C87306EE103AB8EE466A6C23E5EEC8
:10F4D000066A8DF83030092FB0EE676AA5EEA66A8D
:10F4E000A4EE867A27EE047ABCEEC77A17EE103ABD
:10F4F0008DF82430138A8DF83C3024D063238DF8A6
:10F5000019304B8AB3F5C87F28BF4FF4C87307EE94
:10F51000103AB8EE477AF7EE006AE5EE076A6D2317
:10F520008DF83130BBEE097AE5EEA67AA4EEA77A23
:10F5300067EE047AFCEEE77A17EE903A8DF8253004
:10F54000538A8DF83D3040F28273984200F2738105
:10F550004FF47A72BB4B02FB00F047F23F7183FB22
:10F5600000238842C3F30F124FF0000306D992081C
:10F5700001333F2ADBB2FAD89B01DBB21344DBB282
:10F580008DF80A30002C7FF488AC2A460DF10A0170
:10F590000DF10B00FEF72AFA044600287FF47DAC3B
:10F5A0003A4631E5377C002FFAD095F83C30DFED54
:10F5B000A61A95F919209FEDA52ADFEDA55A9FED12
:10F5C000A53ADFEDA52A9FEDA56A9FEDA54A07EEB6
:10F5D000903AF8EE677AF1EE006A77EEA67A95F93E
:10F5E0003D3086EEA71A07F15A09023802395FFA50
:10F5F00089F90DF110080DF11C0E0DF1280C0DAC60
:10F6000004EE903AF7EE006AF8EEE44AF0EE667A1D
:10F61000E4EEA17A95F91C3007EE103AF0EE671A85
:10F62000C1EE214A95F90E3003EE902AF8EEC77A22
:10F6300007EE103AB5F91A20B8EEC77AF8EEE33AB9
:10F6400005EE102A27EE877AE3EE825A5A22B8EEA8
:10F65000C55A27EE037AA5EE226ABBEE095A08F8CE
:10F66000012B30F8023FB3F5C87F28BF4FF4C873B1
:10F6700007EE903AF8EE677AF0EE663AE6EE273A51
:10F6800002F10A030CF8013BF0EE637AF0EE473A20
:10F69000E5EEA73AF0EE637AF0EE453AE7EEA43AEB
:10F6A00063EE847AFCEEE77A17EE903A0EF8013BAF
:10F6B00031F802AFBAF57C6F18D2BAF13F0F4FF0B4
:10F6C000000308D94FEA9A0A0133BAF13F0FDBB2BF
:10F6D000F8D89B01DBB25344DBB20132D2B24A45C7
:10F6E00004F8013BBBD15BE7234687E4FF23F4E743
:10F6F00029467020FEF7D8F8044610B92C6CF0208B
:10F70000AAE42E6C6B680AA902227020B04785F823
:10F710004C0000283FF4C1AB6FF00104204612B04A
:10F72000BDE8F087AB68012B0CBF202110212246D9
:10F73000A2E49DF90C20697B9DF80C70002AB4BFEF
:10F740001A46102291421ED06A736B68012207A9E3
:10F75000F320B04785F84C00002870D19DF81C209C
:10F76000697B6E6C6B6801F0100122F010020A4395
:10F770008DF81C2007A901227320B04785F84C00A2
:10F7800000285CD12B7B9DF828208DF8352007F0D0
:10F790007F078DF8347063B19DF80D209DF82930F6
:10F7A0008DF836208DF83730002C7FF476AB6F6CF7
:10F7B00098E42E6C9DF80D40002E3FF49DAB6F6CCD
:10F7C000002F3FF499ABAB6C002B3FF495AB14F0DA
:10F7D000800F6A7B14BF002310239A421FD06B73E3
:10F7E00001226B6807A9F320B04785F84C00002878
:10F7F00092D19DF81C106A7B6E6C6B6821F0100131
:10F8000002F010020A438DF81C2007A90122732080
:10F81000B04785F84C0000287FF47EAF6F6C9DF8F0
:10F8200029308DF8373004F07F038DF8363059E4F5
:10F83000FF23FFF7E5BBFF23A2E6012783E66FF076
:10F8400001049FE7C54596086F12033B0000803D09
:10F85000000044420000803A6F12833275021A3B66
:10F860009A99594048B108B5054B800143F001030E
:10F870009847BDE8084014F0ABBB14F0A9BB00BF2B
:10F8800050E5040030B585B00125044600951846C2
:10F890000DF10F038DF80F4000F0CCFA68404042A4
:10F8A00040B205B030BD00BF30B585B0044600257C
:10F8B0000092184664F07F040B46019501220DF179
:10F8C0000F018DF80F4000F063FC80F00100404212
:10F8D00040B205B030BD00BF70B584B001240DF159
:10F8E0000F06054601941846009623468DF80F50E2
:10F8F00000F0AAF96040404240B204B070BD00BFC1
:10F9000070B584B001241E4600920B460546019452
:10F91000304622460DF10F018DF80F5000F0F8F936
:10F920006040404240B204B070BD00BF0022C0E958
:10F930000422816102628284704700BFF8B50446E8
:10F9400040691746002854D000F032FA00284ED003
:10F950003C493D4A6069E062C4E91A12002384F818
:10F96000283084F83430394B2367192204F12805F4
:10F9700084F836202846FEF7ABF8C0BB002F58D0DD
:10F9800004F178060227294684F87B703046FEF79A
:10F9900079FB082384F87C3029463046FEF772FB59
:10F9A000294684F878703046FEF76CFB032384F810
:10F9B0007A3029463046FEF765FB042384F8793017
:10F9C00029463046FEF75EFB214BC4F88230012009
:10F9D00084F8800004F180012A46FFF74DFA294699
:10F9E0000120FEF7CDFAB0FA80F04009F8BD002002
:10F9F000F8BD20690E4608B114F0D2FA102014F0B8
:10FA0000CDFA31460546A26900F0FEF82561284688
:10FA1000012100F003F90028E9D00E4A0E4B2169BC
:10FA200084F828600120C4E91A2384F83400E162D4
:10FA300099E721462A4601F8807F0120FFF71CFA4A
:10FA4000CDE700BFA9F8020085F8020065F80200C2
:10FA50004001960001F90200D9F8020070B5046A6D
:10FA600006461CB1838C1C44204670BD00F128055D
:10FA700029460120FEF784FA0028F5D12A4606F12E
:10FA800078010120FEF7DEFDB6F884204FF47A7588
:10FA900005FB020510F010FA044B3062A3FB0523AE
:10FAA0009B0910FA83F4B384204670BDD34D6210D5
:10FAB00070B50446006A88B0002838D0A58C2D188F
:10FAC00018BF04F128062BD010F0F6F9281A0028E8
:10FAD00029DC002533462562A5840DF1070202A921
:10FAE0000120FEF71BFED8B99DF80730002B41D04E
:10FAF000DDED057A9DF808300499069A2160FCEE48
:10FB0000E77A13F03003A260C4ED017A35D0DDED61
:10FB1000077AFCEEE77A0120C4ED037A08B070BDE5
:10FB2000002008B070BD400010F0D2F9D1E704F118
:10FB3000280631460120FEF723FA0028F0D132468C
:10FB400004F178010120FEF77DFDB4F884204FF424
:10FB50007A7505FB020510F0AFF90A4B2062A3FB92
:10FB600005239B0910FA83F5A384002DD8D0002823
:10FB7000AAD1AEE7012008B070BD0120E36008B053
:10FB800070BD00BFD34D6210052901D90020704718
:10FB900008B580F8791000F128017830FEF772FA84
:10FBA000B0FA80F0400908BD052901D9002070474E
:10FBB00008B580F8781000F128017830FEF762FA75
:10FBC000B0FA80F0400908BD052901D9002070472E
:10FBD00008B580F87A1000F128017830FEF752FA63
:10FBE000B0FA80F0400908BD072901D9002070470C
:10FBF00008B580F87B1000F128017830FEF742FA52
:10FC0000B0FA80F0400908BD30B400252024057208
:10FC1000C460017030BC4260704700BF38B5044614
:10FC200040680D4600F00EFD0120207205B938BD78
:10FC30002178606800F0DEFD606800F043FEB0FAF5
:10FC400080F0400938BD00BF2DE9F041079F044610
:10FC5000C06815463A44824202D90020BDE8F081CE
:10FC60000E4660682178984600F0C4FD4FB1069BAF
:10FC70003BB16068194603683A465B689847B842EA
:10FC8000EBD16068036831465B682A469847854235
:10FC9000E3D16068414600F0B7FDB0FA80F040095A
:10FCA000BDE8F08192B32DE9F84F074689469A46A0
:10FCB00090460026FB6839787868A8EB06049C42D9
:10FCC00028BF1C46A8EB0403B34294BF534600234D
:10FCD000E2B200F03BFD844215D174B14FF0000B4D
:10FCE0005D46786803681B699847013509EB0B038B
:10FCF000ADB2AC429855AB46F3D82644B045D9D8FE
:10FD00000120BDE8F88F0020BDE8F88F0120704782
:10FD10002DE9F0470446C068DDF820809DF8247086
:10FD2000824202D90020BDE8F08760680E46217843
:10FD30001546994600F05EFD6068036831465B68D1
:10FD40002A4698478542EDD16068394600F05CFD4F
:10FD50000028E7D10746B8F1000F25D0E3682178E5
:10FD60006068A8EB07059D4228BF1D46A8EB050368
:10FD7000BB428CBF00230123EAB200F0E7FC8542BE
:10FD8000D0D175B14FF0000A5646606803681B6910
:10FD90009847013609EB0A03B6B2B542D855B246C8
:10FDA000F3D82F44B845D9D80120BDE8F08700BF6B
:10FDB00038B5044690F90E00411C07D0012113F01C
:10FDC000D9F894F90E00012113F058F9256835B1DE
:10FDD000284600F071FE012084F8340038BD01216E
:10FDE00094F90F0013F0C6F8637B94F90F00012B10
:10FDF00094BF2946012113F041F994F91000421CE7
:10FE00000AD194F91100431CE5D0002113F0B2F897
:10FE1000012084F8340038BD012113F0ABF894F9C7
:10FE20001000012113F02AF994F91100431CD2D0DB
:10FE3000EBE700BF2DE9F04F044687B00068109D46
:10FE4000CDE90221994620B1636893E8060000F0ED
:10FE500077FE94F90E00461C40F09581002D5CD091
:10FE600009EB050B9B4F0BF1FF33019309F1FF39B0
:10FE700047F00107206819F8018F8DF817800028D6
:10FE800040F07581237B944EA268B6FBF2F6002BFE
:10FE90000CBF0125802518EA050FF6B20CBF4FF004
:10FEA000010A4FF0000A4FEA861B0EB15846B847C8
:10FEB000637B13F0FD0F00F01181032B00F0EA804B
:10FEC000A269E36A11680B43136016B15846B8473C
:10FED000A26994F91030013309D06069636A01683E
:10FEE00018EA050F14BF0B4321EA030303601168EE
:10FEF000E36A21EA0303136094F9113001331CBF54
:10FF0000E3691B68237B002B40F013816D0015F023
:10FF1000FF05CAD1019B9945ACD1029B002B58D05B
:10FF20001A469246039A6B4B92440AF1FF310191B3
:10FF300002F1FF3B43F0010820681BF8017F8DF8B8
:10FF40001770002840F01981237B634EA268B6FB2E
:10FF5000F2F6002B0CBF012580252F42F6B20CBF14
:10FF60004FF001094FF000094FEA861A0EB15046D2
:10FF7000C047637B13F0FD0F62D0032B40D0A26912
:10FF8000E36A11680B43136016B15046C047A2697B
:10FF900094F91030013308D06069636A01682F4218
:10FFA00014BF0B4321EA030303601168E36A21EAEB
:10FFB0000303136094F9113001331CBFE3691B681C
:10FFC000237BABB96D0015F0FF05CFD1019B9B459D
:10FFD000B2D194F90E00451C02D0012113F04EF865
:10FFE000206808B100F00EFE012007B0BDE8F08FD8
:10FFF0006B10DDB2002BB9D1019B9B459CD1E8E78A
:020000023000CC
:1000000094F91030013308D06169636A0A682F429D
:1000100014BF134322EA03030B60A269E36A116869
:1000200021EA03031360002E00F097805046C0477A
:10003000A169E36A0A6813430B605046C047B9E7F9
:1000400094F910305A1C10D017EA050014BF012390
:1000500000234B4509D06169636A0A68002800F0F3
:10006000818013430B604FF00109A269E36A1168B4
:100070000B43136016B15046C047A26994F9113082
:1000800001331CBFE3691B681168E36A21EA0303BB
:10009000136095E794F91030013309D06169636A00
:1000A0000A6818EA050F14BF134322EA03030B6022
:1000B000A269E36A116821EA03031360002E47D0A6
:1000C0005846B847A169E36A0A6813430B6058466B
:1000D000B84711E760E5040020A1070094F910304B
:1000E000591C0ED018EA050014BF01230023534504
:1000F00007D06169636A0A6828B313430B604FF045
:10010000010AA269E36A11680B43136016B15846ED
:10011000B847A26994F9113001331CBFE3691B6829
:100120001168E36A21EA03031360237B002B3FF489
:10013000EDAE6B10DDB2002B7FF4B7AE019B99459D
:100140007FF498AEE9E622EA030382460B60D8E723
:100150001168E36A0B431360CEE61168E36A0B4350
:10016000136027E722EA030381460B607DE7012243
:100170000DF1170100F05CFDCCE601220DF1170135
:1001800000F056FD22E7002112F078FF66E600BF7E
:100190002DE9F04F824687B000689DF844B0029385
:1001A0008846144628B1DAF8043093E8060000F0D7
:1001B000C7FC9AF90E00451C40F0E381002C6BD07F
:1001C00008EB040909F1FF33A64E019308F1FF3350
:1001D00046F001069946CDF80CB0DAF8000019F89F
:1001E000017F8DF81770002840F0BD819AF80C301F
:1001F0009D4DDAF80820B5FBF2F5002B0CBF012469
:1002000080242742EDB20CBF4FF001084FF00008E8
:100210004FEA851B0DB15846B0479AF80D3013F0E0
:10022000FD0F00F04881032B00F02081DAF8182040
:10023000DAF82C3011680B4313601DB15846B047F3
:10024000DAF818209AF9103001330AD0DAF81400DD
:10025000DAF824300168274214BF0B4321EA030374
:1002600003601168DAF82C3021EA030313609AF96D
:10027000113001331CBFDAF81C301B689AF80C30BF
:10028000002B40F04B81640014F0FF04C2D1019BAD
:100290004B45A2D1DDF80CB0109B002B70D0029919
:1002A000704ACB18013B02934B1E019342F00108A8
:1002B000DAF800008DF817B0002840F05A819AF85B
:1002C0000C20694EDAF80830B6FBF3F6002A0CBFB2
:1002D000012480241BEA040FF6B205460CBF4FF040
:1002E00001094FF00009B7010EB13846C0479AF82E
:1002F0000D3013F0FD0F7FD0032B56D0DAF8182005
:10030000DAF82C3011680B4313601EB13846C04731
:10031000DAF818209AF9103001330BD0DAF81410FB
:10032000DAF8243008681BEA040F14BF034320EAFC
:1003300003030B601168DAF82C3021EA0303136021
:100340009AF91130013307D0DAF81C20DAF8283096
:1003500012681A4218BF25439AF80C3003BB640098
:1003600014F0FF04C0D19AF91130013308BF9DF891
:100370001750019B029A03F8015F9342019397D1B2
:100380009AF90E00441C02D0012112F077FEDAF82F
:10039000000008B100F036FC012007B0BDE8F08F86
:1003A0006310DCB2002B9FD1DDE79AF910300133E6
:1003B0000BD0DAF81410DAF824300A681BEA040FBC
:1003C00014BF134322EA03030B60DAF81820DAF8AB
:1003D0002C30116821EA03031360002E00F0B38073
:1003E0003846C047DAF81810DAF82C300A68134398
:1003F0000B603846C047A3E79AF910305A1C12D058
:100400001BEA040114BF012300234B450BD0002934
:1004100000F09F80DAF81410DAF824300A681343E9
:100420000B604FF00109DAF81810DAF82C300A687E
:1004300013430B601EB13846C047DAF818109AF91A
:100440001130013307D0DAF81C20DAF828301268AE
:100450001A4218BF25430A68DAF82C3022EA03034F
:100460000B6079E760E5040020A107009AF91030DD
:1004700001330AD0DAF81410DAF824300A68274277
:1004800014BF134322EA03030B60DAF81820DAF8EA
:100490002C30116821EA03031360002D4DD058461B
:1004A000B047DAF81810DAF82C300A6813430B60FA
:1004B0005846B047DBE69AF91030591C10D017EABD
:1004C000040014BF01230023434509D0DAF81410B7
:1004D000DAF824300A6858B313430B604FF0010870
:1004E000DAF81820DAF82C3011680B4313601DB1CC
:1004F0005846B047DAF818209AF9113001331CBF7A
:10050000DAF81C301B681168DAF82C3021EA030392
:1005100013609AF80C30002B3FF4B5AE6310DCB2D8
:10052000002B7FF477AE019B4B457FF456AEB1E6CE
:1005300022EA030380460B60D2E71168DAF82C3018
:100540000B43136093E61168DAF82C300B43136009
:10055000F6E6DAF81420DAF82430106820EA03030B
:10056000894613605FE701220DF1170100F060FB7F
:100570008DE601220DF1170100F05AFB9DF817508E
:10058000F7E6002112F07AFD18E600BF0020704760
:10059000704700BF203013F007B900BF38B5437F64
:1005A0000BB9002038BD00F1680420460D4613F059
:1005B00009F90028F5D12046294613F0D5F8012085
:1005C00038BD00BF203013F0E1B800BF203013F079
:1005D000F1B800BF2DE9F04F83B0019272B34C1E09
:1005E000174F0546C1F1010604EB020800F1680A45
:1005F0002B681B68BB4206EB040B14F8019F17D154
:100600006B7F50461BB9584603B0BDE8F08F13F01E
:10061000D9F8034649465046002BF4D113F0A4F80C
:100620004445E5D1DDF804B0584603B0BDE8F08F8D
:100630004946284698470028F2D1E4E79346E2E786
:100640009D05030030B4837E1F2B4FF0010288BF4D
:1006500003F01F03C27603F5E0738CBF244A4FF00A
:10066000A04240F20C6142F82310437E02691F2B26
:1006700086BF03F01F031E494FF0A04103F5E0734E
:1006800040F20C6441F823404FF0CC710623C2F8CD
:100690002415C2F80035837EC2F8083590F9183069
:1006A000417EC2F80C15002B1ADB124C5A0903F0DC
:1006B0001F05603201212344A940602544F822101F
:1006C00083F8005390F91830002B07DB094903F039
:1006D0001F0001225B09824041F8232030BC704793
:1006E000054A03F00F031A4460231376EAE700BFBC
:1006F0000003005000E100E0FCEC00E0C37E9BB191
:100700000B4A036991424FF00000C3F800050CD971
:10071000084A914294BF4FF080614FF0C8610622B1
:10072000C3F82415C3F8002570474FF0CC71F6E7E5
:10073000A086010090D00300034B53F821104176AE
:1007400053F8223083767047FCEB04002DE9F84320
:10075000154612B91046BDE8F883064600F1200997
:1007600048460F46984613F00DF834690123C4F843
:1007700088752362C4F83495C4F83855236002E0C4
:10078000D4F824211AB9D4F84C21002AF8D0002337
:10079000C4F84C3102E0D4F824211AB9D4F85C2111
:1007A000002AF8D00023C4F85C31B8F1000F02D160
:1007B000D4F82431A3B101236361D4F80431002BB0
:1007C000FBD00023C4F80431D4F8243113B1002342
:1007D000C4F82431D4F83C053066C0B2BDE8F883D3
:1007E0000123E361D4F84831002BFBD00023C4F887
:1007F0004831E9E710B5044680F8B010683012F0CF
:10080000C1FF0123637710BDF8B5036904460022D8
:1008100090F8B0006277012704F16806C3F88805F4
:10082000C3F8042130461F62C3F844650D4612F038
:10083000BBFF2369C3F848059F6002E0D3F8242179
:100840001AB9D3F85021002AF8D00022C3F8502159
:10085000304612F0A9FF236920BB0022C3F86021B3
:1008600015B9D3F8242112B301225A61D3F8042117
:10087000002AFBD00022C3F80421D3F8240160B180
:100880000022C3F82421D3F8C404C3F8C404022806
:1008900003D004280CBF03200420F8BDD3F8242182
:1008A000002ADAD1D3F86021002AF7D0D5E7012257
:1008B000DA61D3F84821002AFBD00022C3F848218E
:1008C000DBE700BF0121FFF79FBF00BF70B52A4CD7
:1008D0006369D3F86421002A3CD1D3F86821F2B9C6
:1008E000D3F8042122B1227F0021C3F8041162B998
:1008F000D3F8242142B10022C3F82421D3F8D02414
:10090000C3F8D02401225A6170BDD4F8B820D3F8BE
:100910003C052066002AEBD090476369E8E7002297
:10092000C3F8682115484FF48073A38312F02AFF9F
:10093000D4F8B43003B1984763691048C3F844054C
:100940000023637712F030FF63690122C3F8480582
:100950005A63C5E7002204F12006C3F8642101258B
:100960003046257712F00EFF63694022C3F83465E4
:10097000C3F838251D63B0E7306E0020986E002064
:1009800070B52A4C6369D3F86421002A3CD1D3F8AE
:100990006821F2B9D3F8042122B1227F0021C3F8E3
:1009A000041162B9D3F8242142B10022C3F82421F2
:1009B000D3F8D024C3F8D02401225A6170BDD4F8F2
:1009C000B820D3F83C052066002AEBD09047636935
:1009D000E8E70022C3F8682115484FF48073A38329
:1009E00012F0D0FED4F8B43003B1984763691048D0
:1009F000C3F844050023637712F0D6FE6369012231
:100A0000C3F848055A63C5E7002204F12006C3F87D
:100A1000642101253046257712F0B4FE6369402237
:100A2000C3F83465C3F838251D63B0E7EC6E0020C9
:100A3000546F00202DE9F8431A4DDFF878901A4CD6
:100A40001A4F284600264FF47A7840F8209BC5E9D3
:100A5000016812F07DFE05F1680012F079FE0323B3
:100A600020462B763B696B76114B7A6940F8209BC8
:100A7000C5E90433AA76C4E901686E7712F068FE0E
:100A800004F1680012F064FED7E9102104204FF051
:100A90004023C4E90433667720766176A276BDE808
:100AA000F88300BF306E0020EC6E0020FCEB0400E9
:100AB0000030004070E50400437C03B1704730B55E
:100AC0004FF4807285B002820321FF220193044615
:100AD0008DF803208DF806208DF80510827B417B70
:100AE0008DF800204FF080451A4602958DF80110D0
:100AF000057BC373694603938DF8025011F080FDA6
:100B0000A37B1F2B86BF03F01F030C4A4FF0A042AC
:100B100003F5E07340F2013142F82310637B1F2B91
:100B200086BF03F01F03054A4FF0A04203F5E073B0
:100B300040F2033142F8231005B030BD00030050ED
:100B400010B483B002AB03E906009DF805109DF8D0
:100B500004200368013918BF01210024022AC3F8C8
:100B600000450C460174C27332D0032A2DD0012AED
:100B700028D0224A0099B2FBF1F2B2F5007FC3F807
:100B8000544504D2FF2A0DD94FF0806101E04FF0A7
:100B900000710722C3F82415C3F8002503B05DF8DF
:100BA000044B70477F2A16D83F2A17D81F2A18D817
:100BB0000F2A19D8072A02D811498B4217D04FF0B3
:100BC0000041E6E741F00204D3E741F00604D0E734
:100BD00041F00404CDE74FF00061DAE74FF08051B7
:100BE000D7E74FF00051D4E74FF08041D1E7032A17
:100BF0008CBF4FF020614FF0A051CAE70090D003A6
:100C000000F0024003680022C3F80025704700BFCF
:100C100010B4064C54F82110017354F8222082734A
:100C200054F8233043735DF8044B7047FCEB040029
:100C30008AB32DE9F041074684B00C4615464FF6BD
:100C4000FF7845452E464FF000026946384600942D
:100C500028BF464654B1CDE90164039611F012FE57
:100C6000AD1B3444EDD104B0BDE8F0814FF6FF7800
:100C700004E045452E46009428BF464600226946BA
:100C80003846CDE90144039411F0FCFDAD1BF0D1D1
:100C900004B0BDE8F081704730B587B001230D4640
:100CA0000DF10704002202A9CDE903348DF80750A5
:100CB0000294059311F0E6FD9DF8070007B030BDE2
:100CC0000F49104A1048114B70B44D6A0C6A1573E5
:100CD00001251060886A15714E6E947350734C6FC5
:100CE000886E0B4D1E7300219C735873D173118253
:100CF0001971D97319821D60916070BC9960704739
:100D0000FCEB0400A86F002000F00240BC6F002044
:100D10000030024072DF704773DF704777DF704743
:100D200038B5054608460C4602F03EFA102803D0B6
:100D300080280ED0012038BDEB7FA2881B2B0EDC53
:100D4000E9180320E85448704A80EB7F0433EB77BE
:100D5000F0E7A368002BEDD0E97F0D2901DD00202D
:100D600038BD6A18112068540721517058681C68F2
:100D70009968DB68C2F80E30C2F80600C2F802407B
:100D8000C2F80A10EB7F1233EB77012038BD00BFA9
:100D90000022C2770270704730B5D1E9042485B0D3
:100DA000CD68074B00936946CDE902240195FFF712
:100DB000B7FF0446684602F0D3F9204605B030BDBF
:100DC000E0E50400F0B589B00646202213486946E4
:100DD00002F034FEF37FC2181D2A0CDDC3F11D049E
:100DE000E4B2E2181D2A4FF00005D8BF082705DD40
:100DF000284609B0F0BD044601250927F218601CF9
:100E0000F05469465770901C224618F0EFFBF27FB1
:100E1000023214442846F47709B0F0BDE86F002090
:100E200010B50446094802F067FEE37F1C2B01DD84
:100E3000002010BDE2180221E1540A239070537083
:100E4000E37F0333E377012010BD00BFE86F00208C
:100E5000C27F1C2A01DD0020704710B403469C1895
:100E6000022098540120A1706070DA7F0332DA7793
:100E70005DF8044B704700BF10B4084A084C09499C
:100E800002620022C0E90A41C0E90C225DF8044B6D
:100E90000270C27742628263704700BFFF010100A7
:100EA0002000F40020001E00C18570470185818567
:100EB0004285704780F82210704700BFF0B5154694
:100EC00005EB8503274A89B0044603EB8303002022
:100ED0000E469B0011680290CDE90460ADF8143015
:100EE00094F821308DF80830CB07CDE90600039047
:100EF00009D41D491D4BC87FE77F988101201C60E4
:100F000099609F801060194902AA04F12000FFF740
:100F100001FF10B1002009B0F0BD94F82010144872
:100F2000019102F0E9FD019902460120FFF7F6FE6A
:100F30000028EFD194F820000121FFF7EDFE0028F2
:100F4000E8D10B4802F048FE628EA68595424FF02C
:100F5000010094BF521B921A628684F8230009B0E4
:100F6000F0BD00BFD06F002064760020D46F002059
:100F7000E86F0020F0B5002361F30F032D4D044608
:100F800061F31F4389B00363FA21284602F0BCFDD8
:100F9000E68D2949278D0868049706EB860303EB45
:100FA000830300229B000592ADF8143094F82130A1
:100FB00002928DF80830C307CDE9062203920BD4C4
:100FC0001E4BE27F95F89B069A8005F27C65012214
:100FD0001C609D6098810A60184902AA04F12000F3
:100FE000FFF798FE10B1002009B0F0BD94F8201072
:100FF0001048019102F080FD019902460120FFF79F
:101000008DFE0028EFD194F820000121FFF784FE27
:101010000028E8D1074802F0DFFD638EA7859E42D5
:101020004FF0010094BF9B1BDB1A638684F82300FA
:1010300009B0F0BDE86F0020D06F0020D46F002011
:1010400030B50B888D88112B85B0044605D0262B32
:1010500033D0102B25D005B030BD436AEB40DB0701
:10106000F9D52E4801F048F90028F4D1636A94F8C4
:101070002310012202FA05F523EA05036362002921
:10108000E9D194F82230002BE5D0238E23486386E3
:10109000FA2102F039FDE28D218D2046FFF70EFF87
:1010A000D9E7CB7B012BD6D1426A03FA05F515436C
:1010B0000023456280F82330CDE70B7A012BCAD19B
:1010C000002380F823304FF4FA71144802F01CFD1D
:1010D000238E5BB1658E95B1A36B0BB19847658E7E
:1010E000618D2A462046FFF7E9FEB4E7A36B03B102
:1010F0009847618D00222046FFF7E0FEABE70748E6
:1011000002F07EFD626B002AA5D0009503AB294654
:101110002846039511F06AFE9DE700BFE86F0020A6
:1011200075DF704710B44FF010144FF448010022DF
:10113000C0E90041C0E902225DF8044B704700BFDE
:10114000014800F0DFBE00BFD8760020F8B50025CA
:101150000D4F2E4601E0142D14D0A9B2384602F0EE
:1011600023FD013504460028F5D000F06FFD00286E
:10117000F1D0204600F074FD022804BF0136F6B21B
:10118000142DEAD13046F8BDE86F002070B58E8886
:101190001B480C4694B0314602F006FD23881A2BFA
:1011A00005D01F2B1CD0102B0FD014B070BD0546DE
:1011B00000F04EFD0028F8D0284600F04BFD002836
:1011C000F3D1284600F0B6FDEFE7694600F09AFD3E
:1011D0000028EAD06A4631460A4801F021FCE4E7DB
:1011E00054F8080F61686B4603C33046BDF8003001
:1011F000ADF802306946FFF793FF14B070BD00BF31
:10120000E86F002008700020AADF7047ABDF70474E
:10121000ACDF7047ADDF7047AEDF7047B0DF7047BF
:1012200010B5044B044640F8043B01F099FF2046FA
:1012300010BD00BF98E5040010B5054B044640F80A
:10124000043B01F08DFF204612F0AAFE204610BD9F
:1012500098E5040070B57B4B04461B68836196B02B
:10126000043001F0B1FF94F82E30A06913F032027F
:1012700008BF84F82F2013F00C0308BF84F8303027
:101280000DF10102694601F061FF94F82F209DF8ED
:10129000010015070DD09DF8001002F00F0301F0BA
:1012A0000F059D424FEA12126DD243EA021284F8F2
:1012B0002F2094F8303019070BD003F00F0100F005
:1012C0000F058D424FEA131369D241EA031384F8E4
:1012D000303094F82E1011F0300340F096800FADAE
:1012E0000F93C5E90133C5E903338DF83C10AB61B9
:1012F0000021ADF809109DF80A10206A149301230B
:1013000063F342018DF808208DF80A1008B10378C4
:1013100073BB94F8263013B104F12603129394F8AA
:1013200031200023D2070893079358BFE38AADF812
:101330001C3004F1080004F12F01CDE9050154BF70
:101340001846E08AADF82000294604F13203E56929
:10135000099505AA0020FFF757FF054628B994F81C
:10136000253043BB237D002B64D0284616B070BDCA
:10137000109019F07CF802AB80B2ADF84400ADF8E3
:1013800046001393C5E74FEA111101D191428CD366
:101390000A462B4643EA021284F82F2089E74FEAD7
:1013A000101001D1984290D30346294641EA031315
:1013B00084F830308DE7ADF80D009DF80E2094F8DC
:1013C0002F600C90012363F3420242F608118DF85E
:1013D0000E208DF8123004AA0223ADF8101003A9D4
:1013E0000D90ADF83030ADF834300A9204F124039A
:1013F0000B910DF102020AA98DF80C600E93FFF714
:1014000005FF0028AED00546AFE70F4B8DF805204D
:101410000FAD1B788DF80430022000230F938DF858
:101420000600C5E90133C5E90333AB618DF83C1013
:1014300001AB5DE72146054800F020FF284616B0C5
:1014400070BD00BFE46F00208CE50400287400200C
:101450002DE9F0410B888E88502B8AB00C4605464A
:1014600009D0512B04D18B79012B19D0022B26D016
:101470000AB0BDE8F081CB88428E9A4235D0EA8E20
:101480009A42F5D16B6D002BF2D095F84420648A16
:10149000920700F18A802246294630469847E7E7BE
:1014A000836C002BE4D090F84420520701F1080728
:1014B0006CD43A46294630469847A379D6E7A27BB2
:1014C000042A46D0062A20D0012AD1D1EB6C002B69
:1014D000CED095F84420170704F1080400F1A58048
:1014E0002246294630469847C2E7076D002FC6D0EE
:1014F00090F84430D90768D404F11208238A424690
:1015000029463046B847E388B9E7EA6B002AAFD0EE
:10151000002202A93046CDE90222CDE90422ADF82D
:101520000C208DF80830FFF779FE2C6D54B195F83A
:101530004430D80700F19280B5F84230EA6B30466B
:101540002946A047E86B0EF0F9FC0023C5E90F33EC
:101550008EE7E86B002878D0B5F84010278A628AB9
:1015600007EB020C00234FF0020E8C45CDE9063349
:10157000CDE908338DF818E039DD40F20913ADF8F4
:101580001C3006A93046FFF749FE71E703211A46D1
:10159000009106AB08213846CDE90665089711F0A1
:1015A00025FC002889D1AB6C83E7032000211A4673
:1015B000009006AB0846CDE90665089411F016FCCC
:1015C00000287FF455AF6B6D65E7218A069604F11C
:1015D0001208042300933A46404606ABCDE9088141
:1015E000079511F003FC00288DD12F6D86E79DF83B
:1015F0001EC0ADF81C3004F114014CF00103384456
:10160000ADF822208DF81E300991ADF8207017F04A
:10161000EDFF238A618AB5F842200B449BB29342C6
:1016200038BF1346A5F84230ABE703211A460091B4
:1016300006AB0E212046CDE90665089411F0D6FBD5
:1016400000287FF415AFEB6C4AE74FF480600EF092
:101650005BFC4FF48061C5E90F017FE7E86BB5F8EB
:101660004210069604230093224606ABCDE90750AC
:10167000099111F0BBFB00287FF464AF2C6D5BE790
:101680002DE9F04F0F464FF6FF718F4289B00646A5
:1016900015461C4626D0F18A96F82E308C4228BF7B
:1016A0000C46DB0615D40DF1100B8C4228BF0C46FE
:1016B0004FF00008718EADF810405A464FF6FF709B
:1016C0000595ADF81280FFF7A3FD404609B0BDE8CF
:1016D000F08F3948394602F04FFA08B1F18E31B92E
:1016E000F18AE0E7344802F053FA0746D3E70020D6
:1016F00002230DF1100BADF81200ADF810305A4670
:101700000DF10E0338460593FFF784FD43F20143C4
:1017100098424FD000284AD19DF80E8008F0010869
:10172000B8F1000F46D02448394602F03DFA82460F
:10173000A0B300F097FA033883B2002CC5D0CDF8DF
:1017400004804FF00009984605E0BDF80E30E41A19
:10175000A4B21D4444B3504600F0A2FAA04503468B
:101760004246594628BF22463846BBB1ADF80E2046
:101770004FF00102738E8DF812200DF10E02CDE9AB
:101780000625CDF813908DF81790ADF81030FFF7BF
:1017900043FD0028D9D0504600F08CFA4FF00008E5
:1017A000404609B0BDE8F08FDDF804808DE700F019
:1017B0000108B5E7F18A78E7E86F002070B44E6859
:1017C000164A86600260D1E90262154B154D1C78FD
:1017D00045600261142500220321C0E90F22C0E9FF
:1017E0001222C0E91422C660C58280F8311080F848
:1017F00044200275826102628284C0F82620C0F80B
:101800002A2080F82E20C26142864263028780F837
:101810002F4080F8304070BC704700BF98E504004E
:101820008CE50400E0E5040001230375704700BF68
:1018300080F82E10704700BFC182704741B190F808
:101840003130C182002262F3000380F831307047EA
:1018500090F83130012262F3000380F83130704794
:1018600080F82F1080F83020704700BF10B490F837
:10187000443090F83140C164003918BF012161F350
:10188000041462F3C30380F8314080F844305DF8FB
:10189000044B704751F8322F02604968416070472D
:1018A00030B5C48A83B0944223460D4628BF134600
:1018B000418E019500246A464FF6FF70ADF8003066
:1018C000ADF80240FFF7A4FC18B9BDF8000003B062
:1018D00030BD204603B030BD30B5C38A85B00A465E
:1018E000022B28BF0223418EADF8062000240DF103
:1018F000060502AA4FF6FF70ADF80830ADF80A40B1
:101900000395FFF785FC18B9BDF8080005B030BD98
:10191000204605B030BD00BF90F82E3013F0100304
:1019200001D11846704730B5044685B011480D46C0
:1019300002F022F910B1E18E11B9084605B030BDB0
:101940000DF1060328460024022502AA0393ADF8F0
:101950000A40ADF80850FFF75DFC43F2014398429E
:1019600006D008B99DF8060000F0010005B030BDB2
:101970002046E3E7E86F002010B490F82E4014F002
:10198000100407D013465DF8044B0A464FF6FF716A
:10199000FFF776BE20465DF8044B7047A1DF704725
:1019A000A3DF7047A4DF704700238383704700BF25
:1019B000006A00F0E3B800BF808B70472DE9F0416A
:1019C0000B88CE88382B86B00C46054606D0392BBE
:1019D00066D0362B43D006B0BDE8F08100F1240775
:1019E000002E36D10A8A3846314602F021FB94F89F
:1019F0000C80B8F1010F2CD0B8F1040FEBD1286A9C
:101A000000F0BCF801465C4802F0CEF800F02AF97C
:101A10002A8E053883B2934228BF1346002B00F06C
:101A20009A80218AE289286AAC8B8DF80D600A447D
:101A3000E96A05918DF80C80ADF81230ADF81020F0
:101A4000ADF80E4000F09AF803A9FFF7A9FF0028AF
:101A5000C1D0384602F004FB06B0BDE8F081006A50
:101A600000F08CF80146444802F09EF800F0FAF8C5
:101A700007466EBB05F12406E289304604F11001E9
:101A800002F0D6FA2B8E2BB1F81EE38980B2013812
:101A9000834255DA304602F0E3FA06B0BDE8F08141
:101AA0000B7B012B1AD0022B95D1836B002B92D08C
:101AB00090F83C208F8892071FD401F11006E2892C
:101AC00031462846984761893846FFF76BFF82E721
:101AD00005F12407384602F0C3FABDE7436B002B3B
:101AE0003FF479AF90F83C20D10717D404F11006E9
:101AF000E2893146284698476DE7C989039004F189
:101B0000100603201A46009003AB3046CDE904616D
:101B100011F06CF90028D6D1AB6BD0E7E1890390C6
:101B200004F1100603201A46009003AB3046CDE9BD
:101B3000046111F05BF900287FF44DAF6B6BD7E7C0
:101B4000286A00F01BF86A8EA98B92B2FFF726FF75
:101B500000289FD13FE7AA8B286AADF80E2040F2FB
:101B60000511ADF80C10CDE9043300F007F803A916
:101B7000FFF716FF6DE700BFE86F00208088704711
:101B800076DF70478FDF704790DF7047B1DF7047B7
:101B9000B5DF704710B5074B03600446806A0FF04D
:101BA00015F8E06A0FF012F8206B08B10FF00EF88C
:101BB000204610BDB0E5040010B5094B0360044693
:101BC000806A0FF003F8E06A0FF000F8206B08B1AC
:101BD0000EF0FCFF204612F0E3F9204610BD00BFD6
:101BE000B0E5040070B504460D4692E80300A580F8
:101BF0000E0CA061A183144DA67717201B215689D6
:101C00002560E0809589D089E181D17965810122C3
:101C100022752274A08161741846194626819DF8A8
:101C200010500EF035FA2946A06228460EF030FA20
:101C30004FF4885100234FF6FF72E182E062628226
:101C400023636375204670BDB0E50400007D7047D6
:101C5000407D7047C07D113818BF0120704700BF1C
:101C6000407C7047C0887047008970474B7D10B436
:101C70004BB11F310C688A888B79046082805DF8D3
:101C8000044B837170471831F4E700BF08B5132186
:101C90008088FFF775FFB0FA80F0400908BD00BFEB
:101CA00008B56621806A0EF015FE003818BF0120C5
:101CB00008BD00BF08B500231A461946806A0EF019
:101CC00019FA003818BF012008BD00BF818800F153
:101CD0001F02407C02F00ABA38B50A4605460C4697
:101CE0008188407C02F0EEF92146012051F8483FFE
:101CF000C5F81F308B888A7985F82520A5F8233010
:101D0000687538BD38B50A4604460D4600F118011D
:101D1000407C02F021FA607550B1294651F8483FE5
:101D2000C4F81F308B888A7984F82520A4F82330E2
:101D300038BD00BF10B5447D24B100F11F01407CC7
:101D400002F0E8F9204610BD70B50B88113B82B057
:101D50000C460546462B2BD8DFE803F0383B2A2AF1
:101D60002A2A2A2A2A422A2A2A2A2A2A50585E64F9
:101D70002A2A2A2A2A2A2A2A2A2A2A2A2A2A2A2AC3
:101D80002A2A2A2A2A672A942A2A2A2A2A2A2A2A0C
:101D90002A2A2A2A2A2A2A2A2A2A2A2A2A246A2A69
:101DA000752C84000023A8881A461946FFF7EEFE1A
:101DB00002B070BD8B79002BFAD1006BAB75002897
:101DC000F6D01A4619460EF095F9F1E7002303758F
:101DD000EEE74B8903818B894381CB898381E7E7D8
:101DE0000B7AC375112BE3D0818800F11F02407C70
:101DF00002F06AFA03460028DAD1D4E7002301A9E9
:101E00008088ADF80430FFF7BDFED1E70B7A002BD8
:101E1000CED14B7A0374CBE7002211468088FFF7BE
:101E2000B3FEC5E70B89C381C2E74B89C380BFE717
:101E3000006B0123AB750028BAD000231A4619465F
:101E40000EF058F9B4E7417C164801F0A5FEE3888E
:101E50000146994228BF194689B2A888E980FFF750
:101E600097FEA5E78B79002BA2D0002600231A4607
:101E70001946A86A0EF03EF90136A279F3B29A42E9
:101E8000F4D895E78B7A002B92D0002600231A46CF
:101E90001946E86A0EF02EF90136A27AF3B29A4298
:101EA000F4D885E7E86F002070B58AB086880B46C5
:101EB00006A84FF42851144605934FF6FF7501F01C
:101EC00057F90120CDE90105059B0094314606AA8A
:101ED000044800F06FF8044606A801F041F92046D6
:101EE0000AB070BD2874002010B50446043002F01A
:101EF0003BF8034B236000232375204610BD00BF31
:101F00000100FFFF017D01B1704710B504460430A8
:101F100002F034F80123237510BD00BF007D704727
:101F20000B88322B10B504D0332B17D0302B08D0B0
:101F300010BDCB88DBB1041D2046BDE8104002F087
:101F40008FB8CB88041D002BF6D14B89002BF3D022
:101F50000A3120460A2202F06BF8EDE7CB88002B0D
:101F6000E9D14A89002AE6D002EB420204E04A891C
:101F7000002AE0D002EB82025200041D023292B22B
:101F80000A31204602F054F8D6E700BFA0DF7047C0
:101F900010B5044600F5F87001F0E6FF2046F8227F
:101FA000002117F04BFBF822A018002117F046FB88
:101FB000204610BD2DE9F04782B00546BDF82C60E3
:101FC000BDF830402048ADF80460BDF828A0ADF859
:101FD0000640904699460F4601F0E6FD05F5F87576
:101FE000064603E0FFF740FE0DF072FF284602F0C0
:101FF0001DF804463046002CF4D10121284601F09A
:10200000BDFF52464946284601F0D4FF08F10401BD
:10201000384601AAFFF7BAFF30B1284601F0B8FFF1
:10202000204602B0BDE8F0874FF4FA71284601F06F
:10203000C7FF20EAE074284601F0AAFFA4B22046B8
:1020400002B0BDE8F08700BFE86F00202DE9F04F37
:102050008F880D8885B0884604463946864801F049
:10206000A3FDA5F11003012B814640F2908094F866
:1020700054203AB3002633461633502D54F823A08B
:1020800069D0512D1AD198F80630B8F808B0022B53
:1020900053D0BBF1000F11D051466846FFF7FAFB51
:1020A000BDF800305B4559D0514602A8FFF7F2FB5E
:1020B000BDF80C305B4551D094F854200136F3B292
:1020C0009342D9D394F84C31002B00F0D18004F521
:1020D000A679002604E094F84C310136B34220DDA5
:1020E00059F8040FFFF764FCB842F4D1382D03D03F
:1020F000392D01D0362DEED1B8F80AA0BAF1000F73
:10210000E9D0D9F800B05846FFF756FC5045E2D167
:1021100058464146FFF752FC94F84C310136B34221
:10212000DEDC112D55D0352D04D1B8F80A30002B46
:1021300040F08F8005B0BDE8F08F98F80E30062B88
:10214000A7D1DAF800305046DB6841469847484648
:10215000FFF780FDB0E7B8F806B09AE7DAF800308C
:102160005046DB68414698474846FFF773FD002814
:10217000A2D0502DA0D1514602A8FFF78BFBBDF88D
:102180000C305B4598D14846FFF7A0FD94E72378D3
:10219000002B3FF46CAF0026112D33460CD004EB1E
:1021A00083033946586803685B689847013622788C
:1021B000F3B29A42F3D85AE704EB830339465868DE
:1021C00003681B68984701362278F3B29A42F3D825
:1021D0004DE7D3B10026334605E094F84C21013693
:1021E000F3B29A4211D904EB8305D5F85001FFF7F9
:1021F000DFFBB842F1D1D5F85001FFF7D5FB01362E
:1022000094F84C21F3B29A42EDD894F8F820002AC1
:1022100090D000252B4604EB8303D3F8FC00838881
:10222000BB420AD00135EBB2934283D204EB830365
:10223000D3F8FC008388BB42F4D103681B6898473D
:10224000013594F8F820EBB29342E4D305B0BDE831
:10225000F08F04F5F874B8F80C20204608F110014E
:1022600001F0E6FE204605B0BDE8F04F01F0F8BEF3
:10227000112D7FF458AFC8E7E86F002090F8542084
:10228000272A0CD810B4034602F11604013280F854
:10229000542043F8241001205DF8044B70470020BF
:1022A000704700BF0378132B06D800EB830201337D
:1022B00003700120516070470020704778DF70473D
:1022C0007ADF7047054A034692E80300002283E85C
:1022D0000300C3E902221846704700BFB8E50400B6
:1022E00008B5FFF7EDFF08B1002008BDFFF7E6FFD6
:1022F000B0FA80F0400908BDF8B500250D4F2E4614
:1023000001E0142D14D0A9B2384601F04DFC01357E
:1023100004460028F5D0FFF799FC0028F1D02046AC
:10232000FFF79EFC012804BF0136F6B2142DEAD156
:102330003046F8BDE86F0020704700BF8ADF704765
:1023400030B40D4CC4621F25002250248584A02582
:10235000C0E91122C0E90F22A0F84650A0F8484079
:10236000006230BC8262028680F838204263C26418
:10237000A0F85020704700BF000180002DE9F04F09
:1023800010468DB016460C4600F00EFFC5B2102D5B
:102390004FD0B66807220623A16994F81C900191DA
:1023A0008DF80D208DF80C30ED080DF10C080DF1B5
:1023B0000E0A0027B9F1010F0A97CDE90477CDE99C
:1023C0000677CDE90877CDF82B700ED998F8000084
:1023D00001994B464A7882420FD00A78D44323446D
:1023E000013213F0FF031144F4D108F10108C24592
:1023F000E0D100200DB0BDE8F08F11F8024B013C98
:10240000E4B2224604A817F0F1F80DF1100B1CB944
:10241000EBE714F0FF04E8D058462A46314617F09F
:10242000D7F8641BAB440028F3D101200DB0BDE800
:10243000F08F043603220223AEE700BF2DE9F043FC
:102440000B888E88103B87B00D4604460D2B2CD888
:10245000DFE803F077072B2B2B2B2B2B2B2B2B843D
:102460002B2E836AF340DB071FD55648FEF76EFE1E
:10247000D8B9A36A94F82C20012505FA06F623EAB8
:102480000606A6628AB994F82D3073B11F23246220
:10249000A38404F1200104F14400FFF74FFF20B9A9
:1024A000494801F099FB84F82C5007B0BDE8F0834F
:1024B00090F92E2091F91B309A423ADC90F838308E
:1024C00001F108080BB3DFF80491002602E0D6B250
:1024D000B34218D9636BCDF8089003EB061302AA38
:1024E00059680391D3E90273414620460593049746
:1024F000FFF744FF074602A800F032FE94F8383098
:10250000721C002FE3D09E4213D094F82F30002B82
:1025100049D095F82430012B0BD9296A4A78FF2A33
:1025200030D00A78D0430344013213F0FF03114442
:10253000F4D104F120010020FFF700FF07B0BDE84F
:10254000F083CB7B022BB0D1836A012202FA06F61C
:1025500033430022836280F82C20A6E70B7A012BFC
:10256000A3D1002580F82C50174801F049FB226CBC
:10257000002A9AD0009502AB29462846029510F011
:1025800035FC92E711F8025B6A1ED2B2022A28BF1C
:10259000022202A817F02AF8012DCAD0228EBDF817
:1025A00008309A42C5D1E26B002A3FF47EAF012386
:1025B0000093404602AB2421CDF8088010F016FCB1
:1025C00073E700BFF86F0020E86F0020E0E504002B
:1025D00046DF70477FDF704780DF704781DF7047DD
:1025E00085DF704786DF704738B51C460D460346C9
:1025F000114628462246984734B101460022284613
:10260000BDE83840FFF7E8BF38BD00BF10B50C4645
:1026100082B003466946204698476A462046012113
:10262000FFF7DAFF02B010BD10B50446083002F023
:1026300099F8074B2360032200232271C4F8103459
:10264000C4F81434C4F81834C4F81C34204610BD3F
:102650003507100330B50446ADF55F7D00F1080580
:102660008F4801F0EFFF0821284602F07FF8684606
:1026700002F086F86846082102F086F86946284686
:1026800002F024F804F54F714122684602F08AF8FE
:10269000684602F083F894F85C0394F85B2394F89E
:1026A0003D1394F83E3384F83D0384F83E2394F8B8
:1026B0005A0394F8592394F83F5384F85C1384F830
:1026C0005B3394F8401394F8413384F83F0384F863
:1026D000402394F8580394F8572384F85A5384F805
:1026E000591394F8425394F8431384F8410384F83F
:1026F000583394F8560394F8443384F8422394F8FA
:10270000552384F8575384F8430384F8442384F80A
:10271000553384F8561394F8451394F8540394F8F9
:10272000532394F8463384F8450384F8462394F8F9
:10273000520394F8512394F8475384F8541384F8BF
:10274000533394F8481394F8493384F8470384F8D2
:10275000482394F8500394F84F2384F8525384F894
:10276000511394F84A5394F84B1384F8490384F8AE
:10277000503394F84E0394F84C3384F84A2394F879
:102780004D2384F84F5384F84B0384F84C2384F88A
:102790004D3384F84E1394F85D1394F87C0394F849
:1027A0007B2394F85E3384F85D0384F85E2394F809
:1027B0007A0394F8792394F85F5384F87C1384F8AF
:1027C0007B3394F8601394F8613384F85F0384F8E2
:1027D000602394F8780394F8772384F87A5384F884
:1027E000791394F8625394F8631384F8610384F8BE
:1027F000783394F8760394F8643384F8622394F879
:10280000752384F8775384F8630384F8642384F889
:10281000753384F8761394F8651394F8740394F878
:10282000732394F8663384F8650384F8662394F878
:10283000720394F8712394F8675384F8741384F83E
:10284000733394F8681394F8693384F8670384F851
:10285000682394F8700394F86F2384F8725384F813
:10286000711394F86A5394F86B1384F8690384F82D
:10287000703394F86E0394F86C3384F86A2394F8F8
:102880006D2384F86B03012084F86F5384F86E1372
:1028900084F86C2384F86D330DF55F7D30BD00BF87
:1028A000747700200B7803F0FE03042B01D0002086
:1028B000704770B515468CB00C462022002104A844
:1028C00016F0BCFE28686968AA68EB686D460FC5FB
:1028D0009DF800109DF80F209DF801609DF80E50A6
:1028E0009DF802008DF80F1023469DF80D108DF80D
:1028F00000209DF803208DF80E608DF801509DF8A2
:102900000C609DF804508DF80D008DF802109DF8B4
:102910000B009DF805108DF80C209DF80A208DF80D
:1029200003608DF80B508DF804008DF805208DF8AC
:102930000A109DF8061033F8042FADF810209B788C
:102940009DF809209DF81D009DF810609DF81F500E
:102950008DF809108DF806209DF811109DF81E20A5
:102960008DF81D309DF807308DF812008DF81F602E
:102970009DF808009DF813608DF810508DF81E101A
:102980009DF81C509DF814108DF811208DF808301A
:102990009DF81B209DF81A308DF807008DF81C60FB
:1029A0008DF813509DF815608DF81B108DF81420CC
:1029B00068468DF815309DF819109DF817209DF880
:1029C00018309DF816508DF818208DF816108DF8D7
:1029D00017308DF81A608DF81950FFF7F9FD6278FD
:1029E0009DF82F309DF82E009DF82D108DF82100B8
:1029F0009A428DF8221004F1010404D0012080F0E5
:102A000001000CB070BD6278C3B29A4204F10104B7
:102A1000F4D16278CBB29A42F0D10020EFE700BF48
:102A200008B5137CDB0758BF1C32084602F11201BF
:102A3000FFF7D6FDB0FA80F0400908BDF0B58F88E9
:102A40000E46ADF56B7D04463946464801F0ACF8BC
:102A50003388133B0546072B2FD8DFE813F03E00E1
:102A60005F006D002E002803870008003100337AD4
:102A7000B3B9737B9B070ED4294602A8FFF7F6F87B
:102A80000299BDF80C209DF80E3084F80C34C4F87F
:102A90000614A4F80A24284604F2BE31FFF71CF9F4
:102AA000D4F818244AB1307A0D9002230021009303
:102AB00008460CAB0C9710F099F90DF56B7DF0BD45
:102AC000D4F81C24002AF8D00123002100930846E2
:102AD0000CAB0C9710F08AF9EFE704F2BE3304F266
:102AE000DA320C9304F2F63300251092119304F2BB
:102AF0003D3204F27E330F921393CDE90D551295BA
:102B0000FFF7AEF801280CBF22462A460CAB294637
:102B10003846FFF75FFD0DF56B7DF0BD0CA9FFF7A3
:102B2000F1F80346002800F0D2820CA938460023B1
:102B30001AAAFFF757FDC0E7D4F810140029BCD03B
:102B4000B37B094A03F001030F930423CDE90C176B
:102B500006F10800009306210CAB0E9010F046F928
:102B6000ABE700BFE86F0020E925030094F87E334F
:102B700094F89D2394F87FC394F89C6394F8805351
:102B800094F89B0384F89D33042194F89A3384F8D5
:102B90007D1384F87E2394F8811394F8822384F8BB
:102BA0009CC384F87F6394F899C394F8836384F892
:102BB0009B5384F8800394F8985394F8840384F822
:102BC0009A1384F8813394F8971394F8853384F832
:102BD000992394F8962384F882C384F8986384F840
:102BE000835384F8970384F8841384F8852384F846
:102BF000963394F8862394F8953394F887C394F821
:102C0000946394F8885394F8930394F8891384F8A0
:102C1000952384F8863394F8922394F88A3384F8C1
:102C200094C384F8876394F891C394F88B6384F811
:102C3000935384F8880394F8905394F88C0384F8A1
:102C4000921384F8892394F88F1394F88D2384F8D1
:102C5000913394F88E3384F88AC384F8906384F8AF
:102C60008B5384F88F0384F88C1384F88D3384F8A5
:102C70008E2394F89E2394F8BD3394F89FC394F860
:102C8000BC6394F8A05394F8BB0394F8A11384F8A0
:102C9000BD2384F89E3394F8BA2394F8A23384F8C1
:102CA000BCC384F89F6394F8B9C394F8A36384F811
:102CB000BB5384F8A00394F8B85394F8A40384F8A1
:102CC000BA1384F8A12394F8B71394F8A52384F8D1
:102CD000B93394F8B63384F8A2C384F8B86384F89F
:102CE000A35384F8A41384F8B62384F8A53384F896
:102CF000B70394F8A60394F8B51394F8A72394F8AF
:102D0000B43394F8A86394F8B35384F8B50384F803
:102D1000A61394F8A90394F8B21384F8B42384F8A2
:102D2000A73394F8AA2394F8B13384F8B36384F8F2
:102D3000A85394F8AB6394F8B05384F8B20384F8C2
:102D4000A91394F8AC0394F8AF1384F8B12384F872
:102D5000AA3394F8AD2394F8AE3384F8AD3384F8F5
:102D6000AE2384F8B06384F8AB5384F8AF0384F8DF
:102D7000AC130CA801F004FD0CA8082101F004FD1F
:102D800004F27D310CA8412201F01EFD0CA904AA19
:102D9000202304F1080001F0C7FC0CA801F0FEFCA0
:102DA0009DF810109DF82F009DF811309DF82E20F1
:102DB0009DF812609DF82D508DF810008DF82F10A1
:102DC0009DF813009DF82C108DF811208DF82E30F1
:102DD0009DF814209DF82B308DF812508DF82D6041
:102DE0009DF815509DF82A608DF813108DF82C0071
:102DF0009DF816109DF829008DF814308DF82B20C1
:102E00009DF817309DF828208DF815608DF82A5010
:102E10008DF816008DF817208DF828308DF82910C0
:102E20009DF818109DF827009DF819309DF8262070
:102E30009DF81A609DF825508DF818008DF8271020
:102E40009DF81B009DF824108DF819208DF8263070
:102E50009DF81C209DF823308DF81A508DF82560C0
:102E60009DF81D509DF822608DF81B108DF82400F0
:102E70009DF81E109DF821008DF81C308DF8232040
:102E80009DF81F309DF820208DF81D608DF8225090
:102E90008DF821108DF81F208DF820308DF81E0040
:102EA00094F87E0394F89D1394F87F2394F89C3350
:102EB00094F8806394F89B5384F89D0384F87E1300
:102EC00094F8810394F89A1384F89C2384F87F3350
:102ED00094F8822394F8993384F89B6384F88053A0
:102EE00094F8836394F8985384F89A0384F88113D0
:102EF00094F8840394F8971384F8992384F8823320
:102F000094F8852394F8963384F8986384F883536F
:102F100084F8841384F8962384F8853384F897031F
:102F200094F8860394F8951394F8872394F89433CF
:102F300094F8886394F8935384F8950384F886137F
:102F400094F8890394F8921384F8942384F88733CF
:102F500094F88A2394F8913384F8936384F888531F
:102F600094F88B6394F8905384F8920384F889134F
:102F700094F88C0394F88F1384F8912384F88A339F
:102F800094F88D2394F88E3384F8906384F88B53EF
:102F900084F88C1384F88E2384F88D3384F88F039F
:102FA00094F89E0394F8BD1394F89F2394F8BC33CF
:102FB00094F8A06394F8BB5384F8BD0384F89E137F
:102FC00094F8A10394F8BA1384F8BC2384F89F33CF
:102FD00094F8A22394F8B93384F8BB6384F8A0531F
:102FE00094F8A36394F8B85384F8BA0384F8A1134F
:102FF00094F8A40394F8B71384F8B92384F8A2339F
:1030000094F8A52394F8B63384F8B86384F8B7032A
:1030100084F8A41384F8B62384F8A53384F8A35362
:1030200094F8A65394F8A72394F8B43394F8B5030E
:1030300094F8A81394F8B36384F8B55384F8B423D0
:1030400094F8A95394F8AA2384F8A73394F8B133D9
:1030500094F8B0C384F8A60384F8B31394F8B203C9
:1030600094F8AB1384F8A86384F8B25394F8AC6373
:1030700094F8AF5384F8B12384F8AA3394F8AD23BD
:1030800094F8AE3384F8A90384F8B013384604A941
:1030900084F8ABC384F8AF6384F8AC5384F8AE23F0
:1030A00084F8AD33FFF79AFA0DF56B7DF0BDD4F8D7
:1030B0001424002A3FF401AD0223002100930C9256
:1030C0000CAB064A0D9708460FF090FEF5E4384623
:1030D0001A461946FFF786FAEFE400BF0D260300F3
:1030E000A8DF7047704700BF30B5044683B0083092
:1030F00000F06AF804F10C010DF106020120FFF75F
:10310000EFFF054628B9044B04481C602146FFF731
:10311000C9F8284603B030BDE46F002028740020B1
:1031200030B44C68C460D1E90241054A054D0260E3
:10313000054A8560C0E90441426030BC704700BF69
:10314000C8E50400E0E504000000111183790B706C
:10315000C3791370704700BF62DF704763DF704749
:10316000704700BF10B5044610F01AFF204610BD8E
:1031700010B4054C8180002201210460C0E90222C4
:103180005DF8044B81717047E0E50400002210B443
:10319000044C046081605DF8044B82718280C260DF
:1031A000704700BFE0E504008379012B0AD08268F4
:1031B00032B9C26822B9012B8CBF80200020704731
:1031C00080207047102070472DE9F047857982B044
:1031D000002D47D1C7680646002F47D010200CF0BD
:1031E00093FE8246384617F042F9441E30B3DFF8AA
:1031F0008490A84604E00134023C1FD4102D1DD059
:1032000017F804C0BCF12D0F07EB0402F3D099F8B6
:103210000030ADF805808DF8043012F8013C8DF8CF
:1032200004301022002101A88DF805C017F0DAFA49
:103230006B1C023C0AF80500DDB2DFD5C6F808A019
:10324000BAF1000F0ED0B11D5046FFF785FFB168EF
:10325000321D1020FFF782FFB0FA80F0400902B063
:10326000BDE8F087012002B0BDE8F087D0F808A0E3
:10327000E6E700BFD4E504004DDF70474EDF70473E
:103280004FDF704750DF70474BDF704710DF7047EC
:103290007CDF70477DDF704760DF704769DF704714
:1032A00061DF704766DF704767DF7047704700BFB8
:1032B0000C200FF023BF00BF30B5224C224D83B04D
:1032C000D4F828074FF0FF310DF004FB0028F7D0A9
:1032D000C5B101A8FFF7D8FF0528F1D00028F8D123
:1032E000019B032B1BD8012BF3D918460CF020FDB2
:1032F000EFE70A2B04D0092B21D00B2B02D10120A0
:1033000005F022FD01A8FFF7BFFF0528D8D000284F
:10331000F8D1019BA3F10902022AF3D8E9E7A3F14E
:103320000902022AD5D80A2B04D0092B05D00B2B71
:10333000CFD1012005F008FDCBE70220FAE70220FB
:10334000DEE700BFE86F002031FD03002DE9F04FFC
:103350002DED028B4FF4FA7089B00CF0D5FDB24E12
:1033600000F1080308EE103A054606F5F06706F589
:10337000C86AD6F824074FF0FF310DF0ABFA0028E9
:10338000F7D04FF4FA730DF116012846ADF8163058
:10339000FFF786FF10B10528F3D1EAE7B5F80490EE
:1033A000B9F1130F00F2398106EB8903D3F83447E2
:1033B0003CB129462046FEF7C7FC9C482946FFF74A
:1033C0003DFB2B88013B1B2B5AD8DFE813F016017D
:1033D0005900590059005900590059005900590025
:1033E000590059005900590059005900B4001C00F7
:1033F0005900590059005900590059005900590005
:1034000059005900A200DFF838824FF0000B58F83D
:10341000040F30B1FEF71AFC18B10BF1010B5FFA83
:103420008BFBB845F3D1BBF1000F06D196F83037CE
:103430001BB159460C200FF021FE2046FEF710FC70
:10344000012800F0EC80F26962B10223002195F8B6
:1034500008C00093084606ABCDF81890CDF81CC004
:103460000FF0C4FC09F5E67806EB8803586810B144
:1034700003685B68984706EB88080023C8F80430A7
:1034800029465046FDF7DCFD69482946FEF7D6FF80
:10349000B6F832374B452B8800F0B480102B1ED085
:1034A0002CB32046FEF7DCFB012803D15E482946F9
:1034B000FEF742FF2046FEF7D3FB02281BD05D48F3
:1034C000FEF72CFD00BB5C482946FEF7BFFDD6F891
:1034D0008837002B3FF455AF2846984751E7EB7BE0
:1034E000012BDDD1AB88A6F83237002CD9D14E485C
:1034F0002946FEF721FF51482946FDF747FE4D4872
:10350000FEF70CFD0028DED04A482946FEF708FDEC
:10351000D9E7D6F88427002AB2D00223002195F9F2
:1035200008C00093084606ABCDF81890CDF81CC033
:103530000FF05CFCA4E74FF00008D6F82C07CDF89C
:1035400000804346424603213D4C0EF03DFD54F8B9
:10355000040F30B1FEF77AFB18B108F101085FFAE9
:1035600088F8BC42F3D196F830376BB1B8F100015E
:1035700018BF01210C200FF081FD96F830371BB1E8
:1035800001210C200FF07AFD09F5E67806EB88049E
:10359000606820B103685B68984700236360EB7B39
:1035A000012B0BBF96F8123796F8183796F8134789
:1035B00096F819470393342010F0F0FC06EB8808C6
:1035C000039B009418EE102A04464946FEF70AFBB6
:1035D0002046C8F80440FEF743FB012832D0B26908
:1035E000002A3FF44DAF012300210093084606ABAB
:1035F000CDF818900FF0FAFB42E700214846FFF79C
:1036000051FE3DE7102B3FF46AAF112B7FF448AF1A
:103610004FF6FF73A6F8323742E70446D1E6F26868
:10362000002A7FF412AF1DE7E86F00200870002029
:1036300084760020D876002028740020F86F0020BF
:1036400018770020B268002A3FF41AAF00210090DA
:1036500006AB0846CDF818900FF0C8FB10E700BF86
:1036600038B50446FEF72EFE04F11000FDF75AFDB2
:1036700004F12000FEF7D8FF04F58860FEF788FC0F
:1036800004F5C860FDF7F8FB04F27C60FDF780FBF1
:1036900004F29C60FEF754FE04F5DE60FEF724FCA5
:1036A0004FF480530025C4F8083716481649174AC6
:1036B000C4F80C0740F20113C4F81017C4F814271B
:1036C000A4F81837A4F81A5704F234702946502287
:1036D00015F0B4FF01224FF6FF73A4F81C5784F8CD
:1036E0001E57C4F82457C4F82857C4F82C57C4F8F8
:1036F0008857C4F8845784F83027A4F83237204616
:1037000038BD00BF010A17000300010117000300C4
:10371000F0B5BF4E80F81C178DB080F81D27044609
:103720000EF0E4FE0EF0EAFE0EF0A8FE3369B94991
:10373000039303A8FFF7AAFD18B1002528460DB092
:10374000F0BD0120FFF79AFD0120FFF795FD012054
:10375000FFF796FD09A8FFF795FD099B9B0705D587
:10376000AD4BD3F80435002B00F0FE800023AB4AAC
:1037700094F80D57049209A90120CDE909330B9360
:103780008DF82450FFF78AFD0028D6D194F81D3714
:103790000B90CDE90900181E18BF012094F81C57A2
:1037A0008DF82700049A8DF8263009A940208DF85D
:1037B0002550FFF773FD0028BFD194F80C1709902E
:1037C000034661F30003CDE90A00049A8DF8243022
:1037D00009A9A020FFF762FD0028AED1D4F8083770
:1037E0000A900B90049A099309A9A120FFF756FDAE
:1037F0000028A2D194F81C37002B40F0B98094F82F
:103800001D37002B48D00023B4F81477049A09938D
:10381000022509A92320CDE90A338DF82450ADF8FB
:103820002670FFF73BFD002887D1CDE9090094F809
:103830001D77B4F816370B90049A8DF8245009A917
:1038400020208DF82670ADF82830FFF727FD0028DE
:103850007FF473AF0990CDE90A0094F81837049A01
:103860008DF8245009A922208DF82630FFF716FD87
:1038700000287FF462AFCDE9090094F819370B9066
:10388000049A8DF8245009A921208DF82630FFF7DD
:1038900005FD00287FF451AF04A8FFF7FDFC0028C8
:1038A0007FF44BAFCDE9070040F0010307A90220E8
:1038B0008DF81C30FFF7F8FC00287FF43EAF20465F
:1038C000FEF70EFD054600283FF437AF04F1200057
:1038D000FEF7C0FE337D52498DF808300D2202A854
:1038E000FFF7D6FC00287FF428AF94F81D37002B93
:1038F00040F088800322002101200CF087FBC4F8EF
:10390000240700283FF419AF05AB0326CDE9006377
:103910004449454800234FF4A0620DF0F5FA3246C1
:10392000002101200CF072FBC4F8280700283FF4A6
:1039300004AF06ABCDE900633C493D480023C822F3
:103940000DF0E2FA3B4B4FF480021A603A4B0093C1
:103950000023184601224FF480710EF0DFFAC4F8FC
:103960002C0700F089FBE9E6022005F0EDF9FDE601
:103970000990CDE90A00B4F80E37049AADF8263064
:10398000012509A923208DF82450FFF787FC002882
:103990007FF4D3AECDE9090094F81C77B4F8103762
:1039A0000B90049A8DF8245009A920208DF82670D8
:1039B000ADF82830FFF772FC00287FF4BEAE099006
:1039C000CDE90A0094F81237049A8DF8245009A919
:1039D00022208DF82630FFF761FC00287FF4ADAE81
:1039E000CDE9090094F813370B90049A8DF8245010
:1039F00009A921208DF82630FFF750FC00283FF45C
:103A0000FEAE9AE604F11000FDF79AFB72E700BFE4
:103A10003CE60400AD32030000700240006000206C
:103A200024E6040034E604004D33030038E60400C5
:103A3000B932030000E100E0B132030000B583B009
:103A400008460DF10601ADF80620FFF723FC20B96A
:103A50009DF8060003B05DF804FB002003B05DF89C
:103A600004FB00BF70B4234B0E4605460FCB85B058
:103A70006C4607C49DF900202380B24234D09DF9E2
:103A80000130B34230D09DF90230B3422CD09DF9C1
:103A90000330B34228D09DF90430B34224D09DF9BD
:103AA0000530B34220D0FEB19DF90730B3421BD0A0
:103AB0009DF90830B34217D09DF90930B34213D0B5
:103AC0009DF90A30B3420FD09DF90B30B3420BD0B1
:103AD0009DF90C30B34207D09DF90D30B34203D0AD
:103AE000002005B070BC7047012085F81E6705B046
:103AF00070BC704754E6040090F91E07704700BF81
:103B000080F83017704700BF70B5044682B0D0F817
:103B10002C070D460EF084FA4FF47A720646002305
:103B2000A90DA80215F034FB002302460421D4F8A5
:103B30002C0700930EF048FA0EB102B070BD00964B
:103B4000D4F82C073346324603210EF03DFA02B07A
:103B500070BD00BF70B500F5E66400F5F0650026A5
:103B600054F8040F20B1FEF771F808B10136F6B22F
:103B7000AC42F5D1304670BD132906D800EB810167
:103B8000D1F8340708B1FEF761B80020704700BFD4
:103B9000B0F83207704700BF01290CBFB0F80E071C
:103BA000B0F81407704700BF13299ABF00EB8101DA
:103BB000D1F834070020704710B5064C0021D4F826
:103BC00028070CF0FBFCD4F824070021BDE81040C6
:103BD0000CF0F4BCE86F002090F8303703B9704760
:103BE00010B582B0D0F82C470DF07EFB00230246C2
:103BF0000093204601210EF0E7F902B010BD00BF8E
:103C0000F0B583B0002405462346D0F82C07009475
:103C1000224603210EF0D8F905F5E66605F5F067B2
:103C200056F8040F20B1FEF711F808B10134E4B2E0
:103C3000BE42F5D195F8303743B1211E18BF01219E
:103C40000C2003B0BDE8F0400FF018BA03B0F0BD8F
:103C50000148FFF705BD00BFE86F00203CDF70475B
:103C60003DDF704711DF704713DF7047B0DF7047EB
:103C7000B2DF70472DE9F0419EB0074604A81588D1
:103C800014460E46FDF706FEBDF81030AB4202D0DA
:103C90001EB0BDE8F081A379043B022BF8D9394668
:103CA0005248FFF781FF4FF00008022339460546CE
:103CB0003046CDE90688CDE908888DF81830FDF743
:103CC0002BFE06A900286AD03846ADF81C80FFF705
:103CD000CDFF247B012CDBD1454E41463E223046B0
:103CE00015F0ACFC23460DF10E024249384608247B
:103CF000ADF80E40FFF7BCFF68462946FDF7B6FF5A
:103D000000983060BDF804309DF80620B271B38091
:103D10002846FDF79FFF002849D1354936484FF620
:103D2000FF740B4601311B7883EA142383EA1312D4
:103D300042EA042283EA131382EA033282EA43133B
:103D400081429CB2EDD12A4B2C489C870021FDF783
:103D5000B1F82846FDF79AFFFF210020FFF780FF0A
:103D6000B1210020FFF77AFF002891D1FFF77AFFF9
:103D700000288DD1224B4FF0FF324FF01024C3F8B2
:103D80008020C3F880216069FFF76EFF00287FF470
:103D90007FAF80F31488606900F0C8F878E740F2DC
:103DA000FD133846ADF81C30FFF760FF70E70AA935
:103DB0002846FDF7A7FF0028AFD01EAB13E903008C
:103DC0000B0C3060B180B37118AC0FCC0D4FC6F83E
:103DD00007000AAC7960BA60FB600FCC18360FC6DA
:103DE00094E8070086E8070097E700BFE86F002027
:103DF000807F0020B47F0020BC7F00202876002038
:103E000000E100E0877F002030B585B004460E4910
:103E10006846FFF7BBF969462046FFF781F925465A
:103E20006846FFF79DF9094B45F8183B0849684675
:103E3000FFF7ACF969462846FDF7C0FC6846FFF776
:103E40008FF9204605B030BD64E60400ACE60400FE
:103E500084E6040030B5B3B00546FFF745F918B164
:103E60000446204633B030BD2D491CA8FFF78EF91B
:103E70001CA906A8FDF7A2FC1CA8FFF771F906A86B
:103E8000FDF7D2FC06A80421FDF7D2FC06A81421F8
:103E9000FDF7D2FC06A8FDF7DDF9044698B905F157
:103EA000180018210190FDF7C3FC01981721FDF7B8
:103EB000C3FC01981B490122FDF7D8FC0198FDF7CE
:103EC000C9F9044628B106A8FDF7AAF9204633B07F
:103ED00030BD154902A8FFF759F902A91CA8FDF742
:103EE0006DFC02A8FFF73CF91CA8FDF79DFC022120
:103EF0001CA8FDF79DFC02211CA8FDF79FFC1CA837
:103F0000FDF7A8F9044618B901211CA8FDF7E4FC47
:103F10001CA8FDF785F906A8FDF782F9D6E700BFD2
:103F200074E60400753C030094E60400F0B4034614
:103F3000186880F308885868FF2464B2EFF3058599
:103F4000002D01D1A64600472546064621273FBA47
:103F5000F0B40024002500260027F0B4F92040B278
:103F6000004700BFF0BC7047002201214270C0E949
:103F700001220170C2818281704700BF10B50446E2
:103F8000017001B110BD0A200CF082F8606010BD14
:103F9000037810B5044643B1002301226370C4E9DD
:103FA0000133E381A381227010BD40680CF00EFE46
:103FB000F2E700BF002381608281C381704700BFA8
:103FC000037870B504460D46B3B9466801236370A3
:103FD0004FF47A720023A802A90D15F0D9F8014612
:103FE00030460CF077FC98B9237800264FF0FF3567
:103FF0006670A3B9284670BD0322002101200CF091
:1040000005F8064660600028E0D14FF0FF35F1E783
:10401000E58923780026ADB26670002BEAD060688F
:104020000CF0D4FD6660284670BD00BF4078704734
:1040300038B504468089824228BF0246154619B128
:10404000A06815F0D3FAA089E389A26815FA83F372
:10405000401B9BB22A44A081E381A260284638BD60
:10406000406820B100231A4619460CF043B8704747
:10407000B1DF7047B2DF704708B50F480BF0E6FCC0
:104080000E490D4805F0C6FF28B10D490A4805F054
:10409000C1FF50B108BD0949074805F0D7FF0849DD
:1040A000054805F0B7FF0028F4D1BDE808400449F1
:1040B000014805F0CBBF00BFA8840020B8E604008B
:1040C000CCE6040070B586B00E46032300210546F9
:1040D00014460093044A0496084603AB03950594DE
:1040E0000EF084FE06B070BDB143030070B586B01B
:1040F0000323144606460D460093104603AB044ABC
:1041000005940721CDE903650EF070FE06B070BD81
:10411000E144030030B50A4691B08979537903919F
:1041200011790293D378094D094C0191009393784A
:10413000527801280CBF2946214604A816F038F908
:1041400004A9044805F0DAFF11B030BDE0E6040030
:1041500010E70400A88400202DE9F043D1B00B78CB
:10416000032B04AF0D460446904668D95A08022A2C
:104170005ED14F4A4F49504BDFF84891012818BF94
:1041800011460022381D06F091F94B4907F16800ED
:1041900006F0C2F807F1CC0611E00246414607F1ED
:1041A000680006F0ABF908F1380229464846FEF7E8
:1041B00079FB044678BB07F1680006F015FA002287
:1041C000391D304606F042FA07F1D0000DC8D7F885
:1041D000DC10D7F8E4407B67D7F8E83097F8E0C008
:1041E000F8663A67B967412207F1EC0107F18800E8
:1041F000C7E9204387F87CC015F0F8F907F168009B
:1042000006F01EFA044607F1680044B106F024F8EF
:104210005028D0D1C1E707F1680006F0E5F9381D54
:1042200006F0E2F9204607F59A77BD46BDE8F0832F
:104230000024204607F59A77BD46BDE8F083E9469D
:104240008CB08979AB786A78039169790291297980
:1042500001911A4E1A49E878009004AD012C08BF6C
:104260003146284607F1CC0616F0A2F8124930462E
:1042700006F052F829463046002206F0FBF80446C4
:1042800050B90024304606F0AFF92046CD4607F578
:104290009A77BD46BDE8F083304605F0DDFF021E8B
:1042A000EFDD92B24146304606F028F9EAE700BF5A
:1042B000CCE60400B8E60400A8840020E0E6040090
:1042C00010E7040008700020F0B5ADB09579937840
:1042D000344E1446527803956579029594F804C0DB
:1042E000CDF804C0304DE478009404AF0C460128AA
:1042F0000CBF3146294607F10C0016F059F82B4B3C
:1043000007F10C0107F13C00002206F0CFF807F19D
:104310003C0006F095F940B9002407F13C0006F096
:1043200063F92046A437BD46F0BD07F13C0005F017
:1043300093FF051E08DD07F13C0006F01DF9291862
:1043400007F13C0006F0FAF807F13C0005F084FFA5
:10435000051E08DD07F13C0006F00EF9291807F1EB
:104360003C0006F0EBF807F13C0005F075FF002873
:10437000D2DDC31D23F007036D46ADEB030D82B202
:1043800004A907F13C00C7E9001206F0B7F820467F
:10439000D7E900120323FFF76BFEB0FA80F464093B
:1043A000AD46BAE7E0E6040010E70400A884002068
:1043B000F0B5B5B092F84E5092F84A30434E1446DC
:1043C00092F84920039594F84D50029594F84C507A
:1043D000019594F84B5000950D463D4904AF0128D6
:1043E00018BF314607F12C0015F0E2FF394807F1FC
:1043F0002C0105F00FFE6E4600284AD1354B07F11F
:104400002C0107F15C00012206F050F807F15C0076
:1044100006F016F918B9C437B546BD46F0BD5021AF
:1044200007F15C0005F046FF5022214607F15C00D1
:1044300005F07EFE0023294627487B61C7E9033348
:10444000C7E90633C7E90833BB62FFF7ADFB07F1E5
:104450000C012022FDF728FD3B7B03B307F10C0084
:1044600016F005F8013082B2C1B207F15C007A6043
:1044700005F020FF7A6807F10C0107F15C0005F0F8
:1044800057FE07F15C0006F0AFF8C437B546BD46ED
:10449000F0BD07F12C010F4805F030FEAEE794F8AF
:1044A000491094F84D3094F84E20039194F84A1036
:1044B000029194F84B10019194F84C10009107F17F
:1044C0000C00064915F074FFC8E700BF10E70400B0
:1044D000E0E60400A8840020E86F002040E7040024
:1044E0002DE9F043ADB00C4604AF0021032306468E
:1044F0001546204607F10A027981FFF7BBFD7B894B
:10450000E84623B9A437C546BD46BDE8F083073366
:10451000DB08A8EBC3039D460DF11009204607F107
:104520000A0249460323FFF7A5FD04460028E9D106
:10453000A979AB786A780391697902912979019117
:104540003D483E49ED780095012E08BF014607F130
:104550000C0015F02DFF3A4B07F10C0107F13C0060
:10456000012205F0A3FF07F13C0006F069F80028DE
:10457000C8D0214607F13C0005F0E0FF07F13C0000
:1045800005F06AFE041E08DD07F13C0005F0F4FFAB
:10459000211807F13C0005F0D1FF07F13C0005F0C0
:1045A0005BFE041E08DD07F13C0005F0E5FF211865
:1045B00007F13C0005F0C2FF07F13C0005F04CFE9E
:1045C0007C8980B2A04213D0E1B207F13C0005F033
:1045D00071FE2246494607F13C0005F0A9FD07F1AE
:1045E0003C0006F001F8A437C546BD46BDE8F0839F
:1045F000E31D6D46DB08A5EBC3039D4604A92246D7
:1046000007F13C00796005F079FF79687A894846BE
:1046100014F0DEFF08B9AD46E1E707F13C0005F014
:10462000C7FF7B89DB43191807F13C0005F086FFC3
:10463000AD467C89C8E700BFE0E6040010E704004F
:10464000A884002038B590F8E8500DB1284638BD50
:10465000012380F8E830044611F086FA0028F5D1ED
:104660002046BDE8384000F011B800BF10B5044C3A
:10467000204600F007F8002384F8E83010BD00BFA2
:1046800074770020002280F8E420704770B590F81D
:10469000E4400CB1204670BD012380F8E4300546AB
:1046A0004FF4BF500BF030FC06460028F2D03146E4
:1046B000284610F0CDF90446B4FA84F43046640973
:1046C0000BF03CFC204670BD704700BF03680A68D1
:1046D0009A4201D00020704770B5044684B04FF470
:1046E00053700D460BF010FC0646B0B10C48FFF7B6
:1046F000EBFF23460435002153F8042B0095CDE948
:104700000161084911F0CAF8044630460BF016FC66
:10471000B4FA84F0400904B070BD002004B070BD4C
:104720007477002079460400F0B585B006464FF452
:1047300053700D46174603930BF0E6FB78B1044621
:1047400000903A46281D311D03AB11F025F90546AE
:1047500020460BF0F3FB15B9039805B0F0BD00201F
:1047600005B0F0BD00220260704700BF10B50446DE
:10477000084611F083F92060003818BF012010BDF1
:1047800000220260704700BF10B50446084611F0D1
:1047900075F92060003818BF012010BD00230360A8
:1047A000704700BF00B583B00430019201AB0A46E8
:1047B000042110F0EDFF18B9019803B05DF804FB77
:1047C000002003B05DF804FBF0B5044683B04FF45D
:1047D00063700E4617460BF097FB054678B10190C3
:1047E00054F8040B00943A463146012310F00CFFB4
:1047F000044628460BF0A2FBB4FA84F0400903B04B
:10480000F0BD00BF08B5002002F0C2FB00B108BD3A
:10481000024B1B68DB07FAD500BE08BDF0ED00E0D7
:1048200002F0B0BBC378828803F003000228C2F311
:104830000A0205D0032819D0012807D000207047AC
:1048400002291CD0402A09D801207047022940F2D1
:10485000FF3308BF4FF480639342F6D20A4B1868C7
:1048600010F00100F1D000BE0020704702290CBFFB
:104870004FF4806340239342F0D30120E5E7B2F583
:10488000007FE1D0EAE700BFF0ED00E00A4491428A
:1048900016D230B44C78052C05D00C7821448A42CD
:1048A000F8D830BC70478C7804F07F0500EB4505E4
:1048B000E4092B550C7821448A42EBD830BC704770
:1048C000704700BF0146014800F056BA80780020CA
:1048D00038B500F097F940B1002405462046013470
:1048E00000F0C8FDE0B28542F9D838BD70B592B08D
:1048F0001D460C46164601A84222002114F09EFED9
:10490000412D5CD9631C0222DBB28DF806408DF884
:104910000E408DF8264040F6083540F202248DF80E
:104920001E308DF827308DF83130ADF804508DF8F9
:1049300007208DF812208DF833208DF83B20ADF83C
:104940000840204A069240F2012505232424ADF8B0
:1049500010508DF815308DF8164004231A4C8DF840
:104960001F30012540F224628DF81C508DF8303044
:104970000894ADF82420154D0A9508234FF41164CE
:104980000A228DF82C30ADF82E4040238DF83420CB
:104990000F4C8DF83C3001A9304640F2075540F2EB
:1049A00009464222ADF80C60ADF838508DF843301E
:1049B000CDF83F4014F01AFE422012B070BD002026
:1049C00012B070BD200105242402020507058003F2
:1049D00007058002007EFF280AD010B500F0F8FC21
:1049E000044608B1204610BD0FF0F2FA204610BD73
:1049F00000207047007EFF280ED000B583B00DF177
:104A0000070100F02DFD20B19DF8070003B05DF80F
:104A100004FB4FF0FF30F9E74FF0FF30704700BF65
:104A2000007EFF280FD000B583B001220DF10701F1
:104A300000F0DAFC20B19DF8070003B05DF804FB3C
:104A40004FF0FF30F9E74FF0FF307047007EFF284E
:104A500001D000F00FBD7047007EFF2801D000F0AC
:104A600069BD0020704700BFF8B50646007EFF28EC
:104A70001CD017465AB10D46144600F083FC294657
:104A8000224680B1307E00F039FD241A01D138462B
:104A9000F8BD05440FF09CFA307E00F073FC294607
:104AA00022460028EED13F1B3846F1E70020F8BD32
:104AB00070B50368184A5B6882B093428DF807109E
:104AC00021D10546007EFF2823D000F05BFC0DF1CC
:104AD000070601243146224688B1287E00F00EFDEB
:104AE000241A02D1012002B070BD06440FF070FA02
:104AF000287E00F047FC314622460028EDD1C4F163
:104B0000010002B070BD01220DF10701984702B00B
:104B100070BD002002B070BD694A030070B592B04C
:104B20001D460C46164601A84222002114F086FDBF
:104B3000412D5CD9631C0222DBB28DF806408DF852
:104B40000E408DF8264040F6083540F202248DF8DC
:104B50001E308DF827308DF83130ADF804508DF8C7
:104B600007208DF812208DF833208DF83B20ADF80A
:104B70000840204A069240F2012505232424ADF87E
:104B800010508DF815308DF8164004231A4C8DF80E
:104B90001F30012540F224628DF81C508DF8303012
:104BA0000894ADF82420154D0A9508234FF411649C
:104BB0000A228DF82C30ADF82E4040238DF8342099
:104BC0000F4C8DF83C3001A9304640F2075540F2B9
:104BD00009464222ADF80C60ADF838508DF84330EC
:104BE000CDF83F4014F002FD422012B070BD00200D
:104BF00012B070BD200105242402020507058003C0
:104C000007058002014B1878704700BF7C780020B0
:104C1000037EFF2B02D1074B1A7802B17047064979
:104C200002764161012200F1100104481A7000F07F
:104C300043B800BF7C78002060E704008078002043
:104C4000007EFF280ED000B583B000F09BFB10B1B2
:104C500003B05DF804FB01900FF0BAF9019803B0BE
:104C60005DF804FB0020704701B900B1704700B542
:104C700083B0694600F09CFB009BB3F5966F02D0B1
:104C800003B05DF804FB00F029FBF9E730B4084BF2
:104C9000084AFF2002F108054FF47A7400213032EF
:104CA00018761D609C601A6130BC5960596170476C
:104CB0006078002070E70400F8B50546B0F81801E8
:104CC0006C69B5F81A310A680E4604441B1A176855
:104CD00095F81C119BB222463046B84750B32218B3
:104CE00094423CD2766806E0052B25D023780BB39E
:104CF0001C44A24233D96378042BF5D1E378002B0E
:104D0000F4D195F81C11013185F81C11002EEDD05D
:104D100095F840110729E9D801F1480745F82760BF
:104D2000217295F84011013185F840111E46237813
:104D3000002BDDD10020F8BD94F90230002B08DBF8
:104D400095F81E31591C85F81E11A1780B43A370EC
:104D5000CCE795F81D31591C85F81D11F5E7B5F81C
:104D600018216B69104480B2A5F81801588095F895
:104D70001C211A710120F8BD2DE9F043284DDFF800
:104D8000B090AC4604468846BCE80F0089B003AF3B
:104D90000FC703AE0FCE05F1140E25460FC59EE8D2
:104DA0000700DCF800303B806B4636682E8003C37A
:104DB0006B4603CB1B4EA06104F118034FF4807CBB
:104DC0000125E16184F82020636140F2EF22002395
:104DD0001548C4F8189140F209470421A4F81CC1F1
:104DE000C4F8280184F84011A280C4F82C31C4F81A
:104DF0003031C4F83431C4F83831C4F83C314FF4A0
:104E0000E131C4E94876094884F81E51A571FFF7DD
:104E1000FFFE404600F050FA284609B0BDE8F08396
:104E2000C0E70400A4E7040024E604006078002042
:104E3000090000012DE9F04F04468BB0002900F075
:104E40009180032900F09C8090F840318B4240F221
:104E5000CB80483100F5A27550F821603278002AE5
:104E600000F0E78000231946374603E00131725C09
:104E70007718CAB102F14000C0B20128F6D9F42A6D
:104E8000F4D8100618D40120A2F55847B7F5006FE2
:104E9000ECD30144202B00F0C98025F81320725C6C
:104EA00001337718002AE5D1DBB201335B0043F40C
:104EB000407304F5A17C5DE002F0E000C02800F042
:104EC000A18002F0F000E02800F0918002F0F800EC
:104ED000F028CBD102F007024FF0040E787800F0F2
:104EE000C00CBCF1800FC1D197F802C00CF0C00813
:104EF00000F03F00B8F1800F40EA8212B6D10CF00A
:104F00003F0CBEF1030F4CEA821275D0F87800F026
:104F1000C007802FAAD100F03F0040EA8212A2F51C
:104F20008030B0F5801F38BF4FF0040E9ED2A2F53E
:104F30005840B0F5006F99D3B2F5803F7144A9D3C2
:104F40001E2BB1DCA2F580325800970A2844C2F328
:104F50000902A7F52057A2F5105225F813704280D8
:104F6000023384E7D0F82031A0F8443100F5A17C69
:104F70004FF44173A4F8423160460BB0BDE8F08FA6
:104F800002A800F0ADF904F5A17C019020B300F176
:104F9000FF3B5FFA8BF3284F04F1040B0DF1080A75
:104FA0000BEB830BA64606AE97E80F001AF8018BB1
:104FB00086E80F0008F00F090AADA94405EB1818A0
:104FC00019F8109C18F8103CAEF84691AEF8443130
:104FD0000EF1040EDE45E7D1019B5B00DBB201332D
:104FE0005B0043F44073C5E74FF0000CC4E702F0E8
:104FF0000F024FF0030E71E7A2F50060B0F5784F95
:1050000095D333E7787800F0C007802F02F01F02B5
:105010007FF42CAF00F03F0040EA8212A2F1800042
:10502000B0F5F06FBFF422AF02202DE740F242331B
:105030003FE740F202333CE7ACE70400004870472A
:1050400080780020014B5869704700BF80780020AD
:105050000A4601460148FFF7EDBE00BF80780020F8
:10506000024B186800B10069704700BF047A002045
:1050700030B40848BDF80850046844B1646934B1DC
:105080000846A44611461A462B4630BC604700200D
:1050900030BC7047047A002030B40848BDF808508E
:1050A000046844B1A46934B10846A44611461A46BE
:1050B0002B4630BC604730BC704700BF047A0020EC
:1050C000024B186808B190F850007047087A002029
:1050D0002DE9F047244C2568002D42D01F4600EBF7
:1050E000C00305EB83030446D3F818A08946904615
:1050F000C600BAF1000F30D0504615F0B8F90828B4
:10510000024628BF0822344405EB8405D5E907642C
:10511000DFF85CC0154B002E08BF66465146484676
:10512000002C08BF1C4614F061FA304615F09FF9B8
:1051300010280246314628BF1022404614F056FA85
:10514000204615F094F9042802462146384628BF27
:105150000422BDE8F04714F049BADFF818A008228D
:10516000D1E7BDE8F08700BF087A0020FCE7040023
:10517000ECE70400E0E70400F8B50B4F3B688BB1A7
:1051800000EBC00503EB850504466A69C6001AB149
:1051900090473B6885F82A00344403EB840393F876
:1051A0002A00F8BD1846F8BD087A0020074B1B6896
:1051B0005BB100EBC00003EB800010B4038D446AC8
:1051C0000C605DF8044B138070477047087A00202C
:1051D0000A781E2A01D10020704710B520221C46F3
:1051E0000521002300F078FF204610BD30B4094CA3
:1051F000029A256855B1044604EBC40405EB840407
:1052000008461946A3680BB130BC18474FF0FF3071
:1052100030BC7047087A002030B4094C029A2568E7
:1052200055B1044604EBC40405EB84040846194652
:10523000E3680BB130BC18474FF0FF3030BC70470B
:10524000087A0020054B1B6833B100EBC00003EB6C
:105250008000036903B11847704700BF087A002037
:1052600000B5104B402283B083F82723FFF7CAFA1A
:105270004FF080430024D3F838548DF8004068463E
:105280000DF0D0F8084B019301A80DF01BF90DF0BB
:1052900025F9EB0702D401F009FFFCE7204603F0F3
:1052A00053FDF8E700E100E0AD52030003F04CBD10
:1052B000002003F029BA00BF00B5002383B0032209
:1052C000CDE9002303490448C8220BF01DFE03B0BA
:1052D0005DF804FB00E80400615203000DF042BEDB
:1052E0004FF08052536E1BBA0360136E1BBA4360BB
:1052F000082070470048704708E8040070B51F4D4B
:105300002B68B3B199B91478C4F34114012C0BD0B4
:10531000022C07D15478012C0DD0022C07D1938890
:10532000072B21D0084670BD517822290CD00120CE
:1053300070BD184670BDDC69F4B123781146224671
:10534000BDE8704002F070BE5188003918BF0121DD
:105350001976114602F04EFE2A68136A002BE6D039
:10536000107E9847204670BD054C11462389224681
:10537000BDE8704002F058BE204670BD0C7A002097
:105380001060002010B5044601F0ECFD08B90020C3
:1053900010BD01F0EFFD0028F9D104484FF45A7315
:1053A00003FB0400007900F0010010BD107A00201A
:1053B000064B4FF45A7202FB003050F8063F0B6068
:1053C000838882798A718B80704700BF107A0020B1
:1053D00008B5044B4FF45A7202FB0030103001F054
:1053E00025FC08BD107A00202DE9F0414FF45A75D4
:1053F00005FB00F5194F05F110043C4492B220461C
:1054000001F040FC0646204601F02AFC3F2802D865
:105410003046BDE8F08107EB0508002098F803103E
:1054200002F01EFD0028F3D0204601F019FC3F28B1
:105430000BD905F53A7298F803103A44402300203E
:1054400002F072FD3046BDE8F08198F803100020AC
:1054500002F03EFD3046BDE8F08100BF107A00202A
:10546000034B4FF45A7202FB0030103001F07CBC49
:10547000107A00202DE9F041044601F073FD10B9C7
:105480000020BDE8F08101F075FD06460028F7D147
:105490004FF45A71DFF8608001FB04F404F12C052D
:1054A0004544284601F0C2FB0028E9D008EB040778
:1054B0003046B97802F0D4FC0028E1D004F54A74F3
:1054C000444428462146402201F0DCFB054660B1F9
:1054D000B978224630462B4602F026FD40B9054BEE
:1054E0001B68DB07CCD500BECBE7B97802F0F0FC37
:1054F0002846C6E7F0ED00E0107A002038B50C4BE6
:105500004FF45A7404FB00342C3492B20546204602
:1055100001F06AFC034620461C4601F087FB3F2849
:1055200001D8204638BD2846FFF7A4FF204638BDE5
:10553000107A002008B5044B4FF45A7202FB003079
:105540002C3001F08DFB08BD107A0020F0B51C4C0A
:1055500083B000214FF45A72204601250E4614F004
:105560006DF8FF234FF4424204F148016371E28079
:105570002B460827009604F110004FF48072277321
:105580002581668101F016FB2B464FF4807204F5ED
:10559000A471009504F12C0001F00CFB04F51271CC
:1055A00028460AF057FF04F5267103462846C4E949
:1055B00009630AF04FFFC4E9100603B0F0BD00BF55
:1055C000107A002010B5094B002203F12C0403F1DE
:1055D00010001A601A7101F07DFC204601F07AFC7F
:1055E00020460121BDE8104001F09CBC107A00204B
:1055F0002DE9F0414B79022B82B002D18B79022B3D
:1056000004D00025284602B0BDE8F081314FBB78B8
:105610002BB1314B1B68DB07F3D500BEF1E78B786C
:105620003B700C780C440646617824294FF009053C
:105630000BD1082A02D80FE0AA420DD323781C44CC
:105640002B44617824299DB2F6D005291BD004296A
:1056500002D163790A2B28D0204801F001FB3F28B2
:10566000D0D9F978002002F0FBFB0028CAD01B48F3
:1056700001F0F6FA3F28F97813D9194A402300209F
:1056800002F052FCBEE72146304602F0C9FB00287A
:10569000BFD0A3787B7023781C442B4461789DB2E3
:1056A000D5E7002002F014FCACE70E4A94F8008025
:1056B0000192022301320092304604EB08011A469F
:1056C00002F03AFB0028A4D005F10E0318FA83F388
:1056D0009DB2C1E7107A0020F0ED00E0207A0020B2
:1056E000F87C0020127A002038B5137803F06003AC
:1056F000202B0CD1264C938825789D4207D15378D6
:10570000203B032B03D8DFE803F009151E0400201B
:1057100038BD71B3022931D0012038BD61B10229F1
:10572000FAD11C4B002BF7D01B490020AFF30080AF
:10573000012038BD0029EFD111460723164A02F097
:1057400073FC012038BDA1B10229E5D1558825712E
:1057500005F00104114884F0010101F0E3FB104B56
:10576000002BD9D0C5F3400221460020FFF77CFA78
:10577000D2E7114602F03EFC012038BD094B002B58
:10578000CAD051880020AFF30080012038BD00BF8F
:10579000107A002000000000167A00203C7A0020D9
:1057A000694C0300000000002DE9F047574DEA78EE
:1057B0008A420C4607461E465CD19AB205F53A71FC
:1057C00005F1100001F010FB514BD3B16B79FF2BA9
:1057D00017D0B6B105F2E72808EB060AA8F2D729D8
:1057E00002E0D0450DD06B7918F8012F9A42F8D11C
:1057F000484601F02BFA0028F3D16979AFF3008015
:10580000EFE7444B23B1444801F020FA002870D060
:10581000414801F025FA3F2805D9E978002002F037
:105820001FFB002858D1AB789C4203D001242046AE
:10583000BDE8F087394B13B10020AFF3008001F0D1
:1058400091FB20BB364801F0F1F90028EED1002E83
:10585000ECD016F03F06E9D1A978384602F000FBFB
:1058600004460028E2D0A97838463346324602F092
:105870005BFBDCE7AB788B42DCD02A4B1C6814F076
:105880000104D4D000BE00242046BDE8F08701F01A
:1058900071FB04460028D5D1214801F0C7F9002842
:1058A000D0D0A978204602F0DBFA0028CAD01E49E1
:1058B0004022A1F53F7001F0E5F9034608B31A4A0A
:1058C000A978204602F030FB0028AFD1154B1B68A9
:1058D000DB07B7D500BEB5E70F4801F0C1F93F2897
:1058E0000AD94023114AE978002002F01DFBAB7869
:1058F0009AE7AFF300808BE7E978002002F0E8FA3E
:1059000091E7A97802F0E4FA9CE700BF107A002042
:105910000000000000000000207A002000000000CD
:105920003C7A0020F0ED00E0387D0020F87C00207B
:1059300002488C22002113F081BE00BF787D002038
:1059400002488C22002113F079BE00BF787D002030
:105950002DE9F0414B79032B82B011D10F79C7EBC0
:10596000C7051235ADB295420C4604D8DFF89C80CD
:1059700098F8011049B1234B1B68DA0700D500BE27
:105980000025284602B0BDE8F08194F800C004EB81
:105990000C0292F801E0BEF1210FECD1C8F888208A
:1059A00014F80C1008F1010E08F1020C1144CDE9B5
:1059B00000CE3A46064602F0BFF90028DBD0A379B4
:1059C00098F80210012B04BFE37988F80330012214
:1059D000D8F8883088F80420A278B3F8073088F81F
:1059E0000020A8F806300029CBD0074A30464023D3
:1059F00002F09AFA0028C4D1024B1B68DB07C0D51D
:105A000000BEBEE7F0ED00E0C07D0020787D002004
:105A1000F0B51446127802F01F05012D83B00FD1A6
:105A20000B467149A78891F800C0FFB2BC4507D169
:105A300012F06002064606D183BB6278062A30D097
:105A4000002003B0F0BD202AFAD16278013A0A2A78
:105A5000F6D801A050F822F02D5B0300195B03007B
:105A6000055B0300415A0300415A0300415A0300F9
:105A7000415A0300415A0300ED5A0300C75A03007C
:105A8000855A030063B3022B08D16388574ADBB2FF
:105A90000B711AB119460020AFF30080012003B04A
:105AA000F0BD6288120A212A65D0222AC8D1184680
:105AB000FFF7D6FA4C490246CB883046214602F021
:105AC000B3FA2846BDE7002BE8D162884848120A9D
:105AD0004A7128B111461846AFF300800028AFD0B4
:105AE0002146304602F086FA0120AAE7002B4ED16B
:105AF000E388402BA4D83F4A2146304602F094FA6E
:105B000001209EE7002BC9D13B4A214630460123A4
:105B100002F08AFA012094E7002BBFD1374A2146D0
:105B20003046012302F080FA01208AE7002BB5D12C
:105B3000E5886088402D4FEA10222F4628BF402775
:105B400010F0FF003ED0012D46D9013F08722C49CC
:105B5000BFB201250B46009701460020FFF788FAE7
:105B60002B189BB28BBB274A1268D2077FF568AF10
:105B700000BE184665E7D1F88820002A3FF460AFE0
:105B80001378214603B0BDE8F04002F04DBA022B75
:105B900084D1E5886388402D2C4628BF402413F02B
:105BA000FF004FEA132205D0012D03D991F84830A8
:105BB000834214D00F4B009401460020FFF76CFA8B
:105BC00001203EE710491D46C4E70F4A21463046F2
:105BD00002F02AFA012034E70B491D46BAE7013CDE
:105BE0000A4BA4B2E7E700BF787D00200000000068
:105BF00000000000C07D00207C7D00207D7D002015
:105C0000817D0020F0ED00E0807D0020C17D00203E
:105C100030B51C4CA2788A4283B00CD16178914295
:105C200017D1194A22B11949DAB20020AFF3008026
:105C3000012003B030BD62788A42F2D0144B1B6859
:105C4000DB0703D500BE002003B030BD002003B049
:105C500030BD00229BB2114605460093104604F168
:105C60004803FFF719FAA1782846402304F14802B7
:105C700002F05AF90028DBD1054B1B68DA07E5D59D
:105C800000BED6E7787D002000000000807D002067
:105C9000F0ED00E070B500F12C050446284600F058
:105CA000C5FF08B9002070BD6178002002F0D8F867
:105CB0000028F7D004F50A7628463146402200F045
:105CC000E1FF054660B1034661783246002002F0EC
:105CD0002BF940B9054B1B68DB07E3D500BE70BD4F
:105CE000617802F0F5F8284670BD00BFF0ED00E0E5
:105CF00030B5164C83B000210D464FF41A72204681
:105D000013F09CFC04F1480104F1100000950123FC
:105D1000802200F04FFF802204F1C801012300958A
:105D200004F12C0000F046FF04F5A47101200AF0F4
:105D300091FB04F5CC7103460120C4E909530AF034
:105D400089FBC4E9100503B030BD00BF3CA00020B2
:105D500010B5084C002304F11000C4E90033C4E975
:105D6000023301F0B7F804F12C00BDE8104001F057
:105D7000B1B800BF3CA000202DE9F0434B79012BC6
:105D800083B002D18B79012B04D00025284603B0C3
:105D9000BDE8F083CB79002BF7D10B78CC18064601
:105DA0006578242D99B20BD1914202D9EDE78A4250
:105DB000EBD323781C440B446578242D99B2F6D09C
:105DC000042DE2D16379012BDFD1A379032BDCD140
:105DD000E579002DD9D1DFF8CC8098F8010098F84A
:105DE000023050EA030905D02B4B1B68DB07CCD5EA
:105DF00000BECBE7A37888F8003027782079CB194C
:105E00009DB2274430B922E03B7881451D44ADB2B4
:105E10001F441CD2AA421AD37B78052BF4D13946F1
:105E20003046019201F0FCFF019A68B3BB782079FB
:105E3000D90914BF88F8013088F80230397809F19F
:105E400001030D445FFA83F9ADB20F44DCE7134858
:105E500000F006FF3F2899D998F80210002001F0C1
:105E6000FFFF002892D00D4800F0FAFE3F2898F876
:105E7000021005D90A4A4023002002F055F885E7B0
:105E8000002002F025F881E7034B1B68DA077FF555
:105E90007CAF00BE054679E7F0ED00E04CA00020A5
:105EA00024A200203CA0002000207047F8B52D4D12
:105EB000AA788A421E4619D19AB205F5F47105F105
:105EC000100000F091FF284B13B10020AFF30080C9
:105ED000264800F0C5FE3F2805D9A978002001F02A
:105EE000BFFF044668BB01242046F8BD6B788B4297
:105EF00008D01F4B1C6814F00104F5D000BE00242C
:105F00002046F8BD07462846FFF7C4FE0028EAD120
:105F100005F12C0000F08AFE0028E4D1002EE2D02A
:105F200016F03F06DFD16978384601F099FF044644
:105F30000028D8D0697838463346324601F0F4FF5D
:105F4000D2E70A4800F08CFE3F28A97805D9094A13
:105F50004023002001F0E8FFC6E7002001F0B8FF71
:105F6000C2E700BF3CA00020000000004CA00020C1
:105F7000F0ED00E024A2002070B52E4CE28AA36868
:105F800052BA92B282B0054612B1B3FBF2F292B2AB
:105F9000A06BD4F81110B0FBF2F61B1AB3F5007F1A
:105FA00028BF4FF4007309BA009302FB1602224B7C
:105FB000607B3144FFF71AF9031E13DB09D094F814
:105FC0002E101D4A9BB2284601F0AEFF58B302B016
:105FD00070BD94F82E10009328461A4601F078FE02
:105FE00002B070BDA268A36B43F203300021D31A44
:105FF000A08784F83E1001200221A36284F82C00BF
:1060000084F83010002AE2D0002BE0D0237BDB099B
:1060100014BF94F82E1094F82F10284602B0BDE853
:10602000704001F0BDBF054B1B68DB07CFD500BE3C
:10603000CDE700BF04800020047E0020F0ED00E0EA
:1060400038B5214B214C05461BB1607BAFF3008076
:10605000B0B1A06BA36894F82F101D4A1B1AB3F5BA
:10606000007F28BF4FF4007328469BB201F05CFF0D
:1060700000B138BD174B1B68DB07FAD500BE38BD31
:10608000A26BA16884F83E008B1A42F207720120CD
:10609000A2870222A36284F82C0084F83020002911
:1060A000E7D0002BE5D0237BDB0906D094F82E1037
:1060B0002846BDE8384001F073BF94F82F102846F9
:1060C000BDE8384001F06CBF0000000004800020F3
:1060D000047E0020F0ED00E0044880F83C1080F8D9
:1060E0003D2080F83E300120704700BF0480002032
:1060F00002484022002113F0A1BA00BF0480002012
:1061000002484022002113F099BA00BF0480002009
:106110004B79082B01D0002070478B79062BFAD1E0
:10612000CB79502BF7D1162A06D81C4B1B68D90700
:10613000F1D500BE0020704770B5194D8B7885F8F9
:106140002D300B7882B005F12F0205F12E0619448F
:106150000223CDE900261A46044601F0EDFD30B9D0
:106160000E4A1268D2070FD500BE02B070BD20469D
:1061700095F82F1000241F232A4685F8304001F09F
:10618000D3FE20B11720F0E7002002B070BD034B12
:106190001B68DB07F6D500BE1720E6E7F0ED00E050
:1061A00004800020002961D170B5137803F07F05C9
:1061B000022D84B0044620D003F06003202B02D0CF
:1061C000002004B070BD5378FE2B34D0FF2BF7D1E4
:1061D0005388002BF4D1D688B3B2002BF0D13B4DBD
:1061E00011462046AE87C5E90D3385F8303085F875
:1061F0003E3001F0FFFE0120E3E75578012DDBD1B1
:106200005388002BDCD1314E938896F83020042A35
:10621000DBB243D096F82E10994229D096F82F5031
:106220009D4205D122B9294601F0ACFE00283AD0A2
:10623000012004B070BD5388002BC1D1D088012843
:10624000BED1234B8DF80F002BB10192FEF738FF22
:10625000019A0028B4D0451E1146204601230DF1B5
:106260000F028DF80F5001F0DFFEE1E701207047CB
:10627000022ADDD1B26BB3689B1A0324B36206F124
:1062800020020D2386F8304001F04EFE0028CFD1C9
:10629000104B1B68DB0793D500BE92E7194601F04F
:1062A0007FFE28468DE72946204601F095FE00280E
:1062B000BED1002386F8303096F82F10034A2046CE
:1062C0001F2301F031FE0028B2D1E1E70480002055
:1062D000C1500300F0ED00E0F0B5A74C94F8305049
:1062E000012D8FB01E4607466FD0032D46D02DB12D
:1062F000022D00F0898001200FB0F0BD94F82F30FE
:106300008B42F8D11F2E40F09E809C4B22689A420F
:1063100040F09980E37B9A4A6068A56284F82C502B
:10632000A5632262A56860620122282B84F83020D0
:10633000656300F0DA802A2B00F09F82002D00F0C8
:106340002981227BD20940F02581B5F5007F40F2FA
:10635000F78294F83C30A5620120022284F82C00D8
:1063600084F8302023B942F2050284F83E30A28737
:10637000384601F015FE94F83050B9E794F82E3005
:106380008B42B8D10D2EB6D1E37B282B00F06D8265
:106390002A2B00F062827B4B23B1607B04F10F015A
:1063A000AFF30080002084F83000734A94F82F1077
:1063B0001F23384601F0B8FD0028DCD1724B1B6862
:1063C000DA0700F19080002096E7E37B282B12D0BB
:1063D0002A2B59D0A36B227B3344D209A36347D025
:1063E000626B9A420DD9684B1B68DB07C3D500BEB0
:1063F00094F830507CE7D4E90D2333449342A363EF
:106400006CD3022384F8303094F82E10384601F013
:10641000E3FD00287FF46FAFA368A26B934202D91B
:10642000217BC9091ED19B1A0325A36294F82E1063
:10643000564A84F8305038460D2301F075FD002887
:106440007FF459AFBAE7042394F82E1084F8303063
:10645000384601F0A5FD384694F82F1001F0A0FD54
:10646000002049E794F82E10384601F099FD42E7E4
:10647000A38E474A607B04F10F01FEF7A9FE0028B6
:10648000C0F2C981A36BABE7E08A40BA80B218B111
:10649000A368B3FBF0F080B2D4F81110A26B3C4DAE
:1064A000B2FBF0F309BA00FB13221944607B00969B
:1064B0002B46FEF7B1FE0028C0F20A82864252D96E
:1064C000002840F03382002394F82F1000933246C6
:1064D000384601F0FDFB94F8305009E7FFF74CFD1A
:1064E00094F8305004E700BE06E7E28A52BA92B24E
:1064F0009DB9002A85D094F83C300222002184F80E
:106500002C2084F83020A162002B7FF47DAF42F272
:10651000050284F83E30A28776E7207BC0090BD0C5
:10652000002A00F0EE819542C0F02282282B3846E6
:10653000D4D0FFF785FD1EE794F83C20A562022326
:1065400084F82C3084F83030002A7FF411AF42F206
:1065500005020023A28784F83E30207BC009002872
:106560003FF406AF9DE1D4E90D2333449342A36386
:10657000BFF447AF3846DCE7048000205553424360
:106580005553425300000000F0ED00E0248000204D
:10659000047E0020607B252B27D8DFE813F037012D
:1065A000260026000A0126002600260026002600D6
:1065B00026002600260026002600260026002600AB
:1065C0002600E900260026002600260026002600D8
:1065D0002600CF00B5002600260026002600260053
:1065E000260026007B002600520094F83C30002B49
:1065F0003AD1B04AB049ABB2FEF7EAFD002833DB2E
:1066000040F0C981A368002B3FF4FBAEA16B94F866
:106610003C205B1A01200221A36284F82C0084F83C
:10662000301022B942F2050184F83E20A187002BE8
:106630003FF4EAAE237BDB0940F0338194F82F105E
:1066400096E604AA05A9FEF7B1FD059B23B1BDF8A6
:106650001020002A40F0968194F83C3023B940F293
:10666000024284F83E30A287A268A36B94F83C10E3
:106670000120D31A84F82C000220A36284F8300091
:1066800021B942F2050084F83E10A087002A3FF4A9
:10669000BBAECCE705AD00230DF10E0204A96B6083
:1066A0000593AB60FEF782FD049A002AD4D0BDF8B2
:1066B0000E30002BD0D012BA5BBA08200221ADF800
:1066C0001E3006928DF817008DF81C1095E8070013
:1066D000784BA56883E807000C20002D40F0398135
:1066E000A36B94F83C205B420121A362022384F84F
:1066F0002C1084F83030002A7FF486AE42F2050375
:1067000084F83E50A3877FE66C4B002B3FF47AAFB2
:10671000E17CC1F3400301F001020909AFF30080FD
:1067200000287FF46FAF94F83C30002B9CD140F2EE
:1067300002420023A28784F83E3095E7059B604A19
:1067400003F4000343F003030593002A00F01881CB
:10675000AFF300809DF81630564AA56880F001001E
:1067600060F3C7138DF81630059B13600420B4E75F
:106770004FF020330022CDE90A33524D069207A98B
:1067800009AA0893079309930D930C9305AE0DABDB
:106790000595FEF79DFC0FCEDFF818C1A568ACE8A3
:1067A0000F000FCEACE80F003368CCF80030242087
:1067B00093E794F83C2094F83D0094F83E10DFF8FD
:1067C000F4C04FF0000E4FF00003CDE905EECDE927
:1067D00007EE62F303038DF81630F0220A23ADF8BA
:1067E00024E08DF820008DF821108DF814208DF80C
:1067F0001B3005AE0FCEACE80F003368A4F83CE0C8
:1068000084F83EE0ACF80030122066E7FEF7B4FCF6
:10681000002888D0F6E6A268A36B94F83C0084F8C0
:106820002C50D11A0225A16284F8305020B942F2CE
:10683000050584F83E00A587002A3FF4D1AD002964
:106840003FF4CEAD237BDB0900F0948094F82E104A
:10685000384601F0A5FBA36BC2E51B4B002B3FF4B0
:10686000A1AD607BFEF7EEFC9CE5184B002B3FF4DE
:1068700099AD607BAFF3008094E5E28A52BA92B2A0
:10688000002D3FF436AE207BC0093FF449AE94F8AA
:106890003C30A562022284F82C2084F83020002BA2
:1068A0007BD094F82E10384601F07AFB94F83050E3
:1068B0001EE500BF047E00201380002000000000C1
:1068C00000000000008002024552030000000000AA
:1068D000A36BA2683344D11A43F20330A3630023AD
:1068E000A08784F83E3001200223A16284F82C00A6
:1068F00084F83030002A3FF487AD00293FF484AD9E
:1069000098E6012294F83C3084F82C200222A562FB
:1069100084F83020002B7FF422AE42F2050284F886
:106920003E30A287002D3FF46FAD16E6A36B361AFA
:106930000344291832462846A36312F065FEC2E5D7
:10694000194AABB2384601F0EFFA00287FF413ADD4
:1069500034E5A84228BF284683B26063124A94F8FF
:106960002E10384601F0E0FA00287FF404AD25E54A
:106970000222C7E794F82F10384601F011FB81E599
:106980000120E7E60849A568013B1BBA12BAC1E934
:1069900000320820A1E6A5689FE642F2050284F8CD
:1069A0003E30A287D9E500BF047E002030B5154CEB
:1069B00083B000210D464FF4EE72204612F03EFEE9
:1069C00004F13C01201D00950123402200F0F2F863
:1069D000402204F17C010123009504F1200000F025
:1069E000E9F804F1BC01012009F034FD04F58671D9
:1069F00003460120C4E9065309F02CFDC4E90D0546
:106A000003B030BD4480002010B5064C2046002362
:106A100040F8043B00F05EFA04F12000BDE81040AD
:106A200000F058BA448000204B79FF2B01D00020A1
:106A300070472DE9F041324C6678A378334382B039
:106A400003D0002002B0BDE8F0810D788B78237070
:106A5000804608790F460D4408B36B78052B0AD0A1
:106A6000AB189D4202D306E0AB4204D929780D440D
:106A700069780529F8D1234E0196731C02460093CC
:106A800029460223404601F057F90346A8B13B7955
:106A9000A178C3EBC3031D4431B96178A1B9E81BE8
:106AA00080B202B0BDE8F081402306F25B1240469E
:106AB00001F03AFA03460028EFD1134A1268D207D0
:106AC000BFD500BE1846BDE7002001F05BFA0646C0
:106AD0000028E4D10D494022A1F5BE7000F0D2F8A3
:106AE0000028DCD003466178084A304601F01CFAE1
:106AF0000028D4D1044B1B68DB07D0D500BECEE7FD
:106B00004480002045800020F0ED00E0E08100207E
:106B100038B5234CA2788A420AD063788B424FF072
:106B2000000004D101F02EFA054600B3012038BD63
:106B30009AB204F5AE71201D00F056F9194B13B14D
:106B40000020AFF30080A178002001F01BFA054679
:106B50000028EBD1144800F083F83F28E6D9A1784B
:106B6000124A2846402301F0DFF9012038BD4022B7
:106B700004F5CE7104F1200000F084F80028D5D08F
:106B800003466178284604F5CE7201F0CDF900285D
:106B9000CCD1074B1B68DB07C8D500BEC6E700BFDA
:106BA000448000200000000048800020A0810020D8
:106BB000F0ED00E02DE9F041B2F5004F9DF81880AE
:106BC00030D80446406915460E461F4618B14FF0AE
:106BD000FF3109F07FFEA06918B14FF0FF3109F0D5
:106BE00079FE6A0092B260692660511E002352420B
:106BF000E381A580E78084F80880A18162812382F7
:106C000018B11A46194609F075FAA06938B100237F
:106C10001A46194609F06EFA0120BDE8F0810120FC
:106C2000BDE8F0810020BDE8F08100BFC189028A83
:106C300089B292B28B1A91429BB202D242899B1ABC
:106C40009BB28088984228BF18467047C289038A41
:106C500090B29BB2C01AB0FA80F04009704700BFF2
:106C6000C189028A89B292B28B1A914210B49BB246
:106C7000848802D240891B1A9BB2E01A80B25DF868
:106C8000044B70472DE9F0470546806988469146D8
:106C900018B14FF0FF3109F01DFEEB892C8A9BB231
:106CA000A4B21E1BA342B6B202D26A89B61AB6B209
:106CB000AF88B74209D2BB4249D26A893A449B1A8B
:106CC0009AB22A822C8A3E46A4B2002E45D04E4566
:106CD00028BF4E46A74203D8E41BA4B2A742FBD963
:106CE000A7EB0409B5F806A029681FFA89F94E45F3
:106CF0000AFB041125D919FB0AF91FFA89F94A463A
:106D0000404612F073FCF21B224412FB0AF229687F
:106D100092B208EB090012F069FC2A8A92B2931928
:106D20009BB29A421BD96A8913449BB2A8692B82F1
:106D300020B100231A46194609F0DCF93046BDE8B7
:106D4000F0870AFB06F2404612F050FCE5E7A989FD
:106D5000DA1B92B29142B4D2AFE72B8A9BB2AA89D6
:106D60009A42E3D2DFE700BF70B5044680690E4661
:106D700018B14FF0FF3109F0ADFDE289238A92B2DC
:106D80009BB2D01A9A4280B202D26189401A80B274
:106D9000A588854207D2AA421DD261892944521A88
:106DA00091B221822846E0B1AB4203D35B1B9BB278
:106DB0009D42FBD9E2882168304602FB031112F0A4
:106DC00015FC0125A06920B100231A46194609F0D7
:106DD00091F9284670BDA089511B89B28842E0D242
:106DE000DBE70546EEE700BF2DE9F84F1546002A20
:106DF0003FD004464069884618B14FF0FF3109F092
:106E000069FDE789237A218ABFB289B2A3BB7A1AC6
:106E10008F42A38892B252D39A1A92B2954228BF57
:106E20001546A5EB0309B4F806A01FFA89F99F429D
:106E30003E4603D3F61AB6B29E42FBD29B1B206895
:106E40009BB29D420AFB060027D80AFB05F2414689
:106E500012F0CCFBEB199BB29F421AD8A2899A423E
:106E600017D36069E38120B100231A46194609F05F
:106E700041F92846BDE8F88FA3889D4223D3B4F892
:106E800006A0ED1A0AFB05880F461D464FF00009C3
:106E9000CDE7628913449BB2E3E713FB0AF31FFAC1
:106EA00083FB5A4641464E4412F0A0FB16FB0AF201
:106EB000206808EB0B0192B212F098FBCAE76189D7
:106EC000521A92B2A8E7A5EB0309B4F806A01FFA7C
:106ED00089F9ACE710B50446406918B14FF0FF31AD
:106EE00009F0F8FCA06918B14FF0FF3109F0F2FC8D
:106EF000A38860695B009BB2591E5A420023E3815C
:106F0000A1816281238218B11A46194609F0F2F86C
:106F1000A06920B100231A46194609F0EBF80120B8
:106F200010BD00BF38B5044640690D4618B14FF09A
:106F3000FF3109F0CFFCA06918B14FF0FF3109F023
:106F4000C9FC6069257220B100231A46194609F070
:106F5000D1F8A06920B100231A46194609F0CAF8F1
:106F6000012038BD024B5878003818BF0120704707
:106F700078820020024B1878C0F38000704700BF71
:106F800078820020014B1878704700BFAF82002044
:106F90002DE9F0433A4D2E7883B01EB1304603B050
:106FA000BDE8F083372231460446364812F046FBEE
:106FB0003549012009F04EFA344B186000283BD0C7
:106FC00033490B464A6833F8080B4988009608F0A5
:106FD000EDFF304B186078B32F4F27B12F48AFF338
:106FE00000802F4B18602D4E337877B32D4FDFF88C
:106FF000B0804FF000094B4537D8A9EB0303DBB253
:10700000042B39D803EB430307EBC3031B689847F2
:10701000337809F101095FFA89F91A1D4A45EADA5C
:10702000204601F06FF9204601F06EF90126304646
:107030002E7003B0BDE8F0831B4B1B68DB07ADD59A
:1070400000BE304603B0BDE8F083DFF8588001E0B1
:10705000052F11D007EB4703013758F83330984715
:10706000337804339F42F3DDDAE7D8F8003009EBD8
:10707000490203EBC203C9E700231B68FFDE00BF20
:10708000AF8200207882002028820020B082002079
:10709000C4600020B4820020000000002482002090
:1070A0002082002044E80400F0ED00E02DE9F04FDC
:1070B0008BB0FDF7B5FB002800F06F81BE4DDFF807
:1070C0001893DFF818A3DFF818B328684FF0FF32E1
:1070D00007A909F0A3FA002800F05F819DF81D3090
:1070E000013B072B00F2F284DFE813F00001C90036
:1070F000A300940088003F000E000800089B002BAE
:10710000E3D009989847E0E79DF82010AB4B01F0D9
:107110007F0403EB440303EBD11393F825006FF3D3
:10712000000083F8250093F825006FF3820083F8B0
:107130002500002C00F03481A14ADB7C32B1A14A49
:1071400012789342C0F01C819B1ADBB2042B00F230
:107150001F8103EB43030AEBC3031C699DF8212045
:10716000099B9DF81C00A047AFE7DFF850829DF80F
:107170001C6098F8003043F0010388F8003098F85C
:1071800025306FF3000388F8253098F825306FF329
:10719000820388F8253098F826306FF3000388F8CA
:1071A000263098F826306FF3820388F826300020C6
:1071B00000F09EFF9DF8203003F06002602A0DD0A1
:1071C000402A00F0438103F01F03012B00F09B8154
:1071D000022B00F06D81002B00F04781D9F80030C0
:1071E000DC0700D500BE9DF81C00002101F032FA3A
:1071F0009DF81C00802101F02DFA66E76F4B1B788B
:10720000DA077FF562AF704B002B3FF45EAFAFF350
:1072100000805AE7694B1A78D1077FF556AF6B4A61
:10722000002A3FF452AF1878C0F3C000AFF30080DB
:107230004BE7644C624F2278002F00F0F480002668
:1072400014E0B31ADBB2042B00F2FD8003EB43031E
:107250000AEBC3035B691BB19DF81C0098472278B9
:107260000136F6B2131DB342FFF62FAFB242E8D992
:10727000DBF8003006EB460103EBC103EAE7514CB3
:107280004F4F23789DF81C60002F00F0BA80002734
:10729000BB4267D8FB1ADBB2042B00F21F8403EB5E
:1072A00043030AEBC3035B683046984723780137F2
:1072B000FFB21A1DBA42EBDA372200213F4812F022
:1072C000BDF9434B4FF0FF321A605A609A60DA60A2
:1072D0001A615A619A61DA611A8400F0FFFE3D4B2F
:1072E000002B3FF4F2AEAFF30080EEE6354C344FA6
:1072F00023789DF81C60002F5AD000279F4238D376
:10730000FB1ADBB2042B00F2E98303EB43030AEB25
:10731000C3035B683046984723780137FFB21A1DD4
:10732000BA42EBDA254C37220021204612F086F9CA
:107330004FF0FF33C4F80330C4F80730C4F80B3003
:10734000C4F80F30C4F81330C4F81730C4F81B3039
:10735000C4F81F30A4F8233000F0C0FE9DF82030A0
:10736000A370B2E6DBF8003007EB470203EBC20381
:1073700099E7DBF8003007EB470203EBC203C8E7ED
:10738000DBF8002003EB430312EBC3037FF4E5AE0D
:10739000114B1B68D80700D500BE0BB0BDE8F08FBD
:1073A000099B9DF821209DF81C0000F0B3FE8CE69F
:1073B000DFF8288019E000BFB48200207882002026
:1073C00000000000248200200000000000000000F7
:1073D0007B82002000000000F0ED00E044E80400A3
:1073E00020820020052F00F07983D8F80430304641
:1073F00098472378013704339F4208F11808F1DDDC
:1074000090E7DFF8508302E0052F00F06783D8F89B
:10741000043030469847237801370433BB4208F1E3
:107420001808F1DA48E7CB4E73691BB19DF81C00D0
:10743000984722780137131D9F4206F118063FF73F
:1074400044AE052FF0D100235B69FFDEC24800285F
:107450003FF4C9AE00F04CFE304608AA0021FDF70B
:107460004DFF00287FF431AEBDE6202A00F0848075
:10747000002A7FF4B3AE9DF82130092B3FF6AEAE63
:1074800001A252F823F000BF0F7603000F7703002C
:10749000DD710300EF760300DD710300D176030098
:1074A0007D760300DD71030065760300337603000B
:1074B0009DF8241001F07F03082B3FF68FAE08EBF8
:1074C000430000EBD110A54CC07C5B00CF0934B168
:1074D000A34C2478A042C0F08E80001BC0B20428C8
:1074E00062D800EB40000AEBC004002A60D0E068DC
:1074F00000F0FEFDE368304608AA00219847002806
:107500007FF4E3AD6FE69DF824300F2B3FF66BAEB2
:107510004344924ADB782AB1914A1278934261D36C
:107520009B1ADBB2042B3FF65EAE03EB43030AEB80
:10753000C304E06800F0DCFDE36808AA00213046DF
:10754000984700287FF4C1AD9DF8203013F0600407
:107550007FF449AE9DF821300A3B012B3FF643AE44
:1075600000F0C6FD9DF821300A2B00F07B8108A9B0
:10757000304600F03FFDA8E59DF824300F2B3FF684
:1075800032AE4344754ADB7832B1754A1278934281
:10759000C0F04D819B1ADBB2042B3FF624AE03EB07
:1075A00043030AEBC304A2E7002A7FF41CAE14468F
:1075B0009DF8212002F0FD00012800F00A81002A38
:1075C0007FF40CAE43443B44304693F825400DF124
:1075D0001A02C4F34004022308A9ADF81A4000F0CF
:1075E00023FD72E5DBF8004003EB430314EBC30417
:1075F0003FF4F9AD9DE7DBF8004000EB400004EB01
:10760000C004002AD4D0002C7FF471AFEBE598F8C9
:1076100000309C0804F00204C3F340131C433046BE
:1076200002230DF11A0208A9ADF81A4000F0FCFC83
:107630004BE59DF8223002931A4698F801309A42A1
:1076400008D098F80130002B40F09581029B002B68
:1076500040F01281029B88F80130304608A900F002
:10766000C9FC32E598F801308DF81A303046012314
:107670000DF11A0208A900F0D7FC26E5BDF822009A
:10768000030A5A1EC0B20E2A3FF6ADAD01A151F851
:1076900022F000BFBB7703009F7703008F770300C2
:1076A000E7710300E7710300697703009F77030028
:1076B000E7710300E7710300E7710300E77103005E
:1076C000E7710300E7710300E77103002F77030000
:1076D00008A800F013FD9DF82210304600F01AFEB5
:1076E00098F8003043F0020388F80030EDE4BDF86C
:1076F0002230012B7FF477AD98F80030304643F00C
:10770000080308A988F8003000F074FCDDE4BDF837
:107710002230012B7FF467AD98F8003030466FF3CC
:10772000C30308A988F8003000F064FCCDE40D4BD9
:10773000002B3FF458ADFDF7DDFD024600283FF475
:107740004DAD5388304608A900F06EFC00287FF448
:10775000BCAC48E544E80400FD5203000000000012
:1077600024820020F5520300B64B002B3FF43BADC2
:10777000AFF30080024600283FF435AD1378304661
:1077800008A900F051FC00287FF49FAC2BE5BDF860
:107790002410FDF75DFC02460028EFD123E5022B03
:1077A00000F08A81A84B002B3FF41DADAFF30080A1
:1077B0000246002A3FF412ADC3E7FDF73FFC122357
:1077C000024608A9304600F02FFC00287FF47DAC6B
:1077D00009E5BDF82200009048B9012A43442FD0A2
:1077E0003B4403F1200793F825309B0713D5002C69
:1077F0003FF46BACE06800F07BFCE36808AA002172
:1078000030469847002000F073FC98F82630DF07D8
:107810003FF55BACABE6304600F01CFF7B7943F0F4
:1078200002037B717B7943F001037B71DFE7DBF8B7
:10783000004003EB430314EBC3043FF4D4AC56E61F
:107840001F4420377B799A07D1D5304600F042FF9C
:107850007B79009A62F341037B717B7962F30003C9
:107860007B71C4E708A9304601230DF11A028DF897
:107870001A4000F0D9FB28E4581EC0B2FDF7E2FB25
:10788000002871D04378022B6ED1C27998F800108D
:10789000C2F340131B01C2F3801221F0300143EA0E
:1078A00042130B4388F8003043880396C31800F155
:1078B000090704933946049B8B4240F2F5804B78CC
:1078C0000B2B00F0DD8001220092042B4CD1049B95
:1078D0005E4A5B1A9BB201935D4B1B784AB300264C
:1078E00037461DE0F31ADCB2042C00F2EC8004EB06
:1078F00044040AEBC404019AA368039805919847CD
:1079000008280599024603D9019B834280F08280B2
:107910004F4B1B780136F6B21A1DB242374623DBB5
:10792000B342DFD9DBF8004006EB460304EBC304A7
:10793000E1E7484B17461C46052FFEB200F0C38016
:10794000019AA3680398059198470828059902466B
:1079500002D9019890425DD23D4B1B780137043328
:10796000BB4204F11804E7DAD9F80030D9077FF5F3
:1079700035AC00BE32E4364C344F304600F072FD78
:1079800098F802202378009287B30027BB4226D8BC
:10799000FB1ADBB2042B00F2A18003EB43030AEBDA
:1079A000C3035B683046984723780137FFB21A1D3E
:1079B000BA42EBDA37222848002111F03FFE274B6C
:1079C000009A88F802204FF0FF321A605A609A60DD
:1079D000DA601A615A619A61DA611A8436E6DBF874
:1079E000003007EB470203EBC203DAE7194B3046DE
:1079F00026461C4601E0052F70D063680190984729
:107A00003278019801370432BA4204F11804F2DAEC
:107A10000646CFE7009B012B38D0009B03B391F8BB
:107A200002C0002305E00133C6700098DCB2844236
:107A300016D20CEB030058FA80F0C478FF2CF2D079
:107A400092E700BF000000000000000000000000FE
:107A50002482002044E80400788200207B820020F9
:107A600033462048CDE90012FCF710FF1E4B1B786F
:107A7000DDE900120433BB421144BFF61CAF73E7CB
:107A80000B78CA78009219444B781EE7A368174810
:107A9000834206D0009C1648834208BF022400940B
:107AA000BDE702230093BAE7124B039E002B3FF47D
:107AB000D1ADAFF30080CDE5FDF7C4FA0246002A50
:107AC0003FF48CAB3DE600239B68FFDED9F8003025
:107AD000DB077FF5FAAA00BEFFF7F7BA00235B6861
:107AE000FFDE00BF8B82002024820020F1550300BE
:107AF000795D03000000000030B589B000248D1EC0
:107B0000CDE9024404948DF809108DF80800032D86
:107B10005CD8DFE805F0082C48023B4B1978C80711
:107B200061D409B030BD384938480B7800686FF32C
:107B300000030B700C7800236FF341040C704B7042
:107B40000C7863F382040C70002A37D002A905AACE
:107B500008F0B6FC059B002BE3D02D4B4FF0805274
:107B60005A6040BFBFF34F8FBFF36F8FD9E7264BEB
:107B700019784907D5D51978244C6FF3820119700B
:107B800000230521CDE9053307938DF814008DF806
:107B900015102068002A2FD1134605A94FF0FF3297
:107BA00008F0A8FABDE7184B1978CC07B9D51978B1
:107BB000164841F00401006819705AB9134602A929
:107BC0004FF0FF3208F096FA09B030BD0F4B18683D
:107BD000002AF3D0002302A905AA08F071FC059B36
:107BE000002B9ED0B9E7197808486FF3820100682E
:107BF0001970002AEED1E1E705A901AA08F060FC9E
:107C0000019B002B8DD0A8E778820020B482002051
:107C100000ED00E030B5144D85B000240123CDE91E
:107C2000014403948DF804008DF8081028688DF83D
:107C300005303AB9134601A94FF0FF3208F05AFA5D
:107C400005B030BD234601A96A4608F039FC009B07
:107C5000002BF5D0054B4FF080525A6040BFBFF368
:107C60004F8FBFF36F8FEBE7B482002000ED00E091
:107C700030B50B4685B0044649681868124D8DF83A
:107C8000044002AC03C4002306212868ADF8063086
:107C90008DF805103AB9134601A94FF0FF3208F0EC
:107CA00029FA05B030BD6A4601A908F009FC009B1D
:107CB000002BF6D0054B4FF080525A6040BFBFF307
:107CC0004F8FBFF36F8FECE7B482002000ED00E030
:107CD00030B585B0164D03929DF820402D680022E6
:107CE000CDE901228DF8081007218DF804008DF8E8
:107CF00009308DF8051044B9234601A928464FF0F4
:107D0000FF3208F0F7F905B030BD134601A9284647
:107D10006A4608F0D5FB009B002BF4D0054B4FF0D2
:107D200080525A6040BFBFF34F8FBFF36F8FEAE7B7
:107D3000B482002000ED00E02DE9F84FDDE90A8A69
:107D4000002A3CD0DFF8809007460C461E461546B8
:107D50004FF0000B17E099F80210FCF763FD0346A3
:107D600021463846EBB100F0E7FAF8B1A378DA091A
:107D700014BF8AF8003088F8003023780BF1010B2B
:107D8000AB451C441BD06378052B20460ED1E1780F
:107D900001F00301B14209D1A37803F07F03082B5E
:107DA000D9D9084B1B68DA0700D500BE054B1B6804
:107DB000DB0702D40020BDE8F88F00BEFAE70120FF
:107DC000BDE8F88FF0ED00E07882002030B5124D6C
:107DD00085B000230824CDE90201019328688DF8BD
:107DE00005403AB9134601A94FF0FF3208F082F975
:107DF00005B030BD6A4601A908F062FB009B002B6C
:107E0000F6D0064B4FF080525A6040BFBFF34F8F01
:107E1000BFF36F8FECE700BFB482002000ED00E0FD
:107E200038B58B7803F07F03082B06D90A4B1B6803
:107E3000DB0700D500BE002038BD084B0C460546C8
:107E400008469978FCF7EEFC0028EFD0214628463A
:107E5000BDE8384000F070BAF0ED00E07882002014
:107E6000F8B5194B01F07F0403EB440303EBD11188
:107E700001F12004607910F0010519D163795A07E6
:107E8000C3F3800701D52846F8BD104E4FF0FF31EF
:107E9000306808F01FFD607910F001050BD163799F
:107EA0005B0709D4637943F004036371012503E0A0
:107EB00000252846F8BD3D46002330681A4619467D
:107EC00008F018F92846F8BD78820020B08200201A
:107ED00038B5134D0C4628684FF0FF3108F0FAFC16
:107EE000104B04F07F0103EB410303EBD41120316D
:107EF0004B7913F0010310D14A79C2F38004520781
:107F000003D54A7963F382024A71002328681A462E
:107F1000194608F0EFF8204638BD0024F5E700BF09
:107F2000B08200207882002070B5144D01F07F06E9
:107F300005EB460505EBD11420346579ED0706D530
:107F40000F4B1B68DA0700D500BE002070BD6579B5
:107F500045F00105657100F0D5FA0028F6D1637986
:107F6000074A60F300036371637960F3820363710E
:107F70001368DB07E9D500BE70BD00BF7882002022
:107F8000F0ED00E0054B01F07F0203EB420303EB51
:107F9000D11191F8250000F001007047788200208F
:107FA00010B50C4B01F07F0203EB420303EBD1143D
:107FB00094F825309B0700D510BD203400F04AFB13
:107FC000637943F002036371637943F001036371E2
:107FD00010BD00BF78820020054B01F07F0203EB4B
:107FE000420303EBD11191F82500C0F34000704724
:107FF000788200200B4630B40A4C49680546186860
:10800000224603C293F9002000239A42C4E90233B6
:108010002846A8BF802130BCB8BF19461A46FFF7D2
:1080200083BF00BF78830020F0B50C46284F496815
:1080300006462068BA603D4603C50021F981E588FF
:10804000AB4228BF2B4683B0BB81A5B11BB352B353
:1080500097F90000402B28BF402300282ADB1D4A47
:108060003046FFF761FF98B91B4B1B68DB071ED535
:1080700000BE03B0F0BD94F90030002BACBF8021EE
:10808000002130462B462A46FFF74EFF0028EBD052
:10809000012003B0F0BD97F90020002AACBF1946BB
:1080A00080211A46DCE70C4B1B68D9070CD4002052
:1080B00003B0F0BD1146074801931A4611F096FA35
:1080C000044A019B8021CBE700BE1046E1E700BFD8
:1080D000788300208C830020F0ED00E0034B002229
:1080E000C3E90022C3E902221A61704778830020A5
:1080F000014B1861704700BF788300200346044A93
:1081000059680068134603C30023C2E9023370476D
:1081100078830020F0B5414C2578C909B1EBD51F13
:1081200083B01F46064616D033B13D4B1B68DA07B5
:1081300057D4002003B0F0BD3A4B13B12146AFF342
:1081400000802369002B2FD0344A30460221984703
:10815000012003B0F0BD94F90020002A06DBA068DE
:108160000028E6D030491A4611F040FAE589A168A6
:10817000E2883D44ADB23944AA42E581A16016D0FF
:108180003F2F14D9A28994F90000531B9BB2402BB6
:1081900028BF402300282FDB95423BD0224A0021F4
:1081A0003046FFF7C1FEB0B1012003B0F0BD236936
:1081B00023B11A4A012130469847A0B194F9002012
:1081C00000239A42ACBF8021194630461A46FFF779
:1081D000ABFE0028E8D1124B1B68DB07A9D500BE17
:1081E000A8E700BEA5E70146304600F033FA304666
:1081F000802100F02FFAD7E7954208D01A460A48A6
:10820000019311F0F3F9084A019B8021C8E780210E
:108210000022C5E700210A46C2E700BF788300209C
:10822000F0ED00E0000000008C83002042DF70478A
:1082300043DF704744DF704712DF70472C4B5B68A9
:10824000C3F3080313B9EFF310839BB1294B93F8E1
:10825000D820002A36D1012283F8D8200260BFF34B
:108260006F8FBFF34F8F244A904227D0043A904239
:1082700024D07047214A53681B06E7D5802110B4EB
:10828000C2F88410BFF34F8FBFF36F8F194B93F871
:10829000D840E4B9012283F8D8200260BFF36F8F81
:1082A000BFF34F8F144A90421DD0043A90421AD027
:1082B000124B80225A605DF8044B7047002283F80D
:1082C000D8207047014601220D48FFF77FBD51605D
:1082D000C2F88410BFF34F8FBFF36F8F93F8D8406D
:1082E000002CF4D1D6E7002283F8D820E0E700BFC5
:1082F00000ED00E0CC8300205070024000E100E07F
:108300003D820300704700BF014B80225A607047D6
:1083100000E100E0074BD3F80014D3F8002400205C
:108320000A434FF48001C3F80024C3F85801C3F88E
:108330000413704700700240F0B488788D88CC78C0
:10834000444FC10900F07F0202EB42034E00DB0004
:108350000E4403EB86033B4404F00304C5F30A0513
:10836000012C1D812FD0D9B13B49941C012303FA64
:1083700004F4C1F80443D1F8104503FA02F2224391
:10838000C1F81025344B40F48072C3F81805C3F8C7
:108390000C25BFF36F8FBFF34F8F0120F0BC7047E8
:1083A0002D4C02F10C05012303FA05F5C4F8045322
:1083B000D4F81455934002F594722B43C4F8143545
:1083C00044F82210DEE7082A07D0244B186810F082
:1083D0000100E3D000BE0020E0E7E9B9B7F8D430EF
:1083E0001BB11D4B8022C3F81C251B4A0023C2F879
:1083F0005031D2F8003313F4001308BFC2F85431DF
:10840000154B4FF44012C3F80423D3F8142542F45B
:108410008072C3F81425B5E7B7F8C8200E4B0021C9
:10842000C3F82C1112B18022C3F81C250A4AD2F8D5
:10843000003313F4001308BFC2F85431064B084A46
:10844000C3F80423D3F8102542F48072C3F8102532
:1084500098E700BFCC83002000700240F0ED00E000
:1084600000082000214B8022F0B4C3F88420BFF321
:108470004F8FBFF36F8F1E4A1E4E0D210125002323
:108480001D4CA1F10A004FEA810C05FA01F7644482
:1084900005FA00F0013138431429C6F80803636077
:1084A000A362C2E90033C2E90233C2E9043302F134
:1084B0001802E5D11149124AC6F80823C6F81C353E
:1084C000C1F8C0307362C1F8C430B364C1F8C830B9
:1084D000C6F81455C1F8CC30C6F81055C1E934338C
:1084E000024B80225A60F0BC704700BF00E100E000
:1084F000E483002000700240D06F0240CC83002053
:1085000000083000F0B501F07F00CF090D467C0077
:1085100000EB4001DFF838C1C9003C4401EB8404A2
:108520000CEB040E1E460023AEF806304CF8042077
:1085300083B0AEF80460430040B127BB0CEB0103ED
:108540009A7A002A48D1012003B0F0BDD6B93A4A40
:10855000D2F88024C2F3C012974213D03748FFF7F5
:108560006DFE374B5B68C3F30803003B18BF012364
:1085700000933046294633463246FFF7A9FB0120D7
:1085800003B0F0BD17B303440CEBC30C00EB800346
:10859000BCF81210BCF81020BCF81440DCF80C50E9
:1085A000521A9B0092B203F1804303F51C33254914
:1085B000C3F80056A24228BF224601EB8000C3F850
:1085C0000426FFF73BFE012003B0F0BD1E48FFF775
:1085D00035FE012003B0F0BD08289F720ED1164B66
:1085E000D3F8C024D103AED4DCF8C010C3F8A01770
:1085F0001648C3F8A427FFF721FEA4E75CF8015052
:108600000D4C9A8800F5947100EB800654F8211007
:10861000DB88D31A9BB289B204EB86028B4204F149
:10862000280428BF0B46C2F8005704EB8000C2F8AC
:108630000437FFF703FE86E70070024050700240E7
:1086400000ED00E0047002404C70024048700240AF
:10865000CC830020F8B511F07F0307D11A4B01221B
:108660005A65BFF36F8FBFF34F8FF8BD082BF8D05B
:10867000154A41F48070C909C2F81805F1D1134DAB
:1086800003EB430005EBC004C000A67A002EE8D03F
:1086900003F59476A17252F82660A188E4882F58D9
:1086A0000B480C1BA1B2B5B203EB830C02EB8C029E
:1086B000A94228BF2946C2F8007700EB8300C2F820
:1086C0000417FFF7BBFDCCE700700240CC8300200D
:1086D0002870024011F0770F12D00A4B41F48072DB
:1086E000C3F80C15C3F80C25CA09C3F8181504BF44
:1086F00001F5947143F82120BFF36F8FBFF34F8FC3
:10870000704700BF007002402DE9F04F854B86484E
:10871000D3F80013002387B01F461D46012421FA19
:1087200003F2D6070BD550F8232042B104FA03F226
:1087300040F823501743BFF36F8FBFF34F8F0133C0
:10874000192BECD1FC0700F1C781784E380508D50C
:10875000744BD3F8A83601229BB2A6F8D23086F823
:10876000D720B90214D56F4CD4F81435DA0500F1CE
:108770000482D4F81035DB0540F1098296F8D73031
:10878000002B40F03482012203210020FFF7B4F9CE
:1087900079021FD5634BD3F8004404F4E062C3F8B8
:1087A0000024E20500F1DE81650510D55D4B012254
:1087B000C3F808259A65D3F8002312F4001208BF05
:1087C000C3F85421574B4FF40012C3F80423A005FB
:1087D00000F1C28139022BD5524BD3F88024D2B29A
:1087E0008DF81020D3F88414C9B28DF81110D3F885
:1087F00088048DF81200D3F88C048DF81300D3F898
:1088000090048DF81400D3F894048DF81500D3F873
:1088100098048DF81600D3F89C348DF81730520662
:1088200001D1052904D0012204A90020FFF720FA74
:108830003F4B3B403BB196F8D830002B00F0858190
:10884000002386F8D830DFF8E490DFF8D8A002974C
:108850004D460024C8460DE0B2F806C0A5F804C095
:10886000D2880127009792B2FFF732FA082E3DD046
:1088700001341835029B04F10C0223FA02F204EBD6
:10888000440C04EB840E08EBCC0C0023E6B212F08F
:10889000010F0AEB8E0E624631461846E6D0DEF82E
:1088A00008E72F685FFA8EFE07EB0E0BC5F800B0E5
:1088B000BCF806B01EFA8BFB1FFA8BFB082CACF839
:1088C00006B01FFA8EFEC7D0B5F808B0F345C3D185
:1088D000BCF806C0B5F804E01FFA8CFCE645BBD92D
:1088E000002EC3D11348FFF7A9FCC1E7029F124B2A
:1088F0003B404646002B00F0CA800A4BD3F86C84FC
:10890000C3F86C84BFF36F8FBFF34F8F17F480678A
:1089100040F0C080CDE90277024FDFF820A00024AC
:1089200016E000BF0070024000710240CC830020BE
:10893000FCFB1F004C700240000400010470024068
:10894000002C00F0BC80072D3DD0013409F118093E
:1089500028FA04F304EB840C04EB440213F0010F37
:1089600007EB8C0C06EBC202E5B24FEA8400E7D0BD
:10897000DCF80816D9F80C30C9B203EB010BC9F8C2
:108980000CB0538A11FA83F39BB25382518AB9F81F
:1089900010E089B271454FF00003504445F080016A
:1089A00080F08580538AB9F81420CCF800B6AEEB7D
:1089B00003039BB2934228BF1346CCF80436FFF75B
:1089C0003DFC072DC1D118F4803F7DD1039B002BC6
:1089D0007AD118F4003F08D0F28BB38B92B2934255
:1089E00000F2F280012386F8223018F4802F08D09C
:1089F000F38EB28E9BB29342C0F00681012386F8BB
:108A00003A3018F4002F0AD0B6F84E20B6F84C30A1
:108A100092B29A42C0F00B81012386F8523018F4CA
:108A2000801F0AD0B6F86620B6F8643092B29A4237
:108A3000C0F01181012386F86A3018F4001F0AD0B3
:108A4000B6F87E30B6F87C209BB29342C0F021810C
:108A5000012386F8823018F4800F0AD0B6F89630D9
:108A6000B6F894209BB29342C0F02781012386F888
:108A70009A3018F4000F0AD0B6F8AE30B6F8AC2031
:108A80009BB29342C0F02E81012386F8B23007B02A
:108A9000BDE8F08FD3F88024D3F8803483F08003CE
:108AA000C3F3C0130393C2F3C013029334E7528A93
:108AB0000120009092B21846FFF70AF943E7029BA3
:108AC000002B3FF442AF53E7F388B2889BB29A423F
:108AD00067D80123B3727CE78D4B8E4A8E4E8F4848
:108AE00000240125C2F81455C2F810555460946250
:108AF0005C609C629C60DC62DC601C631C615C638B
:108B00005C619C639C61DC63DC611C645462946402
:108B1000C2F85841D2F80034D2F800140B43C2F81E
:108B20000034D2F80033C2F808332146C2F80403F7
:108B30003046DC2210F082FD40232A4621462046A2
:108B4000B3823381FFF766F800E6754B1B68DB07DD
:108B50007FF579AE00BE76E6012205210020FEF702
:108B6000CBFF37E60122C3F82C2504210020FEF7B5
:108B7000C3FF65057FF52BAE18E6D4F8C034DD03DE
:108B80007DD5D4F81035D8053FF5F8ADFBE54FF4A9
:108B90000013C4F80833012203210020FEF7ACFFC4
:108BA000F6E55C493468D1F8A004F388C1F80047C1
:108BB000D31A9BB282B2934228BF13465948C1F8D8
:108BC0000437FFF73BFB04E7524AB469D2F8A41418
:108BD000F08BC2F814471B1A9BB289B28B4228BF94
:108BE0000B465148C2F81837FFF728FBFDE6B6F8E8
:108BF000D22000230121009192B21846882186F8E4
:108C0000D730FFF765F8BEE54249346BD1F8A804C8
:108C1000F38EC1F82847D31A9BB282B2934228BF81
:108C200013464248C1F82C37FFF708FBE9E6394AFA
:108C3000B46CD2F8AC14B6F84E00C2F83C471B1A1C
:108C40009BB289B28B4228BF0B463948C2F84037E5
:108C5000FFF7F4FAE3E62F4A346ED2F8B014B6F810
:108C60006600C2F850471B1A9BB289B28B4228BFDC
:108C70000B463048C2F85437FFF7E0FADDE6D6F885
:108C8000C020C4F8A0272C48C4F8A437FFF7D6FAB0
:108C900077E72049B46FD1F8B404B6F87E30C1F854
:108CA0006447D31A9BB282B2934228BF134623482B
:108CB000C1F86837FFF7C2FACDE61649D6F89040FA
:108CC000D1F8B804B6F89630C1F87847D31A9BB2F9
:108CD00082B2934228BF13461948C1F87C37FFF788
:108CE000ADFAC6E60B49D6F8A840D1F8BC04B6F8F0
:108CF000AE30C1F88C47D31A9BB282B2934228BFE0
:108D000013461048C1F89037FFF798FABFE600BF46
:108D10000470024000700240CC8300200514C001A2
:108D2000F0ED00E0287002402C70024030700240EC
:108D30003470024038700240487002403C7002407B
:108D40004070024044700240F0B5012883B006D064
:108D5000022800F0828000283AD003B0F0BDB34B67
:108D6000D3F80025002AF8D00022C3F80425BFF369
:108D70006F8FBFF34F8FAE498020C1F88400BFF3DF
:108D80004F8FBFF36F8FD3F80013C3F80813C3F8E6
:108D90000025BFF36F8FBFF34F8F43F2040103F140
:108DA0008D53096803F5772303F2DB53994200F0F2
:108DB0006D81A04B01221A609F4B5A68C2F30802D2
:108DC000003A18BF012202210020FEF795FEC4E7F9
:108DD000964BD3F80025002ABFD14FF480014FF401
:108DE0000062C3F80813C3F80024BFF36F8FBFF30A
:108DF0004F8F924B1B68082B00F0C7808B4B0122D2
:108E0000C3F80025BFF36F8FBFF34F8F43F2040207
:108E100003F18D53126803F5772303F2DB539A4273
:108E200000F0DD804FF08043D3F80C24D3F80C34ED
:108E3000DF0300F1E88043F20402814B12689A429A
:108E400000F0E5807F4B00221A601B6801934FF011
:108E50008043012201991A607FE7744BD3F80435EF
:108E6000002B47D1714AD2F800341805FBD54FF4D6
:108E70000063C2F80034BFF36F8FBFF34F8F6F4BA7
:108E80001B68082B48D06949694A80230120C1F832
:108E90001C35C1F80403C2F884315360684E43F2B4
:108EA00004054FF080442B68B34211D0D4F80C2451
:108EB000D4F80C34D903F6D5D307F4D55B4B012293
:108EC000C3F80425BFF36F8FBFF34F8F03B0F0BD1E
:108ED00001A800278DF80470FFF7AEF99DF8043063
:108EE000002BE3D001A80197FFF7A4F9019B002B09
:108EF000D9D0E3E743F20402514B12689A4200F0E2
:108F0000B1804FF08043D3F80C24D3F80C34DD0348
:108F1000A8D5D407A6D520E74B4B1B68032BB2D8A6
:108F20004A4B1A68002A40F0BE80494849F2753120
:108F3000196002601960414A434B12681B68082A95
:108F4000A1D1032B9FD8434AD35C93B13F4B1A68FE
:108F5000002A40F0B080404849F275311960026043
:108F60001960364A384B12681B68082A8BD1032BCC
:108F700089D83A493A4B40F2E370402208601A60BF
:108F8000BFF36F8FBFF34F8F7DE72F4B1B68032B12
:108F90003FF634AF2F4AD35CABB12C4B1A68002A92
:108FA00040F08D802C4949F2753203201A60086028
:108FB0001A60224A244B12681B68082A7FF41EAFED
:108FC000032B3FF61BAF214B1A68002A6FD12049B3
:108FD00049F27532C0201A6008601A600EE701A8D5
:108FE00000248DF80440FFF727F99DF80430002B8A
:108FF0003FF418AF01A80194FFF71CF9019B002B67
:109000007FF4ABAE17E7D6073FF5A7AE13E7002313
:1090100001A88DF80430FFF70FF99DF80430002BFC
:109020003FF410AFFFF702F997E600BF007002406F
:1090300000E100E00400004000ED00E0300100101D
:10904000DBE5B151000100403401001000EC0640A6
:1090500014EC0640BCE8040014ED06400078024021
:109060000478024001A800248DF80440FFF7E4F8DA
:109070009DF80430002B3FF444AF01A80194FFF7A2
:10908000D9F8019B002B7FF468AEEBE601A88DF8C0
:109090000420FFF7D1F89DF80430002B3FF489AE8F
:1090A000FFF7C6F888E6084B00221A6043E7064B34
:1090B000C0221A60A2E6054B00221A6051E7034B5A
:1090C00003221A6075E700BF14EC064014ED064059
:1090D00000220221C0E9302280F8B910028082808B
:1090E000826002730282426102768283026280F8A9
:1090F00024200285C26280F830200287C263A0F873
:109100004820C264A0F858200266A0F868200267D0
:10911000A0F87820C0F88020A0F88820C0F890201F
:10912000A0F89820C0F8A020A0F8BA2080F8BC20B1
:10913000C0E93222C0E93422A0F8A82080F8AA2091
:10914000704700BF2DE9F04190F8A960044656B37E
:1091500090F8AA30A3F14102052A78D9A3F161025F
:10916000052A94BF573B303B94F8AB20A2F1410154
:109170001B010529DBB240F20D81A2F16101052935
:1091800094BF573A303A134494F8A820DBB29A427D
:1091900000F0BA80D4F8D0300133C4F8D0300026C3
:1091A0003046BDE8F08190F8BA304BB390F8B92062
:1091B000022A03D090F8AA50002D4AD1D4F8C470E6
:1091C0003D46002FECD004F1AA08B96AA86A11F054
:1091D0002BF90028E4D1EA6A94F8BA309A42DFDC2D
:1091E00003D02D6B002DF0D1DAE72846102241463E
:1091F00011F057F92D6B002DD2D0D4F8C470E4E7EC
:1092000000F1AA07BD49384611F00EF930B1BC494A
:10921000384611F009F9002840F0E180012384F874
:10922000B930D4F8C050C4F8C4502DB9B8E72D6B8C
:10923000C4F8C450002DB3D0A86A394611F0F4F830
:109240000028F4DBACD00023C4F8C430A8E7373BD7
:109250008AE743EA4213013B282BAFD801A252F818
:1092600023F000BF6F95030019950300EB940300F2
:109270009594030085940300AD950300CB960300FD
:109280008D9603004F960300BD910300BD9103002E
:10929000BD910300BD910300BD910300BD9103008A
:1092A000BD910300BD910300BD910300BD9103007A
:1092B000BD910300BD910300BD910300BD9103006A
:1092C000BD910300BD910300BD910300BD9103005A
:1092D000BD910300BD910300BD910300BD9103004A
:1092E000BD9103006F9503003F960300199503009D
:1092F000EB9403009594030085940300F995030013
:10930000BB95030035960300D4F8D43094F8BC2004
:109310000133C4F8D43022B1D4F8CC300133C4F8CE
:10932000CC3094F8B930002B36D0012B12D1236CFD
:10933000E36306F0C1FD40F20115236DE364606450
:10934000258706F0B9FD94F8BC30A4F84850606554
:10935000002B74D1D4F8C450002D3FF421AF2B461C
:1093600040F201170BE011F069F806F0A5FDAF849B
:1093700028622D6B002D3FF413AFD4F8C430996AE6
:10938000A86A11F051F80346294605F11000002B98
:10939000E9D005E7373AF6E6236DE36406F08CFD85
:1093A00094F8BC30606540F20115A4F8485043BB06
:1093B000D4F89430C4F8903006F07EFD40F20115E8
:1093C000D4F8A430C4F88C00A4F88850C4F8A030B5
:1093D00006F072FDA4F89850C4F89C00BAE7494919
:1093E000384611F021F8002800F0758146493846CA
:1093F00011F01AF8002800F06E81022384F8B930C9
:109400000FE72246234652F81C1F5068A060616097
:10941000127A227353F8282F5968616122611B7AEE
:10942000237606F049FDD4F8843060632580C4F8C3
:10943000803006F041FDA4F87850E067B8E7224696
:10944000234652F81C1F5068A0606160127A227394
:1094500053F8282F5968616122611B7A237606F040
:109460002BFD636E23666063258006F025FD636F28
:10947000E065A4F85850236706F01EFDA4F8685074
:10948000E06667E7A5F15705B5FA85F56D0980F83F
:10949000305093E600F1AA05284610F027F81B4A41
:1094A00094F8AA30A2FB00125209642101FB1200B9
:1094B00022851749A3F13002092A01FB00F105D8E2
:1094C00015F8013FA3F13002092AF9D92E2B00F03B
:1094D0004681104A01EB81030133A2FB03235B08A1
:1094E0000022E36284F8302068E6A5F15305B5FA5E
:1094F00085F56D0980F8245060E600BFC0E80400DF
:10950000C8E80400D0E80400D8E804001F85EB5147
:1095100080969800ABAAAAAA00F1AA0528460FF0E7
:10952000E5FFA94A94F8AA30A2FB0012520964216F
:1095300001FB1200A283A549A3F13002092A01FB15
:1095400000F105D815F8013FA3F13002092AF9D935
:109550002E2B00F0EE809E4A01EB81030133A2FB2B
:1095600003235B080022236284F8242026E62D2DA5
:1095700014BF00F1AA0700F1AB0738460FF0B6FFA1
:109580003B78A3F130016422092902FB00F005D8E1
:1095900017F8013FA3F13002092AF9D92E2B00F068
:1095A000F4802D2D08BF4042206507E6302D94BF82
:1095B0000025012580F8BC5000E62D2D14BF00F1D8
:1095C000AA0700F1AB0738460FF090FF3B78A3F1F4
:1095D00030016422092902FB00F005D817F8013F89
:1095E000A3F13002092AF9D92E2B00F0DD802D2DB0
:1095F00008BF40426067E1E52D2D14BF00F1AA07C6
:1096000000F1AB0738460FF071FF3B78A3F1300152
:109610006422092902FB00F005D817F8013FA3F1E5
:109620003002092AF9D92E2B59D02D2D08BF4042DE
:109630006066C3E5AA300FF059FF2064BEE5A5F1CE
:109640004105B5FA85F56D0980F8BC50B6E52D2DBC
:1096500014BF00F1AA0700F1AB0738460FF046FF30
:109660003B78A3F130016422092902FB00F005D800
:1096700017F8013FA3F13002092AF9D92E2B3CD06B
:109680002D2D08BF4042C4F8840097E52D2D14BF4E
:1096900000F1AA0700F1AB0738460FF027FF3B782F
:1096A000A3F130016422092902FB00F005D817F864
:1096B000013FA3F13002092AF9D92E2B2BD02D2DF1
:1096C00008BF4042C4F8A40078E5AA300FF00EFFAE
:1096D000C4F8940072E5002384F8B930A1E57B78E2
:1096E000303B092BA1D8BA7803EB8303303A00EB67
:1096F0004300092A98BF801897E77B78303B092BF5
:10970000BED8BA7803EB8303303A00EB4300092A52
:1097100098BF8018B4E77B78303B092BCFD8BA7854
:1097200003EB8303303A00EB4300092A98BF80180B
:10973000C5E76878A0F13002092A05F101053FF676
:109740000AAF224B234F15F8010FA7FB03C3DB0819
:1097500003FB0211A0F13002092AF4D9FBE6687874
:10976000A0F13002092A05F101053FF6B2AE174B10
:10977000184F15F8010FA7FB03C3DB0803FB021109
:10978000A0F13002092AF4D9A3E67B78303B092BFB
:109790003FF607AFBA7803EB8303303A00EB4300A0
:1097A000092A98BF8018FCE67B78303B092B3FF6EE
:1097B0001EAFBA7803EB8303303A00EB4300092A6B
:1097C00098BF801813E700BF1F85EB518096980063
:1097D000ABAAAAAACDCCCCCC38B5D0F8C830A1F170
:1097E0000A02013304460D46C0F8C830222A2ED89A
:1097F000DFE802F0182D2D182D2D2D2D2D2D2D2DBE
:109800002D2D2D2D2D2D2D2D2D2D2D2D2D2D412D74
:109810002D2D2D2D182D120090F8A83083F02C033B
:1098200080F8A83094F8BB300E2B2FD9002094F884
:10983000BA30A5F12A0101330022B1FA81F14909B8
:1098400084F8BA3084F8BB2084F8A91038BD90F8A9
:10985000BB300D2B05D8C218013380F8BB3082F81D
:10986000AA1094F8A900C8B994F8A83085EA0301B1
:1098700084F8A81038BD00200223A4F8A800A4F89A
:10988000BA0084F8B93084F8BC0038BD2344002203
:1098900083F8AA202046FFF755FCC8E7002038BD12
:1098A0000023D0B50446437080680FF0CFF80EA3B4
:1098B000D3E900230FF044F90646A0880F460FF0C5
:1098C000D5F80B460246394630460EF083FF237B1F
:1098D00041EC100B33B110EE901A024601F1004337
:1098E00043EC102BD0BD00BF95D626E80B2E113EC1
:1098F0000023D0B50446437040690FF0A7F80EA3CB
:10990000D3E900230FF01CF90646208A0F460FF01A
:10991000ADF80B460246394630460EF05BFF237E1B
:1099200041EC100B33B110EE901A024601F10043E6
:1099300043EC102BD0BD00BF95D626E80B2E113E70
:109940004268064BA3FB02135B09642101FB13234E
:1099500003F5FA630022427098B270471F85EB51FD
:10996000084B4268A3FB02125209A3FB021310B476
:109970005B09642404FB1323002141705DF8044B50
:10998000D8B270471F85EB51436804490022A1FB00
:1099900003134270C3F34730704700BF5917B7D164
:1099A000436804490022A1FB03134270C3F38740BC
:1099B000704700BF83DE1B4309494268094BA1FB86
:1099C0000212520BA3FB021310B45B09642404FBC4
:1099D0001323002141705DF8044BD8B2704700BFDB
:1099E0005917B7D11F85EB51084B4268A3FB0212F0
:1099F0005209A3FB021310B45B09642404FB132374
:109A0000002141705DF8044BD8B270471F85EB51BF
:109A100038B5054600680C4608B10AF0C1FA1020B6
:109A20000AF0BCFA224668210446F6F7EDF82C60ED
:109A300020460121BDE83840F6F7F0B808B50F21FF
:109A400000F0DAF8C0F3C01008BD00BFF0B5364D25
:109A50000B7991F805C0CF780C46A5FB0C21A5FB2E
:109A60000362D20802EB420203EB4202A5FB07634A
:109A7000C908DB0885B001EB410103EB43030CEBA4
:109A8000410107EB43034FF0000C06462046CDE9A9
:109A900002CC8DF809108DF80A208DF80B3000F0FB
:109AA000D1F900283DD0A5FB0035ED0805EB4505B3
:109AB00000EB4505EDB26078A7781B4B8DF80C5094
:109AC000A3FB0721A3FB0052D208247802EB420239
:109AD00000EB420C0022CDE90022A3FB0453C9088D
:109AE000DB0801EB410503EB430302A904EB43044C
:109AF0000822012330688DF80EC007EB45078DF86A
:109B00000D708DF80F40F6F79FF80F21304600F0EA
:109B100073F80F2100F07F02304600F059F805B0CD
:109B2000F0BD0725C7E700BFCDCCCCCCF0B50B68A6
:109B300087B0054600240722184604AB0194009222
:109B4000194601228DF81040F6F7E2F89DF816103C
:109B50009DF812C09DF811009DF810409DF8152049
:109B60009DF814304FEA2C160F11A7EB8707A6EBD0
:109B7000860601EB47010CEB46070611A6EB8606AD
:109B800000EB4600C4F30216A6EB860604F07F0441
:109B900004EB4604C6B2C2F30210A0EB800002F050
:109BA0007F0202EB40021811A0EB8000FFB2E4B28A
:109BB00003EB4003C9B2CDE9016401F5FA610097F6
:109BC000D2B2DBB2284600F027F9284607B0F0BD34
:109BD00030B585B00023006801930D46144600930C
:109BE0000222012303A98DF80C508DF80D40F6F7E1
:109BF0002BF805B030BD00BF30B5012387B000227F
:109C000004460D4600688DF80F50CDE900220DF195
:109C10000F011A46F6F718F8012320681A4605A91D
:109C2000F6F740F89DF8140007B030BDF0B5764C5B
:109C3000764A774B0C44A2FB04514909A2FB01521E
:109C40005209A3FB0253C1EB0115A4EB85051B09C7
:109C50004571C2EB0215A1EB850103EB4305A2EBB5
:109C6000C5026C4D0171C27000210122AC429BB251
:109C7000017038BF427071D314464FF6936E40F2B4
:109C80006D1C12F00306AEEB04010CBF012400248E
:109C90000B44002C9BB214BF4FF4B7716146551CA6
:109CA0008B421746EAB2ECD2012207704270002EB6
:109CB00054D01E2B4FD9A3F11F0292B202211B2AAE
:109CC000417040F29D80A3F13B0292B203211E2A13
:109CD000417040F29580A3F15A0292B204211D2AEC
:109CE000417040F28D80A3F1780292B205211E2AC4
:109CF000417040F28580A3F1970292B206211D2A9D
:109D000041707DD9A3F1B50292B207211E2A41709C
:109D100076D9A3F1D40292B208211E2A41706FD9DC
:109D2000A3F1F30292B209211D2A417068D96FF4A0
:109D300088741A1992B20A211E2A417060D9A3F5BB
:109D4000987292B20B211D2A417059D9A3F5A773BD
:109D50000C229BB2427001338370F0BD1E2BFAD9E6
:109D6000A3F11F0292B202211C2A417048D9A3F12B
:109D70003C0292B203211E2A417041D9A3F15B0239
:109D800092B204211D2A41703AD9A3F1790292B20C
:109D900005211E2A417033D9A3F1980292B20621FF
:109DA0001D2A41702CD9A3F1B60292B207211E2AB6
:109DB000417025D9A3F1D50292B208211E2A417023
:109DC0001ED9A3F1F40292B209211D2A417017D9BC
:109DD000A3F5897292B20A211E2A417010D96FF43C
:109DE00098715A1892B20B211D2A417008D96FF44C
:109DF000A77213449BB20C22013342708370F0BDF2
:109E0000134601338370F0BD80BC92C7898888886F
:109E1000ABAAAAAA0085E20170B4B1F5FA6F28BF17
:109E2000A1F5FA619DF80C609DF810509DF8144062
:109E3000C67028BF89B205714471017070BC427050
:109E40008370704770B4467801788378012E8AB2A7
:109E500010D9154CB01E651C55FA80F014F8015B42
:109E60002B44A0429BB2F9D1022E03D9880704BF2C
:109E700001339BB202EBC20002EBC00202EB820292
:109E8000501E033100EB9100184480B2074B06309E
:109E9000A3FB0023C21A03EB52039B08C3EBC303CB
:109EA000C01AC0B270BC7047E0E804002549922493
:109EB000F0B4477801788278012F8BB210D9184D11
:109EC000BC1E6E1C56FA84F415F8016B3244AC4289
:109ED00092B2F9D1022F03D98C0704BF013292B29A
:109EE00003EBC30403EBC40303EB83030331013B24
:109EF00003EB910313449BB2C2780179447909487A
:109F000003EB430302EBC303C3EB031301EB830334
:109F10002044C3EB031300EB8300F0BC704700BF89
:109F2000E0E8040080436D38704700BF10B5044678
:109F30000AF036F8204610BD38B50A4B04460D46E7
:109F4000442240F80C3B00210FF078FB0023A56071
:109F5000237104F15401012006F07CFA20652046AB
:109F600038BD00BFF4E8040070B504460E46006D2D
:109F70004FF0FF3106F0AEFC257955B98EB1A660E1
:109F8000314604F10C0005F0BBFBB0FA80F56D0919
:109F900025710023206D1A46194606F0ABF82846B5
:109FA00070BDA668002EF4D0EAE700BF70B5054684
:109FB0004FF0FF31006D06F08DFC2B7993B100233B
:109FC00005F10C062B71304605F0AEFC044680B15D
:109FD0000023286D1A46194606F08CF8B4FA84F06E
:109FE000400970BDA96805F10C0004F029FF044682
:109FF000EEE7A968304604F023FF04460028E7D1C5
:10A00000A968304605F07CFB04460028E0D1012316
:10A010002B71DDE730B5044695B00D46006D4FF06D
:10A02000FF3106F057FC294601AA04F10C0004F0A8
:10A03000DBFC002302461946206D14461A4606F042
:10A0400059F8B4FA84F0400915B030BD2DE9F04F4D
:10A0500083B00B7800AF2F2B78600CBF4C1C0C46E4
:10A0600006460D46006D4FF0FF3106F033FC06F159
:10A070000C084FF0000917E0ADEB030D68468B4567
:10A0800000F8019BEA4601DD0FF0D8FA29465A464E
:10A0900050460FF0ABFA5146404603F00BFD08B1B5
:10A0A000113028D10134B54620462F2110F0AFF9E8
:10A0B000A0EB050B0BF108036E460021044623F0CC
:10A0C00007035A460028D7D12946404603F0F2FC40
:10A0D00060B901247A680023106D19461A4606F00B
:10A0E00009F820460C37BD46BDE8F08F113014BF8B
:10A0F00000240124EEE70024B546EBE738B504461A
:10A100000D46006D4FF0FF3106F0E4FB294604F1E7
:10A110000C0004F0C1FC002302461946206D1446D1
:10A120001A4605F0E7FFB4FA84F0400938BD00BFD5
:10A13000036970B504460D46186D4FF0FF311646A1
:10A1400006F0C8FB237D4BB1002522690023106D6A
:10A1500019461A4605F0CEFF284670BD2069A16950
:10A160002A4633460C3003F0F3FF20EAE075ECE7B3
:10A1700070B50369044682B0186D4FF0FF3106F0E8
:10A18000A9FB267D4EBB2069A1690C3004F01EFCA2
:10A1900005462069A1698DF8076001230DF10702CA
:10A1A0000C3004F05FFB00282069A169C8BF9DF84E
:10A1B00007602A4600F10C004FF00003D8BF4FF0B3
:10A1C000FF3604F0D3FB22690023106D19461A46AE
:10A1D00005F090FF304602B070BD4FF0FF36F2E759
:10A1E00038B5036904464FF0FF31186D06F072FB75
:10A1F000237D4BB1002522690023106D19461A46B4
:10A2000005F078FF284638BD2069A1690C3004F0BC
:10A21000DFFB05462069A1690C3004F0D7FB2D1A3D
:10A22000E9E700BF036910B504464FF0FF31186D30
:10A2300006F050FB237D43B122690023106DBDE879
:10A2400010401A46194605F055BF2069A1690C3027
:10A2500004F0E4F9F0E700BF30B50369044683B0C9
:10A26000186D4FF0FF3106F035FB257D55B12269A1
:10A270000023106D19461A4605F03CFF4FF0FF30E1
:10A2800003B030BD2069A1690DF1070201230C3034
:10A2900004F0E8FA23692A4604462946186D2B463D
:10A2A00005F028FF002CCCBF9DF807004FF0FF30D1
:10A2B00003B030BD30B50368164A5B6883B0934283
:10A2C0008DF807101ED1036904464FF0FF31186D59
:10A2D00006F000FB237D53B1002522690023106D99
:10A2E00019461A4605F006FF284603B030BD20691E
:10A2F000A1690C3001230DF1070203F029FF20EAC8
:10A30000E075EAE701220DF1070198470546284666
:10A3100003B030BD31A1030030B4074C016100220D
:10A320004FF47A75C0E900428560C0E9062230BC6E
:10A33000027580F82020704708E90400F0B58369B1
:10A3400097B004460D46164693B1077D006919463D
:10A350000C30002F45D003F0ADFDA06905F0EEFDF7
:10A36000E0690023A36108B105F0E8FD0023E36183
:10A37000206903AA0C30294604F036FB98B99DF8F1
:10A380000C30112B34D02C2005F0BEFD0146A0610D
:10A3900030B120692A460C3003F064FD002839D022
:10A3A000002017B0F0BD0230FAD1012EF8D13820CC
:10A3B00005F0AAFD0146A0610028F1D0206940F215
:10A3C00003130C302A4603F011FE06460028E7D19D
:10A3D0002069A1690C300223324604F0C7FA2675C1
:10A3E00009E004F09DF9A06905F0A8FDA761BFE7A9
:10A3F000EEB1012E3AD02F21284610F065F8203416
:10A4000000B1451C29462046402210F04AF80120A0
:10A4100017B0F0BD01232375284610F028F801304D
:10A4200005F072FD2946E06110F008F8E3E701232A
:10A430003820019305F068FD019BA06101460028CA
:10A44000AED020692A460C3003F0D0FD0028A7D1F9
:10A45000012E02D000232375CDE72369A1690246AE
:10A4600003F10C00022304F081FAF3E740F2031336
:10A47000DEE700BF30B5036983B004460D46186DB2
:10A4800001924FF0FF3106F025FA019A2946204645
:10A49000FFF754FF2169002302461446086D1A464F
:10A4A000194605F027FE204603B030BD70B50446BE
:10A4B0000025C4E906551048236182B0206084F865
:10A4C00020504FF47A700E46A0604FF0FF31186DA7
:10A4D00065602575019206F0FDF9019A3146204626
:10A4E000FFF72CFF22692B46106D29462A4605F0FE
:10A4F00001FE204602B070BD08E90400036970B592
:10A5000004460D46186D4FF0FF31164606F0E2F98D
:10A51000237D4BB1002522690023106D19461A4690
:10A5200005F0E8FD284670BD2069A1692A4633463A
:10A530000C3004F097F90546EDE700BF38B5036924
:10A5400004460D46186D4FF0FF3106F0C3F9237D28
:10A550004BB1002522690023106D19461A4605F0FB
:10A56000C9FD284638BD2069A1692A460C3004F08F
:10A57000FDF9C543ED0FEDE738B5036904464FF02B
:10A58000FF31186D06F0A6F9237D4BB10025226935
:10A590000023106D19461A4605F0ACFD284638BD5B
:10A5A0002069A1690C3004F011FA0546EFE700BFFD
:10A5B00038B5036904464FF0FF31186D06F08AF98B
:10A5C000237D4BB1002522690023106D19461A46E0
:10A5D00005F090FD284638BD2069A1690C3004F0D3
:10A5E000F7F90546EFE700BF036970B504464FF081
:10A5F000FF31186D06F06EF9A16981B12069257DE2
:10A600000C30ADB103F056FCA06905F097FCE06991
:10A610000023A36108B105F091FC0023E3612269E6
:10A620000023106DBDE870401A46194605F062BD62
:10A6300004F076F8A06905F081FCA561EFE700BFA2
:10A640008069003818BF0120704700BF2DE9F04F26
:10A6500095B00B6906460C46186D4FF0FF3100AF00
:10A66000904606F037F900232069337586F82030CC
:10A67000227D2B4930614FF47A70C6E90013C6E998
:10A680000633B060DAB342F62E652069A1690C305A
:10A690003A1D03F023FC012831D1BB892E2BF4D0C5
:10A6A000AB4238D0D4F81C9048460FF0E0FE054687
:10A6B00007F10C000FF0DBFE2B18093323F0070322
:10A6C000EA46ADEB030D68466A1C49460EF08EFF64
:10A6D00099F800302F2BEB4602D199F801301BB1CD
:10A6E000104B1B882BF8053007F10C0158460FF072
:10A6F0007FFE424659463046FFF720FED546226986
:10A700000023106D19461A4605F0F4FC3046543704
:10A71000BD46BDE8F08FBB7B002BB6D0C2E700BFC3
:10A7200008E9040084E404002DE9F04F85B0DDE978
:10A730000E4B109F81460D4690461E46002F63D05B
:10A74000B8F1000F03D0D8F80030B34249D0D9F89F
:10A7500000002B689E422BD04369B4FBF3F203FB4D
:10A760001242BAB9BB4215D8B7FBF3F203FB127A17
:10A77000A7EB0A0300930393436822461F46314622
:10A780005B46B84788B9039B57469B441C44002F3F
:10A79000D6D139E00093A21AC5E90062D0F804A02E
:10A7A000AB683146D0470028CAD005B0BDE8F08F6D
:10A7B00069684369A142D0D8CA18A242CDD9A2EB98
:10A7C000040ABA45AB6828BFBA46611A52465846D1
:10A7D0001944BF1A54440EF009FFD344002FAFD1DF
:10A7E00012E0D8F80430A342B1D8D9F80000826949
:10A7F0001A44A242ADD9A2EB040ABA45D8F808100F
:10A8000028BFBA46E31AE1E7002005B0BDE8F08FA3
:10A810002DE9F04F074687B00D4672B30368D1F8B3
:10A8200000B090469A69D1E901104AB3013A01F1AA
:10A8300001098618A9EB0009441E4FF0010A08E03F
:10A8400014F8012F9DF817309A4223D1A6423B6895
:10A8500014D01A6A934509EB040320D20DF11702B4
:10A86000CDE90032CDF808A05B46002241463846CB
:10A87000FFF75AFF0028E3D009DB3B68A8689A6914
:10A88000FF210EF0DBFE4FF0FF332B60002007B0FE
:10A89000BDE8F08F6FF0330007B0BDE8F08F034BD9
:10A8A000034A044812210EF003FE00BF24E904000D
:10A8B00044EB040044E904002DE9F04F87B0DDF8D3
:10A8C00040A00592002B64D0D0F800908B46D9F8B8
:10A8D0001C105C1EA1F108084445074651D3B4FB87
:10A8E000F8F001380EF06CFCD04500F10200A4EB4A
:10A8F0008003B3FBF8F560D8BAFBF8F001380EF02E
:10A900005FFC861CAAEB8606B6FBF8F630460EF016
:10A9100057FCAAEB800006FB180AB54243D9D9F8C8
:10A920002020059B4FF004090DF114080BE0012BCA
:10A9300045D93A68126A934241D8012101FA04F4D8
:10A940002D1BB54230D9AC1BB4FA84F495FAA5F1AD
:10A95000C4F11F04B1FA81F18C4228BF0C46934226
:10A960004FEA840132D20091CDE901890022594693
:10A970003846FFF7D9FE059B0028D8D007B0BDE8C0
:10A98000F08FD04588BF1346BAFBF8F00CD80025ED
:10A99000B4E711994FF0FF320A60129A184613601B
:10A9A00007B0BDE8F08F059B119A1360129B002041
:10A9B000C3F800A007B0BDE8F08F0026ADE7064B56
:10A9C000064A07484FF48F610EF072FD054B064AA8
:10A9D000034812210EF06CFDB8E9040064EB04009A
:10A9E00044E9040024E9040044EB04002DE9F04F9D
:10A9F00089B00746149C129D8B4692461E46002C39
:10AA000055D0DBF80030B3425CD0013340F0A18078
:10AA100038688269B5FBF2F302FB1353002B4AD16D
:10AA2000A24248D8B4FBF2F302FB13430593E31AA6
:10AA3000009304938468139B2A463146A04700285C
:10AA40007ED1BAF1000F29D0049B3BB3139B5C1E4F
:10AA5000049B04EB0309139B05F10108A8EB030811
:10AA600007E014F8012F9DF81F309A4266D14C453B
:10AA700014D03B681A6A964208EB040363D20122A1
:10AA800002920DF11F02CDE90032514633460022F9
:10AA90003846FFF749FE0028E3D051DB139A049BA8
:10AAA000059C1146194413911D44002CA9D1002086
:10AAB00009B0BDE8F08FEB1ACBE90063DBF800309A
:10AAC000B342A2D1DBF80410A9429ED83A68926939
:10AAD0000A44AA4299D9A2EB0508A045DBF8080070
:10AAE00028BFA046691A0844424613990EF07EFD1D
:10AAF00038681399826945444144B5FBF2F302FB7F
:10AB00001353A4EB08041391002B7FF478AFDBF808
:10AB100000104B1C3FF473AF0092DBE90123D0F827
:10AB20000880C04760B9524659463846FFF770FE64
:10AB300000283FF464AF09B0BDE8F08F6FF0330038
:10AB400009B0BDE8F08F064B064A074812210EF007
:10AB5000AFFC064B064A0448B7210EF0A9FC00BF23
:10AB600024E9040044EB040044E90400E4E904009F
:10AB700054EB04002DE9F04F0446D2E9003091B0C7
:10AB80004FF0010B0A9300230B90069104F1140877
:10AB90000DF128090593236859F8045B1B6A9D424F
:10ABA0007BD210230DF1300A0022CDE901A30092DF
:10ABB0002B4641462046FFF7B7FD002839D1059BBB
:10ABC000002B60D10D9B23F00043132B4FD922683B
:10ABD000D26993424BD84FF0FF3309A81022514657
:10ABE000099304F0BFFE0D9B23F00043102B28D0E7
:10ABF000CDF81C9010260DF12307994607E0013689
:10AC00000122394609A804F0ADFEB14517D02368EA
:10AC10001B6A9D4241D20123CDE9017300962B4668
:10AC2000002241462046FFF77FFD0028E7D0DDF8EF
:10AC30001C9010F1340F1AD011B0BDE8F08FDDF880
:10AC40001C90099B9BB99AE80F000BF0010610AF0E
:10AC500007EB860C069F1026FE603E467D601C3684
:10AC60005CF8185CBD6086E80F0001230593BBF11A
:10AC7000020F0FD1059B002B14BF00206FF0330093
:10AC800011B0BDE8F08F069A0C9BD2699B1A002B7D
:10AC900098DAECE74FF0020B7DE7034B034A0448D8
:10ACA00012210EF005FC00BF24E9040044EB04006F
:10ACB00044E904004368013337D02DE9F043836849
:10ACC000013383B0044628D015460E464FF00008E5
:10ACD0004FF001096A462946CDE90089FFF74AFF8E
:10ACE000E0B905F124086B6A591C16D0AF6A7A1CCA
:10ACF00013D0D6F800C09C4513D0D6F804E0BE456A
:10AD00000FD073454246294620460AD0BC4508D09C
:10AD1000FFF730FF0028E6D000E0002003B0BDE8D8
:10AD2000F083012003B0BDE8F0830020704700BF2E
:10AD30002DE9F041D1F820C00C46C9682CF0004341
:10AD4000043B01F10C069E4284B0054617461FD90C
:10AD500004F12408102612E0424621462846FFF757
:10AD600009FF90B9D4F820C0A169E6602CF0004337
:10AD7000043B14311B2BA1614FF0100108D8BCF12A
:10AD8000000FE9DB39606FF0010004B0BDE8F0812D
:10AD90002A46636852F8140B066AB34207F10400AE
:10ADA0001AD20C26CDE90010029611462846002240
:10ADB000FFF7BAFC0028E8D17B79BA79FD79A1695F
:10ADC00004331344E2683A602B441A440B44E260B3
:10ADD000A36104B0BDE8F081024B034A034812218D
:10ADE0000EF066FB24E9040044EB040044E904008F
:10ADF000F0B593B000260D46012707A96A46CDE9B4
:10AE000000670446FFF7B6FE064610B121E0831C3A
:10AE100022D1109B01331CD0119B013319D010AAF1
:10AE200007A92046FFF7A6FEB0B903AA07A9204646
:10AE3000FFF77EFF0028EAD19DF91030002B4FF07C
:10AE40000802294605A8F0DB0EF0C2FB0028ECD171
:10AE50000126304613B0F0BD0646304613B0F0BDB3
:10AE60002DE9F047164600240122C6E90942824630
:10AE700088461D4606F124094A4631465046FFF7EA
:10AE800079FE074668B92A4631465046FFF750FF1B
:10AE900050B1831C1FD1736A013302D0B36A0133EE
:10AEA000EAD13846BDE8F0872C7904F07004202CF4
:10AEB000E9D1AB68D8F80020934208D0E868D8F808
:10AEC0000410884203D08B4201D08242DBD101279B
:10AED0003846BDE8F0870746E3E700BF2DE9F04FAD
:10AEE0002DED028B8DB090461C46099340F622034F
:10AEF0002268C8F804300892D0E90123724EC8F8DD
:10AF0000082082468946C8F80C3000F1140B089DD1
:10AF1000314628460FF0ECFA2B46034404463146EE
:10AF2000184605930FF092FA0128049000F0B080C3
:10AF3000022804D1059B1B782E2B00F0B280DDE99E
:10AF40000423134408931F460124314638460FF06A
:10AF5000CFFA0744384631460FF078FA78B1022824
:10AF600002D001340744F0E73B782E2BF9D17B78EF
:10AF70002E2BF6D1013CF5D1BB1C0893C7E7059CED
:10AF8000207800285FD0099B1C6098F80430222BA1
:10AF900040F08D8008F108031A464946504608EEF5
:10AFA000103AFFF7E7FD00284DD1049B013B2344F5
:10AFB0000793424649465046FFF7BAFE002842D161
:10AFC00098F8042002F07F03112B01D0222BF0D13E
:10AFD00098F8073004998B42EBD1D8F8003098F8F4
:10AFE000051098F80650D9F8047004330B441D443A
:10AFF000049BA3B3059BCDF818800135DDF81C80B8
:10B00000ED1A5C1E07E014F8012F9DF82F309A42CC
:10B010001ED144451FD0DAF800301A6A974205EB7A
:10B02000040347D2012202920DF12F02CDE9003232
:10B0300059463B4600225046FFF776FB0028E2D0F7
:10B04000DDF8188009DA0DB0BDEC028BBDE8F08F99
:10B05000DDF81880ADE7DDF8188098F804201306B5
:10B060007FF555AFDAF8043001330CD0DAF8083048
:10B07000013308D018EE101A5046FFF7B9FE002829
:10B080001ED198F8042002F07F0288F804203EE7E1
:10B090002B5D2E2B7FF453AFDDE90423134408937B
:10B0A00035E7059B5B782E2B7FF449AFF4E76FF013
:10B0B0001300C8E7054B064A064812210EF0F8F9BE
:10B0C000C1DB6FF00100BEE784E4040024E9040062
:10B0D00044EB040044E904002DE9F04F8B469DB099
:10B0E0000BF1040304930BF10C03CDE9053B016B59
:10B0F00004464FF001080025D4E90D3010E05A094C
:10B10000E66B01385F1CA063676356F822C003F04A
:10B110001F0208FA02F212EA0C0F00F027813B46E8
:10B120009942ECD1002800F0F2812268E36AD2E96A
:10B1300008621944904228BF1046B1FBF6F306FBA3
:10B1400013112063E162E06B6563D20800210EF009
:10B1500075FA6368013300F05781A368013300F08A
:10B160005381002201230025CDE9082304F11407AF
:10B1700001222E46D4F800C0E16ADCF82030206BB2
:10B18000591A0E44B6FBF3F503FB1565854210D240
:10B190006909E26B05F01F0552F8213008FA05F540
:10B1A0001D4342F82150DCF82030E16A099A206BF7
:10B1B000591A0A44B2FBF3F103FB112383420AD26A
:10B1C0005809E16B03F01F0351F8202008FA03F33C
:10B1D000134341F8203008AA11A92046FFF7CAFC02
:10B1E000002840F00E810C25149A24E02068129B60
:10B1F000006A834280F01A820EA9CDE900210295EF
:10B20000002239462046FFF78FFA002840F0F980E7
:10B210009DF839209DF83A309DF83B60149904322E
:10B220001A449DF83830324403F070030A44102B5E
:10B23000149200F0EB80199B23F00043043B02F1D1
:10B240000C009842D2D9DDE91A62701CCDE908627F
:10B2500001D0511C8ED1D4F80C904D46B9F1000F9D
:10B2600000F0DE81EB69DA0340F156816F69002F4F
:10B2700000F05281D4F800A0DAF81C60013F083ECB
:10B28000B742C0F0CF81B7FBF6F001380DF098FF60
:10B290000230A7EB8002B2FBF6F6D4F830E0E16AA8
:10B2A0002B69079505F12C000546DAF82020704639
:10B2B00004F114098E4601469818A0EB0E0EBEFB51
:10B2C000F2F002FB10E28A420AD25709E06B02F068
:10B2D0001F0250F8271008FA02F20A4340F827200C
:10B2E000002E00F01781DAF8202006F00107C7F1E0
:10B2F000020A93424FEA8A0080F098810BA900224B
:10B30000CDE90110009249462A462046FFF70CFA83
:10B31000002876D10AF1FF3CD4F800A013E0BBFB73
:10B32000F2F302FB13B38B424FF0010014D24FEA49
:10B33000531EE16B03F01F0351F82E2000FA03F3B4
:10B34000134341F82E30D4F82CE0DAF820200B9B80
:10B35000216BA2EB0E0B9B446045E0DB1CAB03EBC7
:10B360008C0C023F5CF8443C3E44A5E72068E26A4E
:10B37000016A1344B3FBF1F201FB1233049A42F861
:10B38000043BD4E90C139942049207D10FE0A26B5D
:10B390000133013A8B42C4E90D3208D05D0903F054
:10B3A0001F0256F8255008FA02F22A42EFD1DDE9D1
:10B3B000043293427FF49FAEDDF818B0006ADBF8E8
:10B3C000043083420BF11C0204F1140180F02E8141
:10B3D000042501920022204602950092FFF7A4F96D
:10B3E000002840F08B80DBF81C304FF0FF32CBE9B7
:10B3F0000922142001331021CBE90730CBF80C10BF
:10B4000000201DB0BDE8F08F216B75E6109B002B6E
:10B410003FF411AFD4F800A0DAF81C6003F1FF3B51
:10B42000A6F10809CB4570D3BBFBF9F001380DF04C
:10B43000C7FE861CABEB8606B6FBF9F60F9BE16AEE
:10B44000DAF82020D4F830E09818401AB0FBF2F176
:10B4500002FB110272450BD24FEA521CE16B02F063
:10B460001F0251F82C0008FA02F2024341F82C2086
:10B47000002E3FF4B9AEDAF8202006F00109C9F138
:10B48000020A93424FEA8A0080F0D0800BA9002282
:10B49000CDE90110009239462046FFF745F9002812
:10B4A000AFD10AF1FF3CD4F800A013E0BBFBF2F3EC
:10B4B00002FB13B373454FF0010014D24FEA531E41
:10B4C000E16B03F01F0351F82E2000FA03F313433E
:10B4D00041F82E30E16ADAF820200B9BD4F830E0F6
:10B4E000A2EB010B9B446045E0DB1CAB03EB8C0C37
:10B4F000A9F102095CF8443C4E44A5E710F1340F71
:10B500003FF471AF1DB0BDE8F08F064696E76FF0CF
:10B510001B0076E7079DEB699B037DD52F6A002F03
:10B520007AD0D4F800A0DAF81C60013F083EB74298
:10B530007AD3B7FBF6F001380DF042FE0230A7EBEC
:10B540008003B3FBF6F6D4F830E0E16A6B6A079546
:10B5500005F12C000546DAF82020704604F11409A4
:10B560008E4601469818A0EB0E0EBEFBF2F002FBD1
:10B5700010E28A420AD25709E06B02F01F0250F82B
:10B58000271008FA02F20A4340F82720002E42D082
:10B59000DAF8202006F00107C7F1020A93424FEAC9
:10B5A0008A0043D20BA90022CDE90110009249463E
:10B5B0002A462046FFF7B8F800287FF422AF0AF1A8
:10B5C000FF3CD4F800A013E0BBFBF2F302FB13B383
:10B5D0008B424FF0010014D24FEA531EE16B03F08F
:10B5E0001F0351F82E2000FA03F3134341F82E30C5
:10B5F000D4F82CE0DAF820200B9B216BA2EB0E0B89
:10B600009B446045E0DB1CAB03EB8C0C023F5CF819
:10B61000443C3E44A6E7079D2D68002D7FF422AEF2
:10B62000216B68E5002638E600268CE7024B034ACA
:10B63000034812210DF03CFF24E9040044EB040010
:10B6400044E904002DE9F04F2DED028B9BB001255C
:10B6500004460491A9464FF00008D4E90D31D4F80E
:10B6600030C00FE05A09E76B0139581CA1636063D1
:10B6700057F8226003F01F0205FA02F2324200F08E
:10B680002A8103469C45EDD1002900F052822368AF
:10B69000E66AD3E90802B444914228BF1146BCFBD4
:10B6A000F0F300FB13C32163E362E06BC4F8348062
:10B6B000D20800210DF0C2FF63680133CDD0A3682A
:10B6C0000133CAD000220123CDE906230122002044
:10B6D00004F1140796462268E36A116A266BCB1AB6
:10B6E00003EB000CBCFBF1F001FB10C0864210D94B
:10B6F0004609E16B00F01F0051F8263005FA00F012
:10B70000184341F82600D4E90B36116ADDF81CE035
:10B71000CB1A7344B3FBF1F201FB1233B3420AD2EA
:10B720005809E16B03F01F0351F8202005FA03F3D9
:10B73000134341F8203006AA0FA92046FFF71AFA52
:10B74000002840F0E9804FF00C08129A0CAE23E07C
:10B750002168109B096A8B4280F0F5810092CDE947
:10B760000168002239462046FEF7DEFF002840F03F
:10B77000D3809DF831209DF832109DF833C0129B84
:10B7800004320A449DF8301062441A4401F07003F8
:10B79000102B129200F0C580179B23F00043043B4E
:10B7A00002F10C019942D3D9DDE9180E411CCDE913
:10B7B000060E02D0BEF1FF3F8DD1D4F80C80464674
:10B7C000B8F1000F3FF447AFF369DA0340F1288185
:10B7D0007769002F00F02481D4F800A0DAF81C303B
:10B7E000013FA3F108084745C0F0A881B7FBF8F076
:10B7F00001380DF0E5FC0230A7EB8007B7FBF8F746
:10B8000004F11400E16AD4F830C0DAF8202033697A
:10B810000596834606F12C0008EE100A0E46614696
:10B820009818A0EB060EBEFBF2F002FB10E28A4273
:10B830000BD2E06B4FEA521C02F01F0150F82C2093
:10B8400005FA01F10A4340F82C20002F00F0E680B1
:10B85000DAF8202007F00108C8F1020A93424FEA03
:10B860008A0080F0708109A90022CDE901100092C0
:10B87000594618EE102A2046FEF756FF00284BD1F5
:10B880000AF1FF3CD4F800A012E0BEFBF2F302FB89
:10B8900013E38B424FF0010012D25E09E16B03F01B
:10B8A0001F0351F8262009FA03F3134341F8263009
:10B8B000E66ADAF82020099B216BA2EB060E9E4473
:10B8C0006045E2DB1AAB03EB8C0CA8F102085CF8D4
:10B8D000443C4744A4E72168E26A096A1344B3FB85
:10B8E000F1F201FB1233049A1360D4E90C03834292
:10B8F00011D0012506E0A26B0133013A8342C4E96D
:10B900000D3208D0590903F01F0257F8211005FA2B
:10B9100002F20A42EFD100201BB0BDEC028BBDE861
:10B92000F08F0E9E002E3FF411AFD4F800A0DAF88D
:10B930001C20013EA2F1080B5E450AD3B6FBFBF0CA
:10B9400001380DF03DFC0230A6EB8003B3FBFBF3A6
:10B950001846E16AD4F830C00D9BDAF8202008EED2
:10B96000107A8E46074661469818A0EB0E0EBEFB75
:10B97000F2F002FB10E28A420AD25609E06B02F0B2
:10B980001F0250F8261005FA02F20A4340F826205A
:10B99000002F00F0D580DAF8202007F00106C6F16C
:10B9A000020A93424FEA8A0080F0CD8009A9002262
:10B9B000CDE90110009218EE101A2046FEF7B4FEF1
:10B9C0000028A9D10AF1FF3CD4F800A013E0BBFB8A
:10B9D000F2F302FB13B38B424FF0010014D24FEA93
:10B9E000531EE16B03F01F0351F82E2009FA03F3F5
:10B9F000134341F82E30D4F82CE0DAF82020099BCC
:10BA0000216BA2EB0E0B9B446045E0DB1AAB03EB12
:10BA10008C0C023E5CF8443C3744A5E7059EF36974
:10BA20009B0340F18180376A002F7DD0D4F800A0BD
:10BA3000DAF81C20013FA2F1080847457CD3B7FB88
:10BA4000F8F001380DF0BCFB0230A7EB8007B7FB24
:10BA5000F8F704F11400E16AD4F830C0DAF82020D5
:10BA6000736A0596834606F12C0008EE100A0E460E
:10BA700061469818A0EB060EBEFBF2F002FB10E246
:10BA80008A420BD2E06B4FEA521C02F01F0150F8C1
:10BA90002C2005FA01F10A4340F82C20002F42D057
:10BAA000DAF8202007F00108C8F1020A93424FEAB1
:10BAB0008A0048D209A90022CDE901100092594616
:10BAC00018EE102A2046FEF72FFE00287FF424AF40
:10BAD0000AF1FF3CD4F800A012E0BEFBF2F302FB37
:10BAE00013E38B424FF0010012D25E09E16B03F0C9
:10BAF0001F0351F8262009FA03F3134341F82630B7
:10BB0000E66ADAF82020099B216BA2EB060E9E4420
:10BB10006045E2DB1AAB03EB8C0CA8F102085CF881
:10BB2000443C4744A5E7059E3668002E7FF44CAEA2
:10BB300091E56FF01B00EFE600278AE700275FE63C
:10BB400018EE107A01E6034B034A044812210DF067
:10BB5000AFFC00BF24E9040044EB040044E9040006
:10BB60002DE9F04F044687B00F4600F1140905A9EE
:10BB70002046FFF767FD064640B920680599C3686F
:10BB80009847064630B110F1340FF0D0304607B078
:10BB9000BDE8F08FBB6A83B307F12C0A35460DF17F
:10BBA000130804F1200B13E02268059B126A9342EC
:10BBB00047D20122CDE9018200954A4659462046E6
:10BBC000FEF714FF002831D1BB6A0135AB4214D90E
:10BBD00022687B6A126A93422DD20122CDE901824A
:10BBE0000095524649462046FEF79EFD0028DBD0D0
:10BBF0000646304607B0BDE8F08F2368A16A9A690F
:10BC0000786B0DF0F3FCD4E908122368A06AC7E949
:10BC10000B12FF219A690DF011FD059B4FF0FF32C9
:10BC2000304622627B6207B0BDE8F08F10F1340F1E
:10BC30009DD00646DDE7064B064A074812210DF067
:10BC400037FC034B054A04489C210DF031FC00BF32
:10BC500024E9040044EB040044E9040054EB04002C
:10BC60002DE9F04F2DED028BC9B004462C220021A6
:10BC70001CA80DF0E3FC4FF00043282227A8002168
:10BC800024930DF0DBFC23681B6A01223192002B08
:10BC900000F0C98100274FF00C09319B013300F0FF
:10BCA000B18130AA27A92046FEF764FF0546002887
:10BCB00040F00C81249B002BC0F20E81636801339D
:10BCC00000F04E81A368013300F04A8132AE324663
:10BCD0000CAB25A92046FFF7C3F80028C0F2F58079
:10BCE00000F03E810E9B259A0F982699934200F012
:10BCF00090818B4200F09381DDE91D51239A2690BB
:10BD00002068259301320023CDE91D150B9505937D
:10BD10002392C3680A9198474FF0FF380546F0B167
:10BD200015F1340F40F0D2800A9BC4F82080012B1B
:10BD300040F279810B9B012B40F275811DA92046B1
:10BD4000FFF780FC0546002840F0C08020681D9960
:10BD500001230593C368984705460028E0D123AF27
:10BD60000DF1500AA146102239465046CDF85080B8
:10BD700003F0F8FD59F8202B1D9B126A934280F0C6
:10BD800015821026CDE900572A46029649462046DC
:10BD9000FEF72CFE05460028C2D1249B23F0004369
:10BDA000043B102B32D904F1140B3DAF22680B9BDE
:10BDB000126A934280F0F4810122CDE9017200966B
:10BDC000002259462046FEF7AFFC054600287DD1EB
:10BDD00001223946504603F0C5FD22681D9B126AB8
:10BDE000934280F0E3810122CDE9017200962A4658
:10BDF00049462046FEF7FAFD0546002890D1249BCF
:10BE000023F000430136043B9E42CFD322681D9BA2
:10BE1000126A934280F0CA8104220292CDE9006A3C
:10BE2000494600222046FEF7E1FD054600287FF442
:10BE300077AF216AC4F814804A1C12D02068A36A24
:10BE4000826900928568626AA847054600287FF4E7
:10BE500067AF2368A06A9A69FF210DF0EFFBC4F871
:10BE60002080206803699847054600287FF458AF72
:10BE7000249EDDF874B0CDF8F48026F0004604F17D
:10BE80001403043E08EE103A00F0968107460DF1C7
:10BE9000400908E00137012249463DA803F062FD50
:10BEA000BE4240F2898123681B6A9B4580F07881FD
:10BEB0000123CDE9019318EE101A00975B4600228A
:10BEC0002046FEF731FC0028E4D00546284649B05C
:10BED000BDEC028BBDE8F08F32AE4FF00008324669
:10BEE00027A92046FEF724FFF0B1831CEDD10DF108
:10BEF0009C0CBCE80F001CAE0FC6BCE80F000FC6C0
:10BF00009CE8070086E8070023681B6A01379F4208
:10BF100080F08980309B01337FF4BFAE284649B062
:10BF2000BDEC028BBDE8F08F9DF9CC309DF8CC20A4
:10BF3000002BD4DA6368013341D0A36801333ED0CB
:10BF400034A92046FEF754FF0028BEDB35D0324628
:10BF500027A9204601F0C8F90028C0D00546B5E75A
:10BF6000DDE93050DDE91D21239B1D91CDE92550F0
:10BF70000133239308911E9209924FF00008012685
:10BF80002068C3689847054600284FD015F1340F44
:10BF90009CD1089B4FF0FF32012B226243D9099BB1
:10BFA000012B40D91DA92046FFF74CFB0546002870
:10BFB0008CD11D994FF00108E2E79DF8CC20DDF807
:10BFC000C8E09DF8CFC0CDF8F89002F07F020EF1E6
:10BFD0000C0033A9CDE93F198DF8CC204190012305
:10BFE0003DAA27A92046CDF80C81CDF8F4E0CDF884
:10BFF00008C1CDF810C100F0F9F900283FF46FAF87
:10C00000054663E70025284649B0BDEC028BBDE834
:10C01000F08F88423FF461AF8B427FF46DAE824275
:10C020007FF46AAE59E76FF033054FE723AFA246BE
:10C030004FF0FF331022394607A8079303F092FC14
:10C040005AF8202B1D9B126A934280F0AF804FF06C
:10C050001009CDE900572A46CDF8089051462046F0
:10C06000FEF7C4FC0546002890D1249B23F0004332
:10C07000043B102B34D904F1140B10AF2268099B38
:10C08000126A934280F08C80CDE90176CDF8009061
:10C09000002259462046FEF747FB054600287FF45C
:10C0A00015AF0122394607A803F05CFC22681D9BEE
:10C0B000126A93427AD22A46CDE90176CDF80090F1
:10C0C00051462046FEF792FC054600287FF45EAFFD
:10C0D000249B23F0004309F10109043B9945CDD38A
:10C0E00022681D9B126A934260D2042207A9CDE9FF
:10C0F00000910292514600222046FEF777FC054649
:10C1000000287FF443AF216A4FF0FF37B9426761DF
:10C1100011D02068A36A826900928568626AA84784
:10C12000054600287FF432AF2368A06A9A69FF2190
:10C130000DF084FA276220680369984705460028B5
:10C140007FF424AF249FDDF874B027F000474FF050
:10C15000FF3204F11403043F08EE103A109245D068
:10C1600081460DF1F40A08E009F101090122514666
:10C1700010A803F0F7FB4F4538D923681B6A9B458D
:10C180000ED2CDE901A618EE101ACDF800905B464C
:10C1900000222046FEF7C8FA0028E5D0054695E6BD
:10C1A0008E4B8F4A8F4812210DF082F98B4B8E4AAD
:10C1B0008C489C210DF07CF93D9A149B9A427FF4A7
:10C1C000B3AD059B002B30D12369002B3FF47EAE2D
:10C1D0005C681D9A944271D099681E9881426DD016
:10C1E00084426BD08A4269D01B68EEE7109A079BA5
:10C1F0009A427FF4CEAEB8F1000F40F082802369FE
:10C20000002B3FF463AE5C681D9A944200F0C4803A
:10C2100099681E98814200F0BF80844200F0BC8083
:10C220008A4200F0B9801B68EAE7636801334ED0A8
:10C23000A36801333DAE0AAF4BD03246394610AB4E
:10C240002046FEF70DFE0028FFF63FAE41D0DDE9A7
:10C250001D03109F149731460C370C2612909DF841
:10C2600047001897139311AF15961796199000264B
:10C270001B9052460123204616971A9600F0B6F8F6
:10C2800000287FF422AE0A98636898421AD00B9A6D
:10C29000A1688A4216D0884214D0934212D001225B
:10C2A000013384F840208FD0A36801338CD020461E
:10C2B000FFF7D6FC002887D0054607E65A601E9A8D
:10C2C0009A6091E7DDE91D32C4E90132E7E73DAE4E
:10C2D0000AAF394632462046FEF7ECFC0028FFF64E
:10C2E000F4AD3FF471AF3146DDE91D6000234790A6
:10C2F0001A462046469600F079F800283FF464AFCD
:10C30000DAE76368013350D0A36801333DAE4DD006
:10C31000324610AB08A92046FEF7A2FD0028FFF622
:10C32000D4AD43D0DDE91D02109B14930C33189358
:10C3300012900C2311A89DF8477013923146159363
:10C34000002617931690012314AA204619971B97CD
:10C350001A9600F04BF800287FF4B7AD0898636890
:10C3600098421DD0099AA1688A4219D0884217D0F4
:10C37000934215D00122013384F840203FF43FAFAF
:10C38000A36801333FF43BAF2046FFF769FC002868
:10C390003FF435AF054699E55A601E9A9A6042E728
:10C3A000DDE91D32C4E90132E4E73DAE08A93246B9
:10C3B0002046FEF77FFC0028FFF687AD3FF41FAF55
:10C3C0003146DDE91D60002347901A462046469617
:10C3D00000F00CF800283FF412AFDBE724E904007A
:10C3E00044EB040044E9040054EB04002DE9F04F51
:10C3F0002DED028BCE690D46D1E90141A5B0013684
:10C4000090462A1D69608246EE61AC6008920593F1
:10C4100083B11E46D8F80400D8F80C302A6A1B1ADB
:10C42000022E1A4405D1D8F81C70D8F814603A448A
:10C43000921B2A62DAF80000CDF818800023CDE9BB
:10C440000B140993C36898470446E0B114F1340F04
:10C450003DD10B9B4FF0FF32012BCAF8202034D97D
:10C460000C9B012B31D908995046FFF7EBF8044695
:10C4700068BBDAF80000696801230993C36898472C
:10C4800004460028E2D105F11C07D0464FF0FF33E7
:10C490001022394611A8119303F064FA58F8202BA2
:10C4A0006B68126A934280F00D811026CDE9004737
:10C4B0002246029641465046FEF798FA834660B1FE
:10C4C00010F1340FC5D0044601E06FF0330420466C
:10C4D00025B0BDEC028BBDE8F08F2B6A23F0004342
:10C4E000043BB3426BD90AF1140308EE103A374605
:10C4F0000DF1640934E0DAF800200C9B126A9342D3
:10C5000080F0E6800122CDE9019218EE101A009722
:10C5100000225046FEF708F904460028D7D1012230
:10C52000494611A803F01EFADAF800206B68126A77
:10C53000934280F0C7800122CDE901920096224605
:10C5400041465046FEF752FA044600287FF47EAF7B
:10C55000013701362B6A23F00043043B9E422ED262
:10C56000059B5B45C7DD069A4FEA0B1302EB0B11E7
:10C57000D3580791BB42BED10C4611A8D1E9021293
:10C5800003F0F0F9DAF800206B68106AE168A2683D
:10C59000834280F09780CDE9012100960022414638
:10C5A0005046FEF723FA044600287FF44FAF079B5E
:10C5B0005A68DB680BF1010B17441E44CAE7DAF82E
:10C5C00000206B68126A93427CD2042211A9CDE943
:10C5D00000610292414600225046FEF707FA0446E7
:10C5E00000287FF433AFDAF820104FF0FF33994280
:10C5F000CAF8143019D0DAF80000DAF82830826965
:10C6000000928468DAF82420A047044600287FF4CA
:10C610001DAFDAF80030DAF828009A69FF210DF032
:10C620000DF84FF0FF33CAF82030DAF80000036944
:10C630009847044600287FF409AF2B6AD5F8048098
:10C6400023F000434FF0FF32B3F1040919920AF1CD
:10C65000140B1DD007460DAE07E00137012231460D
:10C6600019A803F07FF9B94512D0DAF800301B6A37
:10C6700098452DD20123CDE901630097434600225E
:10C6800059465046FEF750F80028E6D004461EE70B
:10C69000199A119B9A427FF4DCAE099B13BBDAF81E
:10C6A0001030002B3FF413AF5E686A68964215D0D5
:10C6B0009968A868814211D086420FD08A420DD075
:10C6C0001B68EEE73D4B3E4A3E489C210CF0F0FED5
:10C6D0003A4B3D4A3B4812210CF0EAFE5A60AA68E8
:10C6E0009A60EDE7DAF80430013347D0DAF8083021
:10C6F000013319AE0BAF43D0324639460DAB50462D
:10C70000FEF7AEFB0028C1DB3AD0D5E901030D9F4F
:10C71000119731460C370C260F909DF83B0015976A
:10C7200010930EAF1296149616900026189011AA28
:10C730000123504613971796FFF758FE0028A5D1FE
:10C740000B98DAF80430984231D00C9ADAF80810D5
:10C750008A422CD088422AD0934228D00122013329
:10C760008AF840209BD0DAF80830013397D0504641
:10C77000FFF776FA002892D00446A8E619AE0BAF70
:10C78000394632465046FEF795FA0028FFF67EAF4E
:10C7900085D03146D5E90160002323901A465046E2
:10C7A0002296FFF723FE00283FF479AFE4E76B6899
:10C7B000CAF80430AA68CAF80820CFE724E90400C0
:10C7C00054EB040044E9040044EB04002DE9F04F6D
:10C7D0002DED028B0D46BDB0824616461F4601F177
:10C7E000240809E0002B52DA424629465046FEF75B
:10C7F000C1F9002840F008817479B179F279DAF84A
:10C8000000002B6A04340C441444C1691C448C425B
:10C81000E8D8B4461E1F4CF8046BE96924974C1CF9
:10C820006F68A96825920C3313442B62C5E9011780
:10C830000C23002221932B1DCDF880C01E9622963A
:10C8400013971291EC611F92239207920693C3688B
:10C8500098470446002800F0DE8014F1340F65D1BB
:10C86000129B4FF0FF32012BCAF820205CD9139B9A
:10C87000012B59D906995046FEF7E4FE04460028DC
:10C8800054D101236968DAF800000793DFE7AC466A
:10C89000BCE80F0026AC0FC4BCE80F000FC49CE836
:10C8A000070084E8070029465046FEF715FC0446B9
:10C8B00000283BD1DDE92F122B6A69623046191F2F
:10C8C000AA6240F8041BF6791794CDE91B4733445C
:10C8D000069416916C681A91A968EA691D960C3342
:10C8E0002B62C5E901140C23013219932B1D1890FA
:10C8F0000F940E91EA6107934FF00109DAF80000F6
:10C90000C36898470446002800F0AA8014F1340F49
:10C910000CD10E9B4FF0FF32012BCAF8202003D917
:10C920000F9B012B00F2BF806FF0330420463DB017
:10C93000BDEC028BBDE8F08FDAF800206B68126A5C
:10C94000934280F04C8204220BA9CDE9006102924F
:10C95000414600225046FEF749F804460028D5D14A
:10C96000DAF820104FF0FF339942CAF8143018D08B
:10C97000DAF80000DAF82830826900928468DAF880
:10C980002420A04704460028C0D1DAF80030DAF8A5
:10C9900028009A69FF210CF051FE4FF0FF33CAF8CE
:10C9A0002030DAF800000369984704460028ADD12A
:10C9B0002E6A26F000464FF0FF33321F0C930AF127
:10C9C000140B6B68059200F0EA81074631AE1C46F5
:10C9D00009E0012231460CA802F0C4FF059B013793
:10C9E000BB4200F0DC81DAF800301B6A9C4280F028
:10C9F000FC81CDE901690097234600225946504643
:10CA0000FDF792FE0028E4D0044620463DB0BDEC80
:10CA1000028BBDE8F08F05F11C07D0464FF0FF33C5
:10CA20001022394609A8099302F09CFF58F8202BE0
:10CA30006B68126A934280F0D2811026CDE90047DC
:10CA40002246029641465046FDF7D0FF8346002815
:10CA500000F0AA8010F1340F3FF402AF5C4665E7A6
:10CA600005F11C07D0464FF0FF33102239460BA8C2
:10CA70000B9302F077FF58F8202B6B68126A9342F1
:10CA800080F0AD811026CDE900472246029641464E
:10CA90005046FDF7ABFF834688B110F1340F3FF4E9
:10CAA00038AF5C4642E707995046FEF7CBFD044697
:10CAB00000287FF43BAF0123696806931EE72B6AC9
:10CAC00023F00043043BB3427FF636AF0AF1140370
:10CAD00008EE103A374638E0DAF800200F9B126A69
:10CAE000934280F082810CAACDE9007218EE101AF0
:10CAF000CDF8089000225046FDF716FE04460028A7
:10CB00007FF414AF01220CA90BA802F02BFFDAF876
:10CB100000206B68126A934280F061810CAACDE913
:10CB20000062CDF80890224641465046FDF75EFF70
:10CB3000044600287FF4EAAE013701362B6A23F061
:10CB40000043043BB3427FF6F7AEBBF1010FC3DCF9
:10CB500016AA4FEA0B1302EB0B11D3580591BB42F7
:10CB6000BAD10C460BA8D1E9021202F0FBFEDAF8AA
:10CB700000206B68106AE168A268834280F02F8110
:10CB8000CDE901210096002241465046FDF72EFFD7
:10CB9000044600287FF4BAAE059B5A68DB680BF1A7
:10CBA000010B17441E44C9E72B6A23F00043043BE2
:10CBB000B3426CD90AF1140308EE103A37460DF16E
:10CBC000280935E0DAF80020139B126A934280F0BE
:10CBD0000C810122CDE9019218EE101A0097002273
:10CBE0005046FDF7A1FD044600287FF49FAE0122C8
:10CBF000494609A802F0B6FEDAF800206B68126A0E
:10CC0000934280F0EC800122CDE901920096224609
:10CC100041465046FDF7EAFE044600287FF41DAE6B
:10CC2000013701362B6A23F00043043BB3422ED96F
:10CC3000BBF1010FC6DC1EAA4FEA0B1302EB0B116E
:10CC4000D3580591BB42BDD10C4609A8D1E90212C7
:10CC500002F088FEDAF800206B68106AE168A268CA
:10CC6000834280F0BC80CDE901210096002241463C
:10CC70005046FDF7BBFE044600287FF4EEAD059B51
:10CC80005A68DB680BF1010B17441E44CAE7DAF857
:10CC900000206B68126A934280F0A180042209A9E7
:10CCA000CDE900610292414600225046FDF79EFE0A
:10CCB000044600287FF4D1ADDAF820104FF0FF339E
:10CCC0009942CAF8143019D0DAF80000DAF828309E
:10CCD000826900928468DAF82420A047044600287C
:10CCE0007FF4BBADDAF80030DAF828009A69FF214A
:10CCF0000CF0A4FC4FF0FF33CAF82030DAF8000043
:10CD000003699847044600287FF4A7AD2A6AD5F83E
:10CD100004B022F000424FF0FF33171F0A930AF1CC
:10CD200014091ED006460DF1C40807E001360122A1
:10CD300041460AA802F016FEB74212D0DAF80030D7
:10CD40001B6A9B4551D20123CDE9018300965B46C6
:10CD5000002249465046FDF7E7FC0028E6D004468D
:10CD600053E6DDE909329A427FF47AAD079B002B46
:10CD700041D1DAF81030002B3FF4D8AD5E686A6814
:10CD8000964200F089809968A868814200F084800A
:10CD9000864200F081808A427ED01B68EBE7DDE9A5
:10CDA0000B329A427FF4B5AD069B002B40F06E81AA
:10CDB000DAF81040002C00F0948060686B689842AC
:10CDC00000F0B781A268A9688A4200F0B281884267
:10CDD00000F0AF81934200F0AC812468EAE7A74BF2
:10CDE000A74AA8489C210CF063FBA44BA64AA5487F
:10CDF00012210CF05DFBDAF80430013357D0DAF879
:10CE00000830013331AE12AF53D03246394616AB3B
:10CE10005046FEF725F80028FFF6F6AD49D0D5E9D3
:10CE20000102169B26930C332A9318900C2317A803
:10CE30009DF85F7019923146279300262993289018
:10CE4000012326AA50462B972D972C96FFF7CEFA52
:10CE500000287FF4D9AD1298DAF8043098421FD038
:10CE6000139ADAF808108A421AD0884218D09342EE
:10CE700016D0012201338AF840203FF47AAFDAF865
:10CE8000083001333FF475AF5046FEF7E9FE002845
:10CE90003FF46FAF0446B8E55A60AA689A607CE731
:10CEA0006B68CAF80430AA68CAF80820E1E731AE16
:10CEB00012AF394632465046FDF7FCFE0028FFF619
:10CEC000A3AD3FF456AF3146D5E9016000233B9056
:10CED0001A4650463A96FFF789FA00283FF449AFC0
:10CEE000D8E7D5E90116DDE92D3227982F91289949
:10CEF0001190CDE92710DAF80000309642F0004298
:10CF000001332D932E92C3681091059498474FF0EA
:10CF1000FF370126C1460446F8B114F1340F7FF4FF
:10CF200005AD109BCAF82070012B7FF6FDAC119B5C
:10CF3000012B7FF6F9AC27A95046FEF783FB044688
:10CF400000287FF4F3ACDAF8000027990123059359
:10CF5000C368984704460028DFD10DF1B4081022B9
:10CF600041460DA80D9702F0FDFCDAF80020279B42
:10CF7000126A9342BFF433AF1025CDE90048224630
:10CF8000029549465046FDF731FD04460028C4D1BC
:10CF90002E9B23F00043043B102B88BF0DF1C408E7
:10CFA00030D9DAF80020119B126A9342BFF41DAF0A
:10CFB000CDE901860095002259465046FDF7B4FBA5
:10CFC000044600287FF4B2AC012241460DA802F0CD
:10CFD000C9FCDAF80020279B126A9342BFF4FFAE27
:10CFE0002246CDE90186009549465046FDF7FEFCF4
:10CFF0000446002891D12E9B23F000430135043BC9
:10D000009D42CED3DAF80020279B126A9342BFF4E8
:10D01000E6AE04220DA9CDE9005102924946002254
:10D020005046FDF7E3FC044600287FF476AFDAF8BB
:10D030002010CAF814704B1C17D0DAF80000DAF888
:10D040002830826900928468DAF82420A0470446D8
:10D0500000287FF462AFDAF80030DAF828009A6925
:10D06000FF210CF0EBFACAF82070DAF8000003692F
:10D070009847002861D004464FE700BF24E9040028
:10D0800054EB040044E9040044EB0400DAF80430F3
:10D09000013379D0DAF80830013331AE0EAF75D0F4
:10D0A0003246394612AB5046FDF7DAFE041EFFF653
:10D0B0003DAC6BD0D5E9012312981E900C30229024
:10D0C00014920C2013AA9DF84F40159331461F90DF
:10D0D00021902092002601231EAA504623942594D5
:10D0E0002496FFF783F9044600287FF41FAC0E98BE
:10D0F000DAF80430984263D00F9ADAF808108A42BE
:10D100005ED088425CD093425AD0012201338AF823
:10D1100040203FF44DAEDAF8083001333FF448AE1A
:10D120005046FEF79DFD0446002C3FF441AEFFF74C
:10D13000FDBB6360AB68A3604FE62E9ADDF89C8070
:10D14000319722F00042131F1C4640D0054607E0ED
:10D15000013501221EA931A802F004FCAC4236D0F0
:10D16000DAF800301B6A9845BFF43FAE1EABCDE93C
:10D17000005302964346002259465046FDF7D4FA22
:10D180000028E5D0044640E431AE0EAF39463246C1
:10D190005046FDF78FFD041EFFF6C8AB3FF408AE06
:10D1A000D5E9014000233B9031461A4650463A9457
:10D1B000FFF71CF90446002C3FF4FAADFFF7B6BBAD
:10D1C0006B68CAF80430AA68CAF808209DE7319A4B
:10D1D0000D9B9A427FF4A5AE059D95B9DAF81040F3
:10D1E000002C3FF4A3AB6068279B984278D0A268DC
:10D1F00028998A4274D0884272D0934270D02468B1
:10D20000EEE7DAF8043001334BD0DAF808300133B6
:10D2100031AE10AD47D03246294612AB5046FDF72D
:10D220001FFE041EFFF682AB3DD0129B1E93DDE96C
:10D2300027420C339DF84F0022930C23149415922F
:10D2400000241F93219323902590314613AD012391
:10D250001EAA504624942095FFF7C8F804460028DB
:10D260007FF464AB1098DAF80430984233D0119A06
:10D27000DAF808108A422ED088422CD093422AD065
:10D28000012201338AF84020A8D0DAF808300133AF
:10D29000A4D05046FEF7E4FC0446002C9ED0FFF7D5
:10D2A00045BB31AE10AD294632465046FDF702FD72
:10D2B000041EFFF63BAB91D0DDE9274000233B90F5
:10D2C00031461A4650463A94FFF790F80446002C2F
:10D2D00084D0FFF72BBBDDE92732CAE90132CFE763
:10D2E0006360289BA3608AE72DE9F04F2DED028B48
:10D2F000154653799279EE790433B1B013440A6A32
:10D3000033440C46059322F000411433994204F152
:10D3100004038346079365D0D4E901012E68E369CD
:10D320000696059E0F90921BC4E901100133DBF8AD
:10D3300000000E91C4E9073200230893C3680995E1
:10D340009847A0460646E8B116F1340F3CD10E9B33
:10D350004FF0FF32012BCBF820203BD90F9B012B44
:10D3600038D907995846FEF76DF9064660BBDBF8D9
:10D370000000D8F8041001230893C36898470646B4
:10D380000028E1D108F11C04DA464FF0FF331022E7
:10D39000214612A8129302F0E5FA5AF8202BD8F889
:10D3A0000430126A934280F04B821025CDE900646C
:10D3B0003246029551465846FDF718FB044620B305
:10D3C00010F1340FC3D00646304631B0BDEC028BAD
:10D3D000BDE8F08F6FF03306304631B0BDEC028B04
:10D3E000BDE8F08F19461AAAFDF764FC061EEBDBB8
:10D3F000229B002BC0F2E0806B79A979EA79043393
:10D400000B4413440593226A86E7D8F8203023F0B2
:10D410000043043BAB4242D90BF1140308EE103A2F
:10D420002F460DF194091CB9069BBB4200F0A68063
:10D43000DBF800200F9B126A934280F0FB810122EF
:10D44000CDE9019218EE101A009700225846FDF718
:10D450006BF906460028B7D10122494612A802F00E
:10D4600081FADBF80020D8F80430126A934280F089
:10D47000E7810122CDE90192009532465146584696
:10D48000FDF7B4FA064600287FF45EAF0137013598
:10D49000D8F8203023F00043043BAB42C3D8DBF87C
:10D4A0000020D8F80430126A934280F0C981042227
:10D4B00012A9CDE900510292514600225846FDF7CB
:10D4C00095FA064600287FF43FAFDBF820104FF0B6
:10D4D000FF339942CBF8143019D0DBF80000DBF8A9
:10D4E0002830826900928468DBF82420A047064631
:10D4F00000287FF429AFDBF80030DBF828009A69B8
:10D50000FF210CF09BF84FF0FF33CBF82030DBF815
:10D51000000003699847064600287FF415AFD8F845
:10D520002030D8F8047023F0004A4FF0FF32BAF1EF
:10D53000040A25920BF1140900F00D8105461AAC7E
:10D5400008E001350122214625A802F00BFAAA4580
:10D5500000F00181DBF800301B6A9F4280F06A8195
:10D560000123CDE9014300953B4600224946584638
:10D57000FDF7DAF80028E4D0064625E722462146E2
:10D5800012A802F0EFF9DBF80020D8F80430126A94
:10D59000934280F05581CDE90144009522465146E1
:10D5A0005846FDF723FA064600287FF4CDAEDDE9A4
:10D5B000052301249F186BE7226A2199D4E9090405
:10D5C00062F00042134023904A1CDDE91B01CDE9C3
:10D5D0001B100D90DBF800002494CDE921230023DB
:10D5E00005930C91C36898474FF0FF380127064612
:10D5F000F8B116F1340F7FF4E7AE0C9BCBF8208026
:10D60000012B7FF6E7AE0D9B012B7FF6E3AE1BA946
:10D610005846FEF717F8064600287FF4D5AEDBF82B
:10D6200000001B9901230593C3689847064600280C
:10D63000DFD121ADD946102229460AA8CDF828808D
:10D6400002F090F959F8202B1B9B126A934280F04C
:10D65000F7801024CDE900653246029449465846C9
:10D66000FDF7C4F906460028C3D1229B23F00043EE
:10D67000043B102B33D90BF1140A0BADDBF800205F
:10D680000D9B126A934280F0D580CDE9015700943A
:10D69000002251465846FDF747F8064600287FF419
:10D6A00093AE012229460AA802F05CF9DBF80020BB
:10D6B0001B9B126A934280F0C3803246CDE901572A
:10D6C000009449465846FDF791F90646002890D146
:10D6D000229B23F000430134043B9C42CED3DBF871
:10D6E00000201B9B126A934280F0AA8004220AA9A0
:10D6F000CDE900410292494600225846FDF776F9ED
:10D70000064600287FF475AFDBF82010CBF81480B4
:10D710004B1C17D0DBF80000DBF828308269009240
:10D720008468DBF82420A047064600287FF461AF18
:10D73000DBF80030DBF828009A69FF210BF07EFF50
:10D74000CBF82080DBF8000003699847002800F040
:10D75000D18006464DE7259A129B9A427FF4F7AD99
:10D76000DDE908354446002B70D1DBF810301A464D
:10D7700072B1D2F804C061688C4557D09068A76830
:10D78000B84253D0BC4551D081424FD01268EFE728
:10D79000DBF80C2022B34FF0FF370BE0D2F808E0A3
:10D7A000D4F808C0E64509D0614507D0704505D0DA
:10D7B0001268AAB1516860688142EFD1D1682868C7
:10D7C000814230D0F4D9687995F806E095F807C021
:10D7D000043070446044091AD1601268002AE9D10B
:10D7E00063B9F1E59F68A06887420BD0824209D0F7
:10D7F000B94207D01B68002B3FF4E6AD5A68616858
:10D800008A42EFD1D9682A689142F3D96A7995F8AA
:10D8100006C0EF799869043262443A44891A821A40
:10D82000D9609A61E6E7C2E90177C1E75160A16872
:10D830009160ABE79B4B9C4A9C4812210BF038FE51
:10D84000984B9B4A99489C210BF032FEDBF8043040
:10D85000013379D0DBF80830013325AF0DF13808FA
:10D8600075D012AB3A4641465846FDF7F9FA002802
:10D87000FFF682AE6BD0D4E9012312981A900C30D7
:10D880001E9014920C2013AA9DF84FC01593394690
:10D890001B9000271D901C9201231AAA5846CDF810
:10D8A0007CC0CDF884C02097FEF7A0FD00287FF44F
:10D8B00063AE0E98DBF80430984260D00F9ADBF824
:10D8C00008108A425BD0884259D0934257D0012237
:10D8D00001338BF840203FF448AFDBF808300133C8
:10D8E0003FF443AF5846FEF7BBF900283FF43DAF85
:10D8F000064669E5229DDDF86CA0CDF82C8025F068
:10D9000000450BF11403043D1E463FD004460DF1C3
:10D91000940907E00134012249460BA802F022F8DD
:10D92000A54233D0DBF800301B6A9A4582D2CDE99C
:10D93000019700945346002231465846FCF7F4FE06
:10D940000028E7D006463FE525AF0DF138084146EF
:10D950003A465846FDF7AEF90028FFF60DAE3FF403
:10D9600004AF3946D4E9017000232F901A46584677
:10D970002E97FEF73BFD00283FF4F7AEB8E763684B
:10D98000CBF80430A268CBF80820A0E7DDE90A3222
:10D990009A427FF432AE059B93B9DBF81060002EFB
:10D9A0003FF412AD70681B9B984276D0B2681C9908
:10D9B0008A4272D0884270D093426ED03668EEE7C9
:10D9C000DBF8043001334AD0DBF80830013325AFEF
:10D9D0000CAC46D03A4621460EAB5846FDF740FA0D
:10D9E000061EFFF6F1AC3CD00E9B1293DDE91B4204
:10D9F0000C339DF83F0016930C231094119213934F
:10DA000015931790199039460FAD0024012312AADF
:10DA1000584614951894FEF7E9FC064600287FF452
:10DA2000D3AC0C98DBF80430984231D00D9ADBF877
:10DA300008108A422CD088422AD0934228D0012252
:10DA400001338BF84020A8D0DBF808300133A4D094
:10DA50005846FEF705F90646002E9ED0B4E425AFE1
:10DA60000CAC21463A465846FDF724F9061EFFF64F
:10DA7000ABAC92D0DDE91B4000232F9039461A460B
:10DA800058462E94FEF7B2FC0646002E85D09BE445
:10DA9000DDE91B32CBE90132D1E773601C9BB36037
:10DAA0008CE700BF24E9040044EB040044E90400CF
:10DAB00054EB04002DE9F04F90F84030BBB0054620
:10DAC000059163B943680122013380F8402006D0F4
:10DAD0008368013303D0FEF7C3F8044668B909AA86
:10DAE00019A905AB2846FDF7F9F9821C044608D1AF
:10DAF00005982F210CF08BFC58B120463BB0BDE8B7
:10DB0000F08F002808BF6FF0100420463BB0BDE83E
:10DB1000F08F2B681B6AAB6324A92846FDF7DCFA5B
:10DB200004460028E9D1DDE92210259A2D91269995
:10DB30002B9B0494CDE9251201332B932E90089250
:10DB400007914FF0FF3A4FF001082868C3689847E3
:10DB50000446B8B114F1340FCFD1079BC5F820A00B
:10DB6000012B40F2D580089B012B40F2D18025A9E2
:10DB70002846FDF767FD04460028BED101232599FC
:10DB80000493E2E72BAFA9461022394611A8CDF83D
:10DB900044A001F0E7FE59F8202B259B126A93421E
:10DBA00080F0BF801026CDE9004722460296494604
:10DBB0002846FCF71BFF04460028CBD12C9B23F002
:10DBC0000043043B102B30D905F1140B2FAF2A680A
:10DBD000089B126A934280F09E80CDE901780096FE
:10DBE000002259462846FCF79FFD0446002884D1B0
:10DBF0000122394611A801F0B5FE2A68259B126A58
:10DC0000934280F08E802246CDE901780096494605
:10DC10002846FCF7EBFE044600289BD12C9B23F002
:10DC200000430136043B9E42D1D32A68259B126AE9
:10DC3000934276D2042211A9CDE9006102924946AD
:10DC400000222846FCF7D2FE0446002882D1296A29
:10DC5000C5F814A04B1C12D02868AB6A82690092E8
:10DC600084686A6AA047044600287FF473AF2B6873
:10DC7000A86A9A69FF210BF0E1FCC5F820A028688A
:10DC800003699847044600287FF464AF2C9B259FC6
:10DC9000CDF8BCA023F0004BBBF1040B05F1140937
:10DCA0001BD006462B681B6A9F4234D20DABCDE9D0
:10DCB0000063CDF808803B46002249462846FCF721
:10DCC00033FD044600287FF418AF013601220DA968
:10DCD0002FA801F047FEB345E4D12F9A119B9A4239
:10DCE0007FF43BAF049B002B42D12A69FAB1546800
:10DCF000259B9C4200F0898091682698814200F023
:10DD00008480844200F081808B427ED01268EDE7EF
:10DD10006FF03304F1E64F4B4F4A504812210BF09D
:10DD2000C7FB4C4B4E4A4D489C210BF0C1FB059B59
:10DD30008DF82A20184640F622020493ADF82820D8
:10DD40000CF095FBDDE925648DF82B00049B0C9409
:10DD500009AA19A9284623940B962296FEF736FDA8
:10DD6000044600287FF4C9AE2B681B6AAB63C4E687
:10DD70006B68013352D0AB6801332FAE07AF4FD081
:10DD8000324639460DAB2846FDF76AF8041EFFF609
:10DD9000B4AE45D0DDE925400D9B11930C331593AE
:10DDA00010900C239DF83B000F943146129314936E
:10DDB00000241690189011AA0EAE0123284617943D
:10DDC0001396FEF713FB044600287FF496AE0798DF
:10DDD0006B6898421DD0089AA9688A4219D0884277
:10DDE00017D0934215D00122013385F840203FF42B
:10DDF0007CAFAB6801333FF478AF2846FDF730FFC6
:10DE00000446002C3FF471AF77E65360269B936085
:10DE10007CE7DDE92532C5E90132E4E72FAE07AF43
:10DE2000394632462846FCF745FF041EFFF665AE2C
:10DE30003FF45BAFDDE925400023399031461A46B7
:10DE400028463894FEF7D2FA0446002C3FF44DAF32
:10DE500053E600BF24E9040044EB040044E9040055
:10DE600054EB040070B5D0E9015386B0C1E9015309
:10DE7000019201AB02AA06460C46FDF72FF8A0B9A5
:10DE80009DF80C30222B12D104AA21463046FCF713
:10DE900071FE50B9D4E901123369216162610E212A
:10DEA0001022A161E2602360346106B070BD6FF0A2
:10DEB0001300FAE7036943B1994202D107E099429E
:10DEC00007D01A461B68002BF9D10020704700F1DB
:10DED00010020B6813600020704700BFF0B51546B4
:10DEE0000E4689B004464C22284600210BF0A6FBC2
:10DEF000B3690E2B4AD00F2B53D004AA31462046CB
:10DF0000FCF716FF00285BD19DF8142002F07F0378
:10DF1000112B01D0222BF0D1110655D562680132A8
:10DF20000DD0A26801320AD006A92046FCF760FF96
:10DF3000002829DBE1D19DF8143003F07F038DF830
:10DF4000143021462B70112B51F8140B08BF079B7E
:10DF5000049A08BF6B609DF815C07368066A9DF847
:10DF60001670101D6044B3429DF8172005F1080596
:10DF700038442BD2CDE90152009000222046FCF714
:10DF8000D3FB002808BF012009B0F0BD124A2223AC
:10DF900012882A812B70B36901200133B36109B063
:10DFA000F0BD2B460D4A222103F8081B11889278F8
:10DFB00029819A70B36901200133B36109B0F0BDC2
:10DFC000841C08BF0020DFE71346BAE7044B054A6C
:10DFD000054812210BF06CFA70D60400FCE804002E
:10DFE00024E9040044EB040044E904002DE9F04373
:10DFF0001F4693B003F00303012B0C460192054624
:10E0000003D090F84030002B70D002AA07A901ABD2
:10E010002846FCF763FF064600283FD19DF80C30E8
:10E02000222B00F09180BB0500F18B80DDE90820F8
:10E0300002996260049AA0600023C4E90637C4E92B
:10E04000031223627A05059B636106D5002B5FD11D
:10E050004FF0FF320023C4E904232B68586B4FF0C4
:10E06000FF32E262002857D0EB68002B5FD160637B
:10E07000E36903F003034FF0FF36012BE66205D09E
:10E080002B68FF219A690BF0D9FAE662EB682360EE
:10E090000026EC60304613B0BDE8F083B01CF9D127
:10E0A000DDF804802F2140460CF0B1F9024600282B
:10E0B000F0D1F905EED540F6110340468DF80E205B
:10E0C000ADF80C300CF0D3F94FF0000943468DF851
:10E0D0000F0002AA07A94FF0FF382846CDE90489AE
:10E0E000FEF774FB06460028A0D0D3E74368012260
:10E0F000013380F8402088D08368013385D0FDF754
:10E10000AFFD0646002880D0304613B0BDE8F0834E
:10E1100047F48037E7619BE7E26902F00302012AD6
:10E1200008D0986901F020FF60630028A0D16FF04B
:10E130000B06AFE7586901F017FF6063002897D11D
:10E14000F5E76FF01006A5E76FF01406A2E700BF31
:10E150002DE9F04F2DED028BCC698FB004F0030553
:10E16000012D0592079300F0B98167038846834625
:10E1700000F10D81250500F11681A00340F1ED802D
:10E18000079B002B00F0D88008F12C090693D8F8E3
:10E190001C30990300F18980D8F82030002B40F022
:10E1A0006481DBF800100B6ACBF83830D8E90873CB
:10E1B0000C930DAB08EE103A0BF114044FF0010A6A
:10E1C000CDF8208018EE101A5846FDF73BFA0028CB
:10E1D0005ED10D99012940F29181DBF80000036ABC
:10E1E000994200F28B81C3689847002840F0AD80C7
:10E1F000002F00F06581DBF80010D1F81C807D1E37
:10E20000A8F10806B542C0F01B81B5FBF6F0013855
:10E2100004910AF0D5FF0230A5EB8005B5FBF6F5B9
:10E2200028460AF0CDFFA7EB800005FB1607B8458E
:10E23000049900F0C380002F00F03F8100250DF10C
:10E240002F0616E0DBF800200D9B126A934280F047
:10E250003F81CDE9016A0095224649465846FCF7C0
:10E26000C5FB002871D10135BD4280F0EF80DBF89D
:10E2700000100A6A0C9B934280F03A81CDE9016A52
:10E280000095002221465846FCF74EFA0028D9D0C6
:10E29000DDF82080D8F81C3043F40023C8F81C3087
:10E2A0000FB0BDEC028BBDE8F08FDBF80010D8F8A2
:10E2B0002870CD69AF423FF476AFD8F824300BF127
:10E2C0001404069A059EED1B954228BF15460EE0E4
:10E2D00010F1340FDED141465846FDF741FC0028CD
:10E2E000D8D1D8F82870DBF80010D8F824300A6AA2
:10E2F0009A4240F2ED80CDE90165009722464946F9
:10E300005846FCF773FB0028E2D1D8F82020D8F853
:10E310002830DBF800102A442B44096AC8F8202072
:10E32000C8F82830059A069BCBF838102A445B1BA6
:10E33000059206937FF42BAFD8F81C30079823F48E
:10E340000023C8F81C30ABE7099F10F1340F9FD1B0
:10E350004FF0FF33CBF8203034E7D8F82040D8F81E
:10E3600014309C427FF60CAFC8F820300DAE00256B
:10E3700001233246414658468DF83450FFF7E8FEF7
:10E3800000288DDBD8F820309C42F1D8F8E64FF019
:10E39000FF3224F48023A603CA62CB6100F185809A
:10E3A0002205DAD51C46D8F81430D8F820209A4235
:10E3B00038BFC8F82030A003CFD5E1E6013595FA83
:10E3C000A5F3B3FA83F31846013304930A6A099755
:10E3D00000250DF1300807460D9B93424FEA850654
:10E3E00076D20422CDE9018200962246494658465B
:10E3F000FCF7FCFA0C9B0028A6D1AF4211D0DBF849
:10E400000020126A934273D20422CDE90182009661
:10E41000024621465846FCF787F900287FF438AFBA
:10E420000C9B012B5DD9DBF800100A6A934258D887
:10E43000049B0135AB42CFD1DDF820809F0009E07D
:10E4400047457FF4FBAE01230493BFE7DDF820804E
:10E45000DBF800100D9BC8E90937D8F81C20CD69FE
:10E4600042F40032C8F81C202BE708F1280108F11B
:10E470002402CDE90121013B0093D8E90423494658
:10E480005846FCF719FA00287FF404AFDBF8003097
:10E49000D8F834009A69FF210BF0D0F84FF0FF3321
:10E4A000DBF80010C8F82C307DE600F03DF80028BD
:10E4B0007FF4F6AED8F81C405CE6DDF82080C9E7B2
:10E4C000DDF820800D9BDBF80010C8E90937C4E7B0
:10E4D0000E4B0F4A0F489C210AF0EAFF6FF008002C
:10E4E000DEE60D4B0D4A0B4840F2D3410AF0E0FF47
:10E4F000064B0B4A074812210AF0DAFF094B074A7C
:10E50000044840F28C410AF0D3FF00BF24E9040024
:10E5100054EB040044E90400B8E9040074EB04007F
:10E5200044EB040000EA04002DE9F0430D4693B0EB
:10E53000064600F114072C22002104A8D5F82080FB
:10E540000BF07CF897E807004FF0FF33D5E904C4DF
:10E550000DF1480E73610EE90700296A6A69CDF86A
:10E56000308001209142CDF820C009940B901FD239
:10E57000994601230DF10F0204A9304600F072F90B
:10E580000446002C4FF001030DF10F0229463046DE
:10E590003ADBFFF7DDFD041E36DB7369013337D04C
:10E5A000C6F814906A692B6ACDF83C909A42E0D87C
:10E5B00005F12C0918E030686B6B82690092846861
:10E5C0002A6BA04704463A46494630461CB9FCF738
:10E5D0001FF9044658B114F1340F2946304613D1BF
:10E5E000FDF7BEFA044678B9E96A4B1CE3D1EB6942
:10E5F000D5E9082123F4003343F480332961EB612A
:10E600006A61C5F820800024204613B0BDE8F0837D
:10E610002A6A6B699A42ACD3CAE700BFF0B5CB69EE
:10E620000C4659039DB0054605D523F480234FF0D1
:10E63000FF32E361E2629A0309D521462846FFF7DB
:10E6400073FF024610B110461DB0F0BDE36903F43C
:10E650001023B3F5803F03D0002210461DB0F0BD5B
:10E6600063680133F8D0A3680133F5D0221D11A9E6
:10E670002846FCF77FFA02460028E4D12946129B7F
:10E6800051F8140B0692076AE068059006AEBB428B
:10E69000C6E901222CD20C27CDE9000602972846B4
:10E6A000FCF742F802460028CDD19DF81830112B16
:10E6B00024D1059B0B9603F10C060A9728460C976C
:10E6C0009DF81B5027690F9209930D9609AA666958
:10E6D000079711A9012308960E951095FDF786FE60
:10E6E00002460028AFD1E36923F48033E361AAE74F
:10E6F000064B074A074812210AF0DAFE064B074A82
:10E70000044840F213610AF0D3FE00BF24E904007C
:10E7100044EB040044E9040030EA040084EB040004
:10E720002DE9F041CB690C4659039CB0054605D54F
:10E7300023F480234FF0FF32E361E2629A0321D594
:10E7400021462846FFF7F0FE0646D0B1EB6843B1FC
:10E750009C4202D16AE09C426AD019461B68002B99
:10E76000F9D1A3692BB11B681BB130461CB0BDE8C1
:10E77000F0812B685B6B002BF7D1606B01F008FC1C
:10E78000F3E7E36903F41023B3F5803F01D00026DB
:10E79000DCE763680133FAD0A3680133F7D011A92D
:10E7A000221D2846FCF7E6F906460028CED1294668
:10E7B000129B51F8142B0696106AE268059206AF78
:10E7C0008342C7E9016636D24FF00C08CDE9002735
:10E7D000CDF8088032462846FBF7A6FF06460028FB
:10E7E000B4D19DF81830112B2BD1059B22690F90C5
:10E7F00060699DF81B600B97099303F10C07079262
:10E80000089011A9012309AA28460E961096CDF862
:10E810002880CDF830800D97FDF7E8FD06460028EA
:10E8200094D1E36923F48033E3618FE705F10C01B0
:10E8300023680B6095E7064B064A074812210AF049
:10E8400037FE064B064A044840F213610AF030FED8
:10E8500024E9040044EB040044E9040030EA040025
:10E8600084EB04002DE9F04F0D46C96901F0030463
:10E87000022C87B04FD08046880317461E464FD4DF
:10E880002A6A69698A425CD2A1EB0209B1454B460A
:10E8900028BF33460593002B57D01E4605F12C099F
:10E8A00005F1280B05F1240A1FE0D8F80000A96A39
:10E8B000C469A1421CD0641A026A6B6AB44228BFC0
:10E8C0003446934245D20091CDE901740022494675
:10E8D0004046FBF729FF00BB2A6AAB6A2244234467
:10E8E000361B27442A62AB622FD0EB695B03DCD472
:10E8F000CDE901AB0092D5E9042349464046FBF738
:10E90000DBFF50B9EB69D8F80000A96AC46943F489
:10E910008023EB61CFE76FF0080007B0BDE8F08F10
:10E920004A0305D521F480214FF0FF32E961EA6204
:10E9300029464046FFF7F8FD0028A1D007B0BDE802
:10E94000F08F002007B0BDE8F08F059807B0BDE854
:10E95000F08F034B034A044812210AF0A9FD00BFBF
:10E9600024E9040044EB040044E90400F8B50C4633
:10E97000C96916464A0307461D4605D521F480217C
:10E980004FF0FF33E161E3628B0305D53846214642
:10E99000FFF7CAFD00B1F8BD2DB1012D0CD0022D3D
:10E9A00004D0206AF8BD26623046F8BD002E6069AA
:10E9B00005DB30442062F8BD002E206AF9DA72428D
:10E9C0008242F6D96FF01500F8BD00BF086A7047A3
:10E9D000CB699B0305D5086A4B69984238BF184636
:10E9E00070474869704700BFF0B597B0154605916C
:10E9F00005AB07AA0BA90646FCF770FA044610B14E
:10EA0000204617B0F0BD4C22014628460AF016FEFB
:10EA10009DF820302B70112B04BF0A9B6B6072682D
:10EA2000099B934223D00A98B16888421FD08B4239
:10EA30001DD082421BD03146079A51F8143B9DF8F5
:10EA400021701C6A0C9B9DF8220004323A44A342B8
:10EA5000024405F108059DF823000ED2CDE90150CE
:10EA6000009230460022FBF75FFE0446C8E7064BE3
:10EA70001B882B81204617B0F0BD044B044A054883
:10EA800012210AF015FD00BF84E4040024E904000B
:10EA900044EB040044E904002DE9F04F90F84030C5
:10EAA000BBB00546059183B943680122013380F864
:10EAB00040200AD08368013307D0FDF7D1F804461F
:10EAC00018B120463BB0BDE8F08F09AA19A905ABE3
:10EAD0002846FCF703FA04460028F2D19DF82830B6
:10EAE000222B00F0D08009AA19A92846FEF7FCFBCA
:10EAF00004460028E5D19DF82830222BE1D119AA3F
:10EB000025A92846FCF7D6F8041EDADB00F00B81B5
:10EB1000DDE92D40209B2390DDE91A21286822940D
:10EB20000133209300230493CDE91A12C36808929D
:10EB3000079198474FF0FF3A4FF001080446E0B1C3
:10EB400014F1340FBDD1079BC5F820A0012B40F272
:10EB5000A480089B012B40F2A0801AA92846FCF74C
:10EB600071FD04460028ACD128681A99012304934A
:10EB7000C368984704460028E2D120AFA946102276
:10EB8000394611A8CDF844A000F0ECFE59F8202B2E
:10EB90001A9B126A934280F03A811026CDE9004711
:10EBA0002246029649462846FBF720FF04460028E5
:10EBB000C6D1219B23F00043043B102B31D905F132
:10EBC000140B2FAF2A68089B126A934280F02581AC
:10EBD000CDE901780096002259462846FBF7A4FDAE
:10EBE000044600287FF46DAF0122394611A800F0D9
:10EBF000B9FE2A681A9B126A934280F00881224665
:10EC0000CDE90178009649462846FBF7EFFE044619
:10EC1000002895D1219B23F000430136043B9E42FE
:10EC2000D0D32A681A9B126A934280F0F0800422A3
:10EC300011A9CDE900610292494600222846FBF75E
:10EC4000D5FE044600287FF47BAF296AC5F814A0DE
:10EC50004B1C12D02868AB6A8269009284686A6A89
:10EC6000A047044600287FF46BAF2B68A86A9A6916
:10EC7000FF210AF0E3FCC5F820A028680369984743
:10EC800070B104465CE70BAA24A92846FBF772FF83
:10EC9000044600283FF427AF13E76FF0330410E772
:10ECA000219FDDF868B0CDF8BCA027F0004705F142
:10ECB0001403043F1C461DD006460DF1340907E03D
:10ECC0000136012249462FA800F04CFEB74211D070
:10ECD0002B681B6A9B4580F0A080CDE901980096C7
:10ECE0005B46002221462846FBF71EFD0028E7D0A0
:10ECF0000446E6E62F9A119B9A427FF424AF049BC8
:10ED0000C3B92C69002C3FF4DCAE60681A9B9842B2
:10ED10005AD0A2681B998A4256D0884254D0934256
:10ED200052D02468EEE7404B404A414840F26E71B1
:10ED30000AF0BEFB6B6801334FD0AB6801332FAED6
:10ED400007AF4CD0324639460DAB2846FCF788F861
:10ED5000041EFFF6B6AE42D0DDE91A400D9B1193BA
:10ED60000C33159310900C239DF83B000F94314603
:10ED70001293149300241690189011AA0EAE01233A
:10ED8000284617941396FDF731FB044600287FF4BC
:10ED900098AE07986B6898421AD0089AA9688A4278
:10EDA00016D0884214D0934212D00122013385F844
:10EDB0004020A6D0AB680133A3D02846FCF750FF13
:10EDC0000446002C9DD07CE663601B9BA360A8E7F3
:10EDD000DDE91A32C5E90132E7E72FAE07AF394660
:10EDE00032462846FBF766FF041EFFF66AAE88D05F
:10EDF000DDE91A400023399031461A4628463894F6
:10EE0000FDF7F4FA0446002C3FF47BAF59E6094BBA
:10EE1000094A07489C210AF04BFB064B074A044865
:10EE200012210AF045FB00BF50EA040094EB0400F5
:10EE300044E9040024E9040054EB040044EB04001A
:10EE40002DE9F04F2DED028B8B6A0160C5B00446B1
:10EE5000002B00F09780C361C86A002800F09E80F4
:10EE6000A0628A69FF210AF0E9FB4FF0FF332268B4
:10EE700023626361536AD90640F02783002B00F0B8
:10EE80001D83106B002800F09280E063D2E90551E9
:10EE9000B1FBF5F305FB1313002B40F0FA82D769A1
:10EEA000B7FBF1F501FB1575002D40F000834FF025
:10EEB000FF36A7F10803B6FBF3F33344B3FA83F349
:10EEC000C3F12003B7EB830FC0F0EA82526A2561D9
:10EED0002946C4E90265D20884F8405066600AF009
:10EEE000ADFB2368E562D3E90823934228BF1346AC
:10EEF000C4E90C35A26322A92046FCF7EDF80546CB
:10EF000078B123689A6A002A63D0DA6A002A5BD053
:10EF10001B6B002B54D0284645B0BDEC028BBDE8DE
:10EF2000F08F2DA92046FCF7D7F805460028E8D138
:10EF3000DDE92E21349B0E92CDE92E12013304908F
:10EF400034930D914FF001092068C3689847054636
:10EF5000002843D015F1340FD3D10D9B2662012B2D
:10EF60000DD90E9B012B0AD92EA92046FCF76AFB6E
:10EF700005460028C5D101232E990493E4E76FF0DC
:10EF80003305BEE7486900F0EFFFE061002800F0BC
:10EF9000DF802168C86A00287FF462AF886900F0CA
:10EFA000E3FFA062002800F0D380216859E7D80869
:10EFB00000F0DAFFE063002800F0CA80226865E70D
:10EFC000E06B00F0E5FFA6E7A06A00F0E1FF236830
:10EFD0009EE7E06900F0DCFF236896E734AFA246C5
:10EFE0001022394609A8099600F0BCFC5AF8202BDB
:10EFF0002E9B126A934280F07D824FF01008CDE97B
:10F0000000572A46CDF8088051462046FBF7EEFC13
:10F01000054600289ED1359B23F00043043B102B6E
:10F02000474633D904F1140B0DF1280822680E9BD2
:10F03000126A934280F06482CDE901890097002230
:10F0400059462046FBF770FB054600287FF459AF70
:10F050000122414609A800F085FC22682E9B126A15
:10F06000934280F047822A46CDE9018900975146B4
:10F070002046FBF7BBFC054600287FF46BAF359BB1
:10F0800023F000430137043B9F42CFD322682E9BDD
:10F09000126A934280F02E82042209A9CDE9007100
:10F0A0000292514600222046FBF7A0FC05460028AC
:10F0B0007FF450AF216A66614B1C11D02068A36AAF
:10F0C000826900928568626AA847054600287FF435
:10F0D00041AF2368A06A9A69FF210AF0AFFA26625D
:10F0E000206803699847054600287FF433AF359BB5
:10F0F000DDF8B8B00A9623F0004304F11402043B93
:10F1000008EE102A3CD01D46234608EE90AA38AFE0
:10F1100092460446984607E00134012239460AA87F
:10F1200000F020FCA54228D0D8F800301B6A9B458F
:10F1300080F0E681CDE9017900945B4600225146DA
:10F140004046FBF7F1FA0028E6D005464446D8E6EB
:10F1500023689A6A002A00F0C881DA6A002A00F05F
:10F16000BF811B6B002B00F0B7816FF00B052846A9
:10F1700045B0BDEC028BBDE8F08F18EE90AA444676
:10F18000DDE909329A427FF4E8AE049B002B40F09F
:10F19000168225698DB168682E9B984200F0B68171
:10F1A000AA682F998A4200F0B181884200F0AE81AE
:10F1B000934200F0AB812D68ECE7A74A23688DF8F5
:10F1C0006A50082641F22E47ADF868708DF86B60E2
:10F1D00092E80300D3E907261D9220AA82E80300E3
:10F1E0002F9A06954FF001102E9D1E963421102661
:10F1F000A2601C922C9202221F9065601B952B9599
:10F2000019962A914FF0010904921846DDE923313D
:10F21000299A0C93CDE923130132002307932992F5
:10F22000C3680B9198470546D8B115F1340F7FF4A8
:10F2300068AE0B9B4FF0FF32012B226232D90C9B40
:10F24000012B2FD923A92046FCF7FCF9054628BB42
:10F250002068239901230793C3689847054600282F
:10F26000E3D129AF4FF0FF331022394611A8119393
:10F2700000F078FB2268239B126A934280F03A8167
:10F280001026CDE900572A46029651462046FBF744
:10F29000ADFB18B310F1340FCBD0054615F1340F88
:10F2A0007FF42FAE049B012B14D1069B002B3FF45F
:10F2B00066AE22A90026012738AA2046CDE9386784
:10F2C000FBF758FC054600287FF41BAE23681A6A3A
:10F2D000A26317E601232068049397E72A9B23F093
:10F2E0000043043BB34259D918EE108A37460DF15A
:10F2F000E00B05902FE022680C9B126A934280F08D
:10F30000FF80CDE901B90097002241462046FBF776
:10F310000BFA05460028C1D10122594611A800F078
:10F3200021FB2268239B126A934280F0E3802A46E5
:10F33000CDE901B9009651462046FBF757FB05463B
:10F3400000287FF472AF013701362A9B23F0004377
:10F35000043B9E4222D2059B002BCCD1102FCAD158
:10F360001AAD2022294611A800F0FCFA2268239B3E
:10F37000126A934280F0BE802021CDE9006502919F
:10F38000059A51462046FBF731FB054600287FF4DD
:10F390004CAF0123203630270593D6E72268239B04
:10F3A000126A934280F0A680042211A9CDE900617F
:10F3B0000292514600222046FBF718FB0546002822
:10F3C0007FF433AF216A4FF0FF339942636113D06A
:10F3D0002068A36A826900928568626AA847054628
:10F3E00000287FF422AF2368A06A9A69FF210AF0FF
:10F3F00025F94FF0FF3323622068036998470546DB
:10F4000000287FF412AF2A9BDDF88C8023F0004B9C
:10F410004FF0FF32BBF1040B38921FD018EE105A98
:10F4200007460DAE07E001370122314638A800F04B
:10F4300099FABB4512D023681B6A984560D2CDE982
:10F44000016900974346002229462046FBF76CF9E4
:10F450000028E8D0054621E738EB0400389A119BD4
:10F460009A427FF4E6AE079B002B57D123696BB11C
:10F470005D68239A95424DD099682498814249D07D
:10F48000854247D08A4245D01B68F0E701230693A6
:10F4900008E7914B914A924840F61F010AF008F89C
:10F4A000904B8E4A8E4840F623010AF001F88E4BAD
:10F4B0008A4A8B484FF4026109F0FAFF8B4B874A66
:10F4C000874840F6140109F0F3FF894B834A8448CA
:10F4D00040F6130109F0ECFFE06B00F059FD44E643
:10F4E000A06A00F055FD23683BE6E06900F050FD9E
:10F4F000236832E67F4B804A79489C2109F0D8FF87
:10F500007C4B7E4A7648122109F0D2FF6B602F9B1C
:10F51000AB6050E65A60249A9A60B5E7636801339D
:10F5200000F09F80A368013338AE0BAF00F09B80E2
:10F53000324639460DAB2046FBF792FC051EFFF61E
:10F54000ADAE00F09080DDE923030D9D11950C35E3
:10F5500015950F900C259DF83B00109331461295A0
:10F56000149516900025189011AA0EAE012320467E
:10F5700017951396FCF73AFF054600287FF48EAEE8
:10F580000B986368984267D00C9AA1688A4263D04E
:10F59000884261D093425FD04FF00102013384F87A
:10F5A00040203FF463AFA36801333FF45FAF2046D0
:10F5B000FCF756FB0546002D3FF458AF6EE6636836
:10F5C00001336ED0A368013338AE0DAF6BD0324635
:10F5D000394611AB2046FBF743FC051EFFF691AC04
:10F5E00061D0DDE92E02119B19930C331D9313900A
:10F5F0000C2312A89DF84B50149231461A931C9379
:10F600001B900026012319AA20461E9520951F96BF
:10F61000FCF7ECFE054600287FF473AC0D98636898
:10F62000984239D00E9AA1688A4235D0884233D0A8
:10F63000934231D00122013384F840203FF4A9AD38
:10F64000A36801333FF4A5AD2046FCF709FB05464E
:10F65000002D3FF49EAD54E4DDE92332C4E90132CC
:10F660009AE738AE0BAF394632462046FBF722FB0D
:10F67000051EFFF613AE3FF4F9AEDDE9235000237B
:10F68000429031461A4620464195FCF7AFFE0546AA
:10F69000002D3FF4EBAE01E6DDE92E32C4E9013284
:10F6A000C8E738AE0DAF394632462046FBF702FBBD
:10F6B000051EFFF626AC3FF46CADDDE92E500023AD
:10F6C000429031461A4620464195FCF78FFE05468A
:10F6D000002D3FF45EAD14E48CEA0400A0EB0400BE
:10F6E00044E90400ECEA0400BCEA040074EA040003
:10F6F00054EA040024E9040054EB040044EB040041
:10F70000F0B58B6A01609BB00446002B7CD0C361CE
:10F71000C86A002800F08380A0628A69FF2109F08E
:10F720008DFF4FF0FF33216823626361486AC3068F
:10F7300040F0C380002800F0D5800B6B002B75D003
:10F74000E363D1E90503B3FBF0F200FB1232002AB8
:10F7500040F0C180C869B0FBF3F203FB1202002A3B
:10F7600040F0B2804FF0FF35A0F10803B5FBF3F392
:10F770002B44B3FA83F3C3F12003B0EB830FC0F043
:10F7800085800B6AA363C4E90155C4E90322C4E977
:10F790000B2284F8402062630026012704AA0FA9E7
:10F7A0002046CDE90467FBF7E5F9054660B123681B
:10F7B0009A6A002A46D0DA6A002A3ED01B6B002BD8
:10F7C00045D028461BB0F0BD2146109B51F8142BA4
:10F7D000126A934280F08D802020029007AE1020A4
:10F7E000CDE900062A462046FAF79EFF0546002886
:10F7F000DDD1DDE90810424B0D9A9A42C4E90110AF
:10F8000029D06FF03305D2E7486900F0ADFBE06125
:10F81000002831D02168C86A00287FF47DAF88694C
:10F8200000F0A2FBA06238B3216876E7C00800F0C0
:10F830009BFBE06300B3216883E7A06A00F0A8FBAC
:10F840002368BBE7E06900F0A3FB2368B3E7E06B44
:10F8500000F09EFBB5E70E9AA3F18773A3F58063D2
:10F860009A42CED10C9B1A0C012A02D19BB2012BD9
:10F87000A7D96FF015059AE723689A6AC2B1DA6AC8
:10F880008AB11B6B4BB16FF00B059AE71D4B1E4AFB
:10F890001E4840F6230109F00BFEE06B00F078FBF8
:10F8A0006FF00B058DE7A06A00F072FB2368E8E7B4
:10F8B000E06900F06DFB2368E1E7154B124A13483D
:10F8C00040F6130109F0F4FD124B0F4A0F484FF4B4
:10F8D000026109F0EDFD104B0B4A0C4840F61F0188
:10F8E00009F0E6FD0D4B084A084840F6140109F0FE
:10F8F000DFFD0B4B0B4A0548122109F0D9FD00BF73
:10F900006C697474ECEA0400A0EB040044E90400A0
:10F9100054EA0400BCEA04008CEA040074EA04001F
:10F9200024E9040044EB040003689A6A10B5044615
:10F930002AB1DA6A52B11B6B7BB1002010BDC069DD
:10F9400000F026FB2368DA6A002AF4D1A06A00F0EE
:10F950001FFB23681B6B002BEFD1E06B00F018FB43
:10F96000002010BDE2B170B4561E0E4D02680E4468
:10F970004C1E14F8013F83EA020101F00F01A64278
:10F9800055F8211081EA121282EA131303F00F03D3
:10F9900055F8233083EA1212EBD170BC0260704735
:10F9A000704700BFACEB040010B5034B0360044686
:10F9B000FAF7BAFA204610BDF4EB040010B5054B77
:10F9C00003600446FAF7B0FA204604F0E9FA20464C
:10F9D00010BD00BFF4EB040008B500F0B5F900203D
:10F9E00008BD00BF70B501F5ED51CC0182B004F146
:10F9F0008006FF25012220460DF1070114448DF8F1
:10FA0000075000F0A7F9A642F4D1002002B070BD63
:10FA100008B501F5ED5102EBC110029A194600F04C
:10FA200099F9B0FA80F04009404208BD08B501F5E7
:10FA3000ED5102EBC1111846029A00F0A3F900281B
:10FA4000CCBF00200120404208BD00BF38B50021D6
:10FA50000546FAF789FA98B94FF46D24204604F563
:10FA6000805400F09BF958B1B4F5742FF6D12846B4
:10FA7000FAF79CFA28460021BDE83840FAF774BA34
:10FA800038BD00BF10B5074C07492046FAF754FAB5
:10FA9000064B23602046064A0649BDE8104008F0A0
:10FAA0005BBE00BFA88400201C610020F4EB0400B2
:10FAB00000600020A9F903002DE9F04F83B0019305
:10FAC000002B37D0DFF8749005460E4690461F464F
:10FAD000C6F30B0ACAF58054296906EA090BBC4231
:10FAE00028BF3C46594526441BD04B1C4FF480523E
:10FAF00008460ED0EB681BB16969984748B9296977
:10FB00002B6808469847D5E904016B684FF480528A
:10FB10009847AB686869C5F810B059464FF48052F1
:10FB20009847686941462246504409F05FFD3F1BF3
:10FB3000A044CDD1019803B0BDE8F08F00F0FFFFE5
:10FB400010B504460069431C12D0E3682BB161690B
:10FB50004FF48052984740B9206923689847D4E908
:10FB6000040163684FF4805298474FF0FF332361DC
:10FB700010BD00BF2DE9F84307691D467B1C0646F2
:10FB80008846144605D097420BD807F580539A4211
:10FB900030D3B368214640462A4698472846BDE8F8
:10FBA000F88353199F42F4D207F580539A42F0D25A
:10FBB000A7EB04094A462146B3684046E71B98472D
:10FBC0007A1908EB09004FF4805C0021624528BFD8
:10FBD00062467369174619444F4409F007FDBD4258
:10FBE000DCD9B368E11908EB0700EA1B98472846FF
:10FBF000BDE8F883A7EB040C0CF5805CE11B2A46FA
:10FC000040464FF00009E1E729DF704728DF7047E1
:10FC100012DF704708B509F0DBFCB0FA80F040094C
:10FC200008BD00BF10B5144609F0E0FC204610BD29
:10FC3000F0B583B0074600230DF1070016460C46C9
:10FC4000D5088DF80730FFF7E3FF01E000F040F939
:10FC50002A4621463846FFF7D7FF112803464FF0C2
:10FC60000100F3D0D3B99DF80730D3B907EB56079D
:10FC700004EB560401E000F02BF92A4621463846F1
:10FC8000FFF7C2FF112803464FF00100F3D02BB954
:10FC90009DF8073063B9304603B0F0BD002003B0D3
:10FCA000F0BD084B4FF0FF31186800F013FEDDE7A0
:10FCB000044B4FF0FF31186800F00CFE304603B0E3
:10FCC000F0BD00BF4C95002030B5184D296883B0B9
:10FCD0000446D9B1240B01E000F0FAF82046FFF702
:10FCE00095FF112803464FF00100F5D013B1002015
:10FCF00003B030BD0DF107008DF80730FFF788FF26
:10FD00009DF807304BB9012003B030BD0A2000F048
:10FD1000BFF928600028DDD1E9E728684FF0FF31FE
:10FD200000F0D8FD012003B030BD00BF4C9500208D
:10FD3000044B186820B100231A46194600F0DAB9BE
:10FD4000704700BF4C9500200148FFF7F9BE00BF87
:10FD50005461002010B4094CA0420AD3B0F5742FAE
:10FD600007D213465DF8044B0A4601460448FFF7E4
:10FD7000A3BE4FF0FF305DF8044B704700700200E7
:10FD80005461002010B40C46134601462246024836
:10FD90005DF8044BFFF7EEBE5461002030B5184DFE
:10FDA000296883B00446D9B1240B01E000F090F833
:10FDB0002046FFF72BFF112803464FF00100F5D036
:10FDC00013B1002003B030BD0DF107008DF80730EE
:10FDD000FFF71EFF9DF807304BB9012003B030BD7F
:10FDE0000A2000F055F928600028DDD1E9E72868ED
:10FDF0004FF0FF3100F06EFD012003B030BD00BFB9
:10FE00004C95002008B501210E2003F0B3F8012124
:10FE10000E2003F033F90021162003F0ABF8012186
:10FE2000192003F0A7F80121192003F027F9012177
:10FE30000B2003F09FF801210B2003F01FF9012193
:10FE40000D2003F097F801210D2003F017F901218F
:10FE50000C2003F08FF8BDE8084001210C2003F0CE
:10FE60000DB900BF0A490B4A0B4B9B1A03DD043B3B
:10FE7000C858D050FBDC094809494FF0AD32026048
:10FE800004300439FBD102F04BFEE7F7E1F9000042
:10FE9000E0110500006000209063002000F80320BE
:10FEA00000080000FEE7FEE7FEE7FEE7FEE7FEE7EC
:10FEB000FEE7FEE7FEE7FEE708B501F015FA4FF4AE
:10FEC0007A73A0FB0323900A40EA835008BD00BF69
:10FED000014638B54FF47A7200238002890D09F08B
:10FEE00057F9044601F000FA0546F4F7F1FC01F079
:10FEF000FBF9431B9C4200D838BD2C44201ABDE8B6
:10FF0000384001F029BB00BF10B5044601F080FD68
:10FF1000022804D02046BDE8104009F049BB01F09A
:10FF2000DBF9204609F044FB044601F085FA0CB1E8
:10FF3000204610BD04F05EF8FAE700BF10B5044695
:10FF400001F066FD02280AD144B101F0C5F920464E
:10FF500009F036FBBDE8104001F06EBA10BD204636
:10FF6000BDE8104009F02CBB10B582B0019001F043
:10FF7000B3F9019809F01CFB044601F05DFA14B1D5
:10FF8000204602B010BD04F035F8204602B010BD86
:10FF900050B110B5044601F09FF9204609F010FB5E
:10FFA000BDE8104001F048BA704700BF38B51C46A4
:10FFB0009DF8105043B3002908BF1A460123C4E935
:10FFC0000F01226084F8463002F07AF8D4E90F136A
:10FFD0002268A26001FB03F1CB1A134400200A44FB
:10FFE000FF21A063E36084F84410626084F8451048
:10FFF00004F1100004F01EF804F1240004F01AF8D3
:020000024000BC
:1000000002F068F884F84C50204638BDF8B5064632
:1000100017460D4669B100FB01F05030FFF7A4FF11
:10002000044690B3002200F1500380F8462003609C
:1000300007E05020FFF798FF044630B384F846509D
:100040002460C4E90F6502F03BF8D4E90F1322687D
:10005000A26001FB03F1CB1A134400200A44FF21E4
:10006000A063E36084F84410626084F8451004F1F2
:10007000100003F0DFFF04F1240003F0DBFF02F0C7
:1000800029F884F84C702046F8BD00242046F8BDBD
:10009000F8B5064650200D46FFF766FF044630B31C
:1000A00000272060C66380F84670076402F008F8F5
:1000B000D4E90F322168A76303FB02F39A1A0A44BA
:1000C0000B44FF26C4E90131E26084F8446004F186
:1000D000100084F8456003F0ADFF04F1240003F044
:1000E000A9FF01F0F7FF0223A56384F84C302046F6
:1000F000F8BD00BF2DE9F047044684B01F460192C9
:10010000884600F1240601F0DBFFA26BE36BDFF809
:1001100040939A424FF0000A7CD3022F00F0E8800F
:10012000019D002D00F0128102ADBAF1000F00F028
:10013000DB8001F0CFFF01F0CFF801F0C1FF94F8B0
:100140004430FF2B04BF002384F8443094F845303A
:10015000FF2B04BF002384F8453001F0BBFF284685
:1001600001A901F0FFFB002840F0F68001F0A8FF94
:10017000A26BE36B9A4261D001F0ACFF01F0A0FFEB
:1001800094F845506DB2002D05DC12E06B1E13F0A3
:10019000FF0F5DB20DD0636A304653B101F084FBAE
:1001A0000028F3D001F012FC6B1E13F0FF0F5DB2BC
:1001B000F1D1FF2384F8453001F08CFF01F080FF7E
:1001C00094F844506DB2002D15DD04F1100A04E0DE
:1001D0006B1E13F0FF0F5DB20DD02369504653B173
:1001E00001F062FB0028F3D001F0F0FB6B1E13F06E
:1001F000FF0F5DB2F1D1FF2384F8443001F06AFFB4
:1002000001F01AF901F05CFFA26BE36B9A424FF028
:10021000010A82D2226CA56B002A40F0E780266892
:10022000002E00F0F9800135A563636A002B7CD1B4
:1002300001F050FF012004B0BDE8F08704F1100A7E
:1002400001F048FF0199504601F0B2FA01F038FF81
:1002500094F845506DB2002D05DC12E06B1E13F0D2
:10026000FF0F5DB20DD0636A304653B101F01CFB45
:100270000028F3D001F0AAFB6B1E13F0FF0F5DB254
:10028000F1D1FF2384F8453001F024FF01F018FF7D
:1002900094F844506DB2002D05DC12E06B1E13F093
:1002A000FF0F5DB20DD02369504653B101F0FCFA47
:1002B0000028F3D001F08AFB6B1E13F0FF0F5DB234
:1002C000F1D1FF2384F8443001F004FF01F0B4F8C9
:1002D000002897D14FF08053C9F8043040BFBFF3D6
:1002E0004F8FBFF36F8F8DE7284601F02FFB20E77C
:1002F000226CA56B002A92D04146E06809F076F99D
:10030000226CE36821689B1A8B42E360C2F1000211
:1003100004D263681A44E260022F84D1002D83D195
:100320000123A363636A002B82D004F1240001F04F
:10033000BBFA00283FF47CAF454B4FF080525A6027
:1003400040BFBFF34F8FBFF36F8F71E701F0C2FE65
:10035000284604B0BDE8F08701F0B2FE94F845509D
:100360006DB2002D15DD04F1240604E06B1E13F0C0
:10037000FF0F5DB20DD0636A304653B101F094FABD
:100380000028F3D001F022FB6B1E13F0FF0F5DB2CB
:10039000F1D1FF2384F8453001F09CFE01F090FE7E
:1003A00094F844506DB2002D15DD04F1100604E000
:1003B0006B1E13F0FF0F5DB20DD02369304653B1B1
:1003C00001F072FA0028F3D001F000FB6B1E13F06D
:1003D000FF0F5DB2F1D1FF2384F8443001F07AFEC3
:1003E00001F02AF8002004B0BDE8F087414607BBC1
:1003F000A06809F0FBF8A368216C62680B44934283
:10040000A360FFF410AF0135A563636A2268A260A0
:10041000002B3FF40DAF88E76068013501F04EFB1B
:10042000A563636A6660002B7FF47FAF002883D1E9
:10043000FEE6E06809F0DAF8226CE36821689B1AAE
:100440008B42E360C2F10002BFF466AF61E700BF18
:1004500000ED00E0F8B50C4679B3002501232160DA
:10046000C1E90F3581F84630064601F029FED4E98E
:100470000F322168A56303FB02F39A1A0A440B4466
:10048000FF27C4E90131E26084F8447004F11000F0
:1004900084F8457003F0CEFD04F1240003F0CAFD9A
:1004A00001F018FEC4E90055E56084F84C602B4665
:1004B0002A4629462046FFF71DFE2046F8BD00BF0C
:1004C0002DE9F043044683B016469946EFF31188B0
:1004D000402282F31188806BE26B90421ED3022B84
:1004E00005D0002088F3118803B0BDE8F08394F8AC
:1004F0004550226CA76B6DB232BB2368002B47D0EE
:1005000001376B1CA76335D001356DB284F84550B7
:10051000012088F3118803B0BDE8F08394F84550BA
:10052000226CA76B6DB2002AE7D0002B38D1A068EF
:1005300009F05CF8A368216C62680B449342A360E5
:1005400024BF2368A360DBE7E06809F04FF8226C62
:10055000E0682168801A8842E060C2F1000205D29A
:1005600061680A44E260B9F1020FC9D1012F38BFB6
:100570000127C6E7636A002BCAD004F1240001F00A
:1005800093F90028C4D0002EC2D001203060A9E722
:100590006068019301F092FA019B63600137B0E754
:1005A000E06809F023F8226CE0682168801A88422C
:1005B000E060C2F10002D6D2D2E700BF10B582B02F
:1005C000EFF31184402383F31188836BC26B9A424B
:1005D0000FD990F845200133FF2A836353B20DD021
:1005E00001335BB280F84530012084F3118802B0FA
:1005F00010BD002084F3118802B010BD436A002BA7
:10060000F2D02430019101F04FF90028ECD001998B
:100610000029E9D001200860ECE700BF2DE9F04394
:10062000044685B00F46019201F04AFDA56B002DEE
:1006300040F02781019B002B00F0D28002A801F03E
:1006400085F9DFF88C8204F1240601F043FD00F007
:1006500043FE01F035FD94F84430FF2B04BF002326
:1006600084F8443094F84530FF2B04BF002384F80D
:10067000453001F02FFD01A902A801F073F900280F
:100680005BD101F01DFDA36B002B40F0AF8001F0AA
:1006900021FD0199304601F08BF801F011FD94F82D
:1006A00045506DB2002D05DC12E06B1E13F0FF0FFC
:1006B0005DB20DD0636A304653B101F0F5F8002801
:1006C000F3D001F083F96B1E13F0FF0F5DB2F1D18F
:1006D000FF2384F8453001F0FDFC01F0F1FC94F8B3
:1006E00044506DB2002D15DD04F1100904E06B1EBD
:1006F00013F0FF0F5DB20DD02369484653B101F0EE
:10070000D3F80028F3D001F061F96B1E13F0FF0F4E
:100710005DB2F1D1FF2384F8443001F0DBFC00F03E
:100720008BFE002853D14FF08053C8F8043040BFEF
:10073000BFF34F8FBFF36F8F49E001F0C1FC94F816
:1007400045506DB2002D05DC12E06B1E13F0FF0F5B
:100750005DB20DD0636A304653B101F0A5F80028B0
:10076000F3D001F033F96B1E13F0FF0F5DB2F1D13E
:10077000FF2384F8453001F0ADFC01F0A1FC94F8B2
:1007800044506DB2002D15DD04F1100904E06B1E1C
:1007900013F0FF0F5DB20DD02369484653B101F04D
:1007A00083F80028F3D001F011F96B1E13F0FF0F4E
:1007B0005DB2F1D1FF2384F8443001F08BFC00F0EE
:1007C0003BFE01F07DFCA36B53B101F083FC01F013
:1007D00077FCA56B002D54D1019B002B7FF435AF26
:1007E00001F078FC002005B0BDE8F08301F072FC58
:1007F00001F066FC94F845506DB2002D05DC12E066
:100800006B1E13F0FF0F5DB20DD0636A304653B11B
:1008100001F04AF80028F3D001F0D8F86B1E13F06D
:10082000FF0F5DB2F1D1FF2384F8453001F052FC97
:1008300001F046FC94F844506DB2002D15DD04F132
:10084000100904E06B1E13F0FF0F5DB20DD0236999
:10085000484653B101F028F80028F3D001F0B6F86B
:100860006B1E13F0FF0F5DB2F1D1FF2384F844300B
:1008700001F030FC00F0E0FD01F022FCA56B002D42
:10088000AAD0226C52B1E168636811449942E160D8
:1008900024BF2168E160384608F0A8FE013DA56349
:1008A00023692BB901F016FC012005B0BDE8F083E7
:1008B00004F1100000F0F8FF0028F3D0044B4FF0D3
:1008C00080525A6040BFBFF34F8FBFF36F8FE9E78D
:1008D00000ED00E02DE9F043044685B000F1240668
:1008E000019101F0EDFBA36BDFF8DC820027B94634
:1008F000002B40F0D780019D002D00F0418102AD1A
:10090000B9F1000F00F0DE8001F0E4FB00F0E4FC40
:1009100001F0D6FB94F84430FF2B04BF002384F889
:10092000443094F84530FF2B04BF002384F8453051
:1009300001F0D0FB284601A901F014F800285FD18E
:1009400001F0BEFBA36B002B40F0C88001F0C2FB9E
:100950002368002B00F01B810199304600F028FF2E
:1009600001F0AEFB94F845506DB2002D05DC12E0AD
:100970006B1E13F0FF0F5DB20DD0636A304653B1AA
:1009800000F092FF0028F3D001F020F86B1E13F066
:10099000FF0F5DB2F1D1FF2384F8453001F09AFBDF
:1009A00001F08EFB94F844506DB2002D15DD04F17A
:1009B000100904E06B1E13F0FF0F5DB20DD0236928
:1009C000484653B100F070FF0028F3D000F0FEFF5E
:1009D0006B1E13F0FF0F5DB2F1D1FF2384F844309A
:1009E00001F078FB00F028FD002853D14FF0805330
:1009F000C8F8043040BFBFF34F8FBFF36F8F49E09B
:100A000001F05EFB94F845506DB2002D05DC12E05C
:100A10006B1E13F0FF0F5DB20DD0636A304653B109
:100A200000F042FF0028F3D000F0D0FF6B1E13F05F
:100A3000FF0F5DB2F1D1FF2384F8453001F04AFB8E
:100A400001F03EFB94F844506DB2002D15DD04F129
:100A5000100904E06B1E13F0FF0F5DB20DD0236987
:100A6000484653B100F020FF0028F3D000F0AEFF5D
:100A70006B1E13F0FF0F5DB2F1D1FF2384F84430F9
:100A800001F028FB00F0D8FC01F01AFBA36BEBB1DE
:100A900001F020FB01F014FBA36B4FF00109002BC8
:100AA0003FF429AF2268013BA363002A00F088804D
:100AB0002369002B74D101F00DFB0127384605B0E6
:100AC000BDE8F083284600F041FF1DE701F002FB7E
:100AD000002F4AD1384605B0BDE8F08301F0FAFA9C
:100AE00001F0EEFA94F845506DB2002D05DC12E0ED
:100AF0006B1E13F0FF0F5DB20DD0636A304653B129
:100B000000F0D2FE0028F3D000F060FF6B1E13F05F
:100B1000FF0F5DB2F1D1FF2384F8453001F0DAFA1E
:100B200001F0CEFA94F844506DB2002D15DD04F1B9
:100B3000100904E06B1E13F0FF0F5DB20DD02369A6
:100B4000484653B100F0B0FE0028F3D000F03EFF5D
:100B50006B1E13F0FF0F5DB2F1D1FF2384F8443018
:100B600001F0B8FA00F068FC94E701F0A9FA616AB4
:100B700019B1236B1968C1F10501606800F0CEFF5F
:100B800001F0A8FA0027384605B0BDE8F08301F06F
:100B900097FA606800F04CFF074601F09BFADBE62D
:100BA00004F1100000F080FE002884D0064B4FF0C6
:100BB00080525A6040BFBFF34F8FBFF36F8F7AE709
:100BC00000F0E6FF606073E700ED00E0104B5A684C
:100BD000904208D0DA68904208BF012204D090F811
:100BE000463093B170470022002110B403EBC204D9
:100BF00043F8321090F84630616013B15DF8044B51
:100C000070475DF8044BFFF7C3B9FFF7C1B900BFE8
:100C1000A4A20020074B1A681AB19A6802B1704763
:100C2000012210B403EBC20443F8321060605DF897
:100C3000044B7047A4A2002070B504460E4615462A
:100C400001F03EFA94F84430FF2B04BF002384F8EF
:100C5000443094F84530FF2B04BF002384F845301E
:100C600001F038FAA36B002B45D001F029FA94F873
:100C700045506DB2002D15DD04F1240604E06B1E15
:100C800013F0FF0F5DB20DD0636A304653B100F030
:100C90000BFE0028F3D000F099FE6B1E13F0FF0F3F
:100CA0005DB2F1D1FF2384F8453001F013FA01F071
:100CB00007FA94F844506DB2002D15DD04F11006CA
:100CC00004E06B1E13F0FF0F5DB20DD023693046B8
:100CD00053B100F0E9FD0028F3D000F077FE6B1E61
:100CE00013F0FF0F5DB2F1D1FF2384F84430BDE86B
:100CF000704001F0EFB92A46314604F1240000F0BB
:100D000093FDB2E72DE9F041044601F0D9F9344AE8
:100D1000344D1368013313602B68002B30D0324EF2
:100D2000336833B3E36A3148314907680A689F4240
:100D300038BF03602F48013203EB83030A6000EBE6
:100D40008300E263211D03F085F901F0C3F93368E4
:100D50006BB12A68E36AD26A9A4208D2264B4FF0F6
:100D600080525A6040BFBFF34F8FBFF36F8FBDE813
:100D7000F0812A68E36AD26A9A4298BF2C60D2E76F
:100D80002C601368012B02D0E36A174ECBE7194899
:100D9000DFF89080194F144E03F04CF9184803F017
:100DA00049F9184803F046F9174803F043F9174882
:100DB00003F040F9404603F03DF9384603F03AF9B4
:100DC000134803F037F9134803F034F9124803F0DD
:100DD00031F9124B124AC2F800801F60E36AA2E7A1
:100DE000C09500205095002020960020D49500202A
:100DF000D09500205C95002000ED00E0EC950020EF
:100E0000709500208495002098950020AC950020D6
:100E10000C9600203896002024960020589500203B
:100E200054950020D89500202DE9F843DDE909C448
:100E3000002C66D0BCF1000F60D00D46960098469D
:100E40000223324684F85130A5210746C4F830C049
:100E5000604608F0F3FB2A7884F83420236B297865
:100E6000321F1A4422F0070601B36B7884F835303C
:100E70006B78DBB1AB7884F83630AB78B3B1EB7814
:100E800084F83730EB788BB12B7984F838302B79B4
:100E900063B16B7984F839306B793BB1AB7984F805
:100EA0003A30AB7913B1EB7984F83B30089D042DCF
:100EB00028BF04254FF00009E5626564201D84F811
:100EC0003B90C4F8489003F0C1F8C5F1050504F162
:100ED000180003F0BBF8C4F84C9042463946A561AF
:100EE000246184F850906462304601F0ADF82060CF
:100EF0002046FFF707FF2046BDE8F8836046BDE8BF
:100F0000F8832046BDE8F8832DE9F0479600804637
:100F100030460D469946FFF727F8002862D007466D
:100F20005420FFF721F8044600285FD00023076310
:100F3000324684F851303846A52108F07FFB2B78E3
:100F400084F834302B78D4F830A003B36B7884F86D
:100F500035306B78DBB1AB7884F83630AB78B3B131
:100F6000EB7884F83730EB788BB12B7984F8383014
:100F70002B7963B16B7984F839306B793BB1AB79FC
:100F800084F83A30AB7913B1EB7984F83B30089DA3
:100F9000042D28BF04250027E5626564201D84F820
:100FA0003B70A764043E03F051F8C5F1050504F158
:100FB0001800564403F04AF8E764A56126F00700DC
:100FC00084F85070246164624A46414601F03CF85E
:100FD000099B206003B11C602046FFF793FE0120AF
:100FE000BDE8F0874FF0FF30BDE8F0873846FEF7E8
:100FF000CFFF4FF0FF30F3E770B50446534E01F0DA
:101000005FF8002C00F08280251D284603F04AF886
:10101000A36A1BB104F1180003F044F829464C48B8
:101020004C4D03F017F894F85030012B04BF002307
:1010300084F8503001F04EF82B68002B57D13368FC
:10104000A34200D070BD2B68002B66D14049424AB4
:101050000968126891426AD0404B1B68002B68D126
:101060003F4A13603268336812681B6B9A4266D934
:101070003C4C3D4B226802EB8200800091001858E6
:1010800028BB501E00EB8005AD0081005D59002D8E
:1010900053D1901E00EB8005AD0081005D59002DFD
:1010A0004BD1D01E00EB8005AD0081005D59002DB5
:1010B00043D1101F00EB8005AD0081005D59002D6C
:1010C0003BD1053A02EB8200800091001858114490
:1010D00003EB810003464168496841600833994247
:1010E00004BF49684160CB683360226070BD00F086
:1010F000E7FF1E4B1A68126852B11A681C4BD2687F
:10110000D26852681A6000F0E5FF98E734687BE720
:10111000174B4FF0FF321A60F5E7164B4FF0805235
:101120005A6040BFBFF34F8FBFF36F8F70BD336006
:1011300070BD0B4B01221A6070BD0246C7E73068D4
:101140003168343102F054FF92E700BF509500201F
:101150002496002020960020C0950020CC950020E9
:1011600050960020D49500205C95002054950020D6
:101170000496002000ED00E098B130B51D4D2B68BD
:10118000834283B004460AD000F09AFF1A4B62698A
:101190009A4207D003B0BDE8304000F09BBF03B0D7
:1011A00030BD7047A36A154A9342F3D0002BF1D1AA
:1011B000211D0846019102F075FF114AE36A10688B
:1011C000019983420F4888BF136003EB830300EB50
:1011D000830002F03FFF2B68E26ADB6A9A42D9D3B0
:1011E000094B4FF080525A6040BFBFF34F8FBFF39F
:1011F0006F8FCFE750950020249600200C9600209A
:10120000D49500205C95002000ED00E070B584B01E
:10121000002503AA02A901A8CDE9015502F0ECFEC0
:10122000019C002C46D00298002843D0039E2063E6
:101230000223B6003246A52184F8513008F0FEF9A9
:10124000206B1F4B6363043E0644C4E91155201D07
:1012500084F8385084F83B50E56202F0F7FE04F160
:10126000180002F0F3FE26F0070605231549A361D6
:101270002A46E56430462461646284F8505000F0E8
:10128000E3FE20602046FFF73DFD0F4B1C6000F0A1
:10129000EFFD012811D1402383F311880B490C4A3B
:1012A0000C4B4FF0FF340C6010601D6000F0E2FE4C
:1012B00004B070BD044B00221A6004B070BD00BFC2
:1012C00049444C45DD15040000960020049600209A
:1012D000209600204C960020024A136801331360C8
:1012E000704700BFCC950020014B1868704700BFC5
:1012F0004C960020024A136818441060704700BFE3
:101300004C9600202DE9F04F404B1B6883B0002B1A
:1013100046D13F4B1E6801361E60002E4ED0DFF8CE
:1013200008B1DBF80030B3425FD83A4F3B681D6824
:10133000002D65D0DFF8F480DFF8F4A0DFF8F4903A
:10134000002522E0019102F0ADFEA36A019904F1AB
:10135000180013B102F0A6FE0199E36AD8F8002044
:1013600003EB830093420AEB800088BFC8F800308B
:1013700002F070FED9F800203B68E16AD26A1B686F
:10138000914228BF0125002B3AD03B68DB68DC681E
:101390006368211D9E420846D4D2CBF8003004E099
:1013A0001D4A13680133136000251C4B1B68002B7A
:1013B0000CBF2846012003B0BDE8F08F154B184A3A
:1013C0001868184914681C6010600A6801320A60C5
:1013D0001A6812685AB9DFF850B04FF0FF33CBF8F3
:1013E0000030DBF80030B3429FD90025DDE71B68F1
:1013F000DFF834B0DB68DB685B68CBF8003090E77F
:101400004FF0FF33CBF80030CFE700BFCC95002082
:101410004C96002054950020C8950020509600203E
:10142000589500200896002004960020D4950020AE
:101430005C950020509500202DE9F04F83B000F01E
:101440003FFE3A4B1A68013A1A601B68002B55D1CF
:10145000374B1B68002B51D0364D2B68002B62D0C8
:10146000354EDFF8EC80354FDFF8E8904FF0010A99
:10147000EB68DC6804F1040B04F1180002F012FEC2
:10148000584602F00FFEE36A326803EB8300934292
:10149000594608EB800088BF336002F0DBFD3B68F3
:1014A000E26ADB6A9A4231D3C9F800A02B68002BAC
:1014B000DED1234B1A681268002A2FD01A68214BFC
:1014C000D268D26852681A601F4E346844B1012550
:1014D000FFF718FF08B1C9F80050013CF8D134609B
:1014E000D9F8003053B1194B4FF080525A6040BFC9
:1014F000BFF34F8FBFF36F8F012000E000200190FA
:1015000000F0E8FD019803B0BDE8F08F2B68002BD8
:10151000AED10B4B1A681268002ACFD1094B4FF09D
:10152000FF321A60D0E7DFF82C90CDE7CC95002091
:10153000C09500200C960020D495002050950020E6
:101540005495002004960020C895002000ED00E08E
:101550005C9500205096002070B548B9184B4FF0AC
:1015600080525A6040BFBFF34F8FBFF36F8F70BD83
:10157000144A15491368154D013313600E6804466B
:101580002868043002F08EFD2B68A4195C600FD22D
:101590000F4B18682968043102F06CFD0D4B1A6876
:1015A000944238BF1C60FFF747FF0028D6D070BDBB
:1015B000094B18682968043102F05CFDF3E700BFAD
:1015C00000ED00E0CC9500204C96002050950020C6
:1015D0005495002004960020589500202DE9F84FDE
:1015E0003A4CDFF804913A4D3A4EDFF800813A4F19
:1015F000DFF8FCB02368EBB100F062FDD9F80C30E5
:10160000D3F80CA00AF1040002F04CFD2B68013B5A
:101610002B602368013B236000F05CFD9AF8513099
:10162000002B34D0012BE5D15046FEF7B1FC2368E6
:10163000002BE1D13368012B08D94FF08053CBF850
:10164000043040BFBFF34F8FBFF36F8F00F0E8FE51
:10165000D8F800301BBB3B68DB6A002BCAD133686B
:10166000012BC7D81D4B1E4A1B6812689B1A012B01
:10167000C0D91C4A136801331360D8F80030A3B1F5
:101680003B68DB6A03B93368FFF7D6FEB2E7DAF8E6
:101690003000FEF77DFC5046FEF77AFCAAE73B6877
:1016A000DB6A002BA6D13368A4E73B68DB6A002B1A
:1016B000EAD13368012BE7D8084B1868084B1B6840
:1016C000C01A0128E0D900F075FDDDE7C4950020BF
:1016D000C09500205C9500205095002004960020C5
:1016E0004C960020CC95002038960020D495002000
:1016F00000ED00E0294B1B681BB1294B01221A6049
:101700007047274A70B5274C136022682368126817
:101710001B6B9A423CD9244D244B2A6802EB820071
:1017200080009100185808BB501E00EB8006B600E0
:1017300081009E5956BB901E00EB8006B6008100CA
:101740009E591EBBD01E00EB8006B60081009E593C
:10175000E6B9101F00EB8006B60081009E59AEB9B5
:10176000053A02EB8200800091001858114403EB07
:10177000810003464168496841600833994204BFCB
:1017800049684160CB6823602A6070BD0246EDE77E
:1017900020682168343102F02BFCBCE7CC95002096
:1017A0005096002050950020D49500205C95002094
:1017B00070B5174D2B680C4603F1180102F05AFC66
:1017C000144B1E682868043002F06CFC631C17D0B0
:1017D0002B68A4195C6007D30F4B18682968BDE813
:1017E0007040043102F046BC0C4B18682968043183
:1017F00002F040FC0A4B1A68944238BF1C6070BD6E
:1018000029680848BDE87040043102F023BC00BFDD
:10181000509500204C9600205895002054950020AB
:10182000049600202496002070B5194D2B681646AA
:101830000C4603F1180102F00DFC164B5EB11B685B
:101840002868043002F02EFC29681348BDE8704077
:10185000043102F0FFBB1E682868043002F022FC4D
:101860002B68A4195C6007D30C4B18682968BDE885
:101870007040043102F0FEBB094B1868296804313E
:1018800002F0F8FB074B1A68944238BF1C6070BD29
:10189000509500204C96002024960020589500205A
:1018A000549500200496002030B5C368DC6804F12C
:1018B000180583B0284602F0F5FB1C4B1B683BBBA8
:1018C000211D0846019102F0EDFB194AE36A1068F8
:1018D00001998342174888BF136003EB830300EB31
:1018E000830002F0B7FB144BE26A1B68DB6A9A4282
:1018F00082BF124B01201860114B1A68126898BF02
:10190000002052B90F4B4FF0FF321A6003B030BDC8
:101910000D48294602F09EFBE5E71A68094BD2689C
:10192000D26852681A6003B030BD00BFCC95002069
:10193000D49500205C950020509500205096002002
:1019400054950020049600200C960020034A044B76
:1019500012681B68C0E90023704700BF089600208A
:101960004C960020F0B50D4683B0044600F0A8FB6D
:101970002B68144A591C10681DD0DFF84CC0D4E9FC
:101980000061DCF80070BE4208D0814206D8012018
:10199000019000F09FFB019803B0F0BD471ABB42D5
:1019A0000BD91B1A0B44DCF8001012682B600020C6
:1019B000C4E90012ECE70020EAE700232B600120D5
:1019C000E6E700BF4C96002008960020014B01225C
:1019D0001A60704750960020094B186818B9094BD7
:1019E0001B6813B1704700207047074A074B106807
:1019F0001B68013B984214BF01200220704700BFC2
:101A00000C9600205096002024960020C0950020BF
:101A1000054B1B6833B1054B1B68002B0CBF022024
:101A2000002070470120704720960020CC950020B0
:101A300070B5044682B0C8B11D4DC36A2A68D26A27
:101A4000934215D28269002A04DB2A68D26AC2F165
:101A500005028261174E626903EB830306EB830381
:101A60009A420ED02B68DB6AE362012002B070BD9F
:101A70002B68406CDC6AA0422CBF0020012002B021
:101A800070BD211D0846019102F00CFB2A680A4B2B
:101A9000D06A1A680199E062904200D9186000EBA0
:101AA000800006EB800002F0D5FA0120DEE700BFDF
:101AB000509500205C950020D495002068B130B589
:101AC000836CC16A426C013B914283B004468364DB
:101AD00000D023B1002003B030BD00207047011DAD
:101AE0000846019102F0DEFA0A4A636C1068E3626C
:101AF0008342094888BF1360C3F1050503EB8303E4
:101B000000EB83000199A56102F0A4FA012003B063
:101B100030BD00BFD49500205C95002070B130B579
:101B2000426CC36A914238BF11468B4283B004466F
:101B300002D0826C012A02D003B030BD70478269A6
:101B4000114DC162002A03EB83034269A8BFC1F1B2
:101B5000050105EB8303A8BF81619A42ECD1011D09
:101B60000846019102F09EFA084BE06A1A68019952
:101B7000904288BF186000EB800005EB800003B046
:101B8000BDE8304002F066BA5C950020D495002094
:101B9000044B1A681AB119688A6C01328A64186891
:101BA000704700BF509500202DE9F0431D4EDFF82F
:101BB0007C9085B04FF000080CE0DB68DC681F68A3
:101BC000251D284602F06EFA636A20469847E369AD
:101BD000012B0AD033681A68002AEED1124A116824
:101BE0003160136005B0BDE8F083A3693B449F42B8
:101BF000294610D3D9F80030002BEBD0CDE900876F
:101C00000294FFF705FF0023D9F800001A46694641
:101C1000FEF770FADEE730686360246102F02AFAAA
:101C2000D8E700BF5496002058960020D89800208E
:101C30002DE9F04F894E8A4CDFF82C82894DDFF870
:101C40002CA28BB03368D3F800B0BBF1000F00F0CA
:101C5000A980DB68D3F800B0FFF73EFBFFF744FB39
:101C600022688242814600F2AE808345206040F2C5
:101C7000BF8000222868ABEB0901FEF7DDFFFFF70C
:101C8000DBFB40B94FF08053CAF8043040BFBFF3CC
:101C90004F8FBFF36F8F2868002202A9FEF7BEFCAA
:101CA0000028CFD0029B002B73DBDDF81090D9F811
:101CB00014301BB109F1040002F0F4F9FFF714FB32
:101CC000236898420746C0F08580029B2760092B55
:101CD000E1D801A252F823F0011D0400011D040007
:101CE000011D0400971C04005B1D0400831D0400FB
:101CF000011D0400011D0400971C04005B1D04006D
:101D00000398D9F81830C9F81090C2182CBF0121D7
:101D10000021BA42C9F804205FD8381A834228D873
:101D2000D9F8243048469847D9F81C302868012B48
:101D3000B2D10028B0D0D9F81820039B0021134459
:101D4000CDE907390691FFF763FE002328681A469C
:101D500006A9FEF7CFF928689EE7039BC9F8109003
:101D6000DA19BA42C9F81830C9F8042039D8002B5A
:101D700091D0D8F8000009F1040102F07BF928683D
:101D80008AE799F82C30002B85D14846FEF700F9F8
:101D900081E7039BDDE904019847029B002BFFF6D6
:101DA0007AAF82E7FFF798FAFFF79EFA226890422F
:101DB000814608D3D8F80020C4F800901268B2FA1F
:101DC00082F2520956E7FFF7EFFEC4F80090FFF7E2
:101DD00033FB60E7FFF7E8FE77E7B84201D9002957
:101DE0009ED0306809F1040102F044F9286853E7F5
:101DF000FFF722FB3268D268D768391D0846019187
:101E000002F050F9F8690199012803D07B6A38463D
:101E1000984740E7BA693F610BEB0200484578609C
:101E200003D9306802F026F9F0E7A9EB0B039A42D8
:101E30000FD82B68002BE9D00023CDE9063B08978B
:101E4000FFF7E6FD002328681A4606A9FEF752F9B7
:101E5000DCE7D8F8000002F00DF9D7E7549600202F
:101E600084980020D89800205896002000ED00E0CB
:101E7000F0B51F4C89B000F023F92568F5B100F0EA
:101E800029F92068C0B1002407AA06A905A8CDE950
:101E9000054402F0BFF8DDE905310222CDE9002159
:101EA0000293079A134914482346FEF7BDFF134BCC
:101EB0001860001B18BF012009B0F0BD104F114E73
:101EC000384602F0B7F8304602F0B4F80E4A0F492F
:101ED00000950F4B17600E600E4A10212020FEF770
:101EE00065F820600028CAD00B49FEF793FEC6E7CC
:101EF000D898002088EC0400311C0400DC980020F5
:101F00005C9800207098002054960020589600207D
:101F1000889800205C96002080EC04002DE9F04FAA
:101F2000074685B03020884616461D46FEF71CF849
:101F30000446A0B1DFF8849000F0C2F8D9F8003070
:101F40008BB100F0C7F80E9B6362C4E90686276078
:101F50002562201D02F07AF8002384F82C302046F8
:101F600005B0BDE8F08FDFF858B0DFF858A0039354
:101F7000584602F05FF8504602F05CF80A4A0B49F6
:101F8000039B00932020C2F800B0C1F800A0084BCA
:101F9000084A1021FEF70AF8C9F800000028D0D03E
:101FA0000549FEF737FECCE75496002058960020EE
:101FB000889800205C96002080EC0400D8980020CF
:101FC0005C9800207098002050B5144E346885B09D
:101FD000C4B10529CDE9001202900BDCFFF718FD12
:101FE000022812D0002330681A466946FEF782F8AC
:101FF00005B050BD1A46204600236946FEF760FA38
:1020000005B050BD204605B050BD3068089A002389
:102010006946FEF76FF805B050BD00BFD8980020A4
:1020200010B5044682B000F04BF86069003818BF64
:102030000120019000F04EF8019802B010BD00BFE1
:10204000402383F31188FEE730B46FF00203084C9D
:1020500040F80C4C4FF0807540F8045C40F8081CC8
:1020600040F8202C40F8243C30BC4438704700BF76
:10207000412004000F4C08B5E02384F8223000F022
:102080007BF80D4B0D4A00211960D4F8883043F4D9
:102090007003C4F88830536843F0404353602369A9
:1020A00043F01003236100F069F9402383F31188A2
:1020B000FEE700BF00ED00E0E098002030EF00E018
:1020C000402383F31188024A136801331360704779
:1020D000E0980020034A1368013B13600BB983F3B7
:1020E00011887047E098002041DF704712DF704789
:1020F00070B51D4B00221A6082B01B680193019BD2
:10210000EFF31186402383F311881849184BD1F857
:1021100004451A601B680093009BFFF7E5F8201A3E
:1021200020F07F4323F0010320F07F459BB96C1E14
:102130006DB10025FFF7E6F8013C631C45EA000598
:10214000F8D125B10B4B4FF080525A6040BF86F357
:10215000118802B070BDFFF75BFC0228E7D0FFF7E3
:10216000D1F80546EDE700BF4011014000100140E5
:102170000011014000ED00E00B4B0C4930B41F2072
:102180000B4DC3F8080501220224E020C3F8042304
:102190002A601A60C3F8444381F811034FF40033F6
:1021A0000B6030BC704700BF0010014000E100E050
:1021B000081001402DE9F041054684B0EFF310828C
:1021C00072B6634CA36883B9624B63480121A16076
:1021D000D3F8801001402160C3F88000D3F8841048
:1021E00061604FF0FF31C3F8841002B962B65B4EF4
:1021F000D6F80485FFF7F0FB78B3594F594AAF4240
:1022000028BF2F4607EB080323F07F4301214FF03F
:10221000000CC6F80813C6F84035C2F800C01368B1
:1022200001934FF480330198C6F80433BFF34F8F06
:1022300025BBC6F80833156012684B4B0392039A0E
:102240001D601B680293434B029AC6F804134FF4B7
:102250000032D6F80415C3F88021A3685BB1EFF310
:10226000108272B63B4B2168196061685960002387
:10227000A36002B962B604B0BDE8F081F1EE103A95
:1022800023F09F03E1EE103AF1EE103A314D4FF496
:1022900080634022C5F8842103A8C5F884318DF8F5
:1022A0000CC0FFF723FF9DF80C30002B4DD12B46BF
:1022B00020BFD3F80011D3F804210A43F8D0274BEC
:1022C0002848294A4FF48031C3F8081300210160DF
:1022D000006803900398116012680292012202992B
:1022E000C3F80423D3F804351A4AA3EB080828F0EE
:1022F0007F48474528BF47464FF40033012FC2F8B7
:10230000803120D9781EFEF7F5FF184BDB68DA0123
:102310000FD5174A1368DB070BD5164B516803FB23
:1023200007F7A7F57427A7F51077BF0A01EB871702
:102330005760FEF7E7FF00288FD00F4B4FF0805219
:102340005A6040BF89E7F4D087E7FFF7CDFEB6E7D4
:10235000B8A2002000E100E0FC06FFBD0010014033
:10236000FDFFFF004011014000110140F0ED00E0D1
:10237000001000E040420F0000ED00E00748006858
:1023800080F3088862B661B6BFF34F8FBFF36F8FDB
:102390004FF0E00080F3118800DF00BF0070020002
:1023A000064B19680868B0E8F04F80F30988BFF35E
:1023B0006F8F4FF0000080F3118870475095002018
:1023C000EFF30980BFF36F8F144B1A681EF0100FE4
:1023D00008BF20ED108A20E9F04F10604DF8043D51
:1023E0004FF0400080F31188BFF34F8FBFF36F8F22
:1023F000FFF780F94FF0000080F3118808BC1968DE
:102400000868B0E8F04F1EF0100F08BFB0EC108A5B
:1024100080F30988BFF36F8F704700BF509500208D
:10242000704700BF114B1A78EAB90178104810B410
:102430000A464FF0804402F00102C1F34001C4F8A3
:102440008015C4F878250268D20706D4E02101225D
:1024500080F80013C0F880210260012205485DF871
:10246000044B1A7070470448704700BFB4A20020A4
:1024700000E100E00000AD0B0C00AD0B0C4B0122A5
:1024800030B4C3F88020BFF34F8FBFF36F8F094C78
:10249000094D0A490A4A00234FF0804023604FF457
:1024A00060742B60C0F8084330BC0B601370704739
:1024B00000E100E0E4980020E8980020EC9800207B
:1024C000B4A20020044B02684FF080414FF46070CA
:1024D000C1F808031A607047EC9800204FF0804361
:1024E0004FF46072C3F80423704700BF4FF080437D
:1024F0004FF46072C3F80823704700BF044B4FF0DD
:1025000080414FF460700022C1F808031A607047E0
:10251000EC98002010B54FF0804386B0D3F8044308
:10252000620705D5D3F8082103F58473002A4ED13C
:10253000A30603D52A4B1A68002A3FD1600603D5AB
:10254000284B1A68002A2FD1210602D5264B1A687B
:102550000ABBE20502D5254B1A6892B9A3050ED530
:10256000234B1A685AB100221A601A68214B05924F
:10257000059A1B68022006B0BDE81040184706B057
:1025800010BD00221A601B4A1B68049301201368C7
:10259000049A9847E2E700201860164A1B680393E4
:1025A0001368039A9847D4E700221A60124A1B68FE
:1025B000029301201368029A9847C5E7002018602B
:1025C0000D4A1B6801931368019A9847B6E70022E9
:1025D0001A600A4A1B6800931368009A9847A7E795
:1025E00014010040180100401C010040200100407F
:1025F00024010040EC980020E8980020E498002096
:102600002DE9F04F05799A4E05EBC50406EB840CD5
:1026100083B09CF81CE0BEF1000F40F0F780A700EB
:102620000068F251CCF8043091F80CC00B78BCF182
:10263000010F4FEAC50440F2DA801F2B87BFDFF895
:1026400034E203F01F0898464FF0A04E012707FA26
:1026500008F7CEF808751F2B8BBF03F01F071F4626
:10266000DFF810E24FF0A04E07F5E0774FF00108D9
:102670004EF827804F78FF2F00F0D0801F2F8ABFA1
:1026800007F01F09B946DFF8EC81009798BF4FF0BB
:10269000A04809F5E07A4FF0010E0EFA09FE4FF05E
:1026A0000309C8F80CE548F82A9091F802E0BEF159
:1026B000FF0F00F0AF80BEF11F0F91F80E8088BFB2
:1026C000DFF8B0B1CDF804E08EBF0EF01F0AF2467D
:1026D0004FF0A04B0AF5E07A4FEA88084BF82A80C1
:1026E00004EB050806EB880888F820E091F803E081
:1026F00088F81FE0BEF1FF0F2BD091F80490F04650
:10270000B9F1000F00F08E80BEF11F0F87BF594F47
:102710000EF01F0BF3464FF0A0474FF0010A0AFAE4
:102720000BFAC7F80CA5BEF11F0F88BF0EF01F08EB
:1027300004EB050E8CBFDFF83CB14FF0A04B08F561
:10274000E07806EB8E0E4FF0030A4BF828A08EF8C7
:102750001E90D1F808E0C0F80835009BC0F80C3591
:10276000019BC0F81035C0F824E54B7B003B18BF37
:102770000123BCF1020F74D0BCF1030F74D0BCF183
:10278000010F6BD0C0F854358B79C0F8C035002AE2
:1027900058D04022C0F80423072340F30732C0F882
:1027A0000035002A4B794FEA10304FDB5109890080
:1027B00002F1604201F1604102F5614201F56141BF
:1027C00001275B0100F01F00DBB207FA00F082F87E
:1027D0000033C1F8800108602C4406EB84062648CB
:1027E000002201237277337703B0BDE8F08F1F2BEF
:1027F00087BFDFF880E003F01F0898464FF0A04E37
:10280000012707FA08F7CEF80C7524E71B4803B038
:10281000BDE8F08F4FF0FF37019761E74FF0FF37CA
:10282000009742E7BEF11F0F87BF124F0EF01F0B3C
:10283000F3464FF0A0474FF0010A0AFA0BFAC7F827
:1028400008A570E70723C0F80035C5E70C4A00F07B
:102850000F005B010244DBB21376BDE743F00203D5
:1028600090E743F004038DE743F006038AE700BFD7
:10287000F0980020000300500000AD0B0500AD0BE8
:10288000FCEC00E02DE9F04F0779DFF898E107EB69
:10289000C70384460EEB830083B0457F002D40F0D4
:1028A000A2809B000C465EF8039016464FEAC708CC
:1028B000B9F1000F04D012F0140F04BF01234377C5
:1028C00008EB07050EEB850594E80F0095F81FA0AF
:1028D00005F10C0BBAF1FF0F8BE80F000FD0AB7FA7
:1028E000002B55D0BAF11F0F8DBF4A4A51464FF009
:1028F000A0420AF01F0101238B40C2F8083522686C
:1029000072B102F06043B3F1005F09D047440EEBAF
:10291000870E002340488EF81D3003B0BDE8F08FCD
:10292000A16821B101F06043B3F1005FEED1DCF8A2
:102930000030E0686568C3F844250022C3F84855B4
:10294000C3F83415C3F83805C3F81821D3F8182193
:102950000192019A16F0010218BF0122C3F8502516
:1029600016F0020218BF01223007C3F840255CBFF1
:1029700001221A61B9F1000F18D0284840227107CE
:102980004CBFC3F80823C3F8042303B0BDE8F08F9D
:10299000BAF11F0F8DBF1F4A51464FF0A0420AF0F7
:1029A0001F0101238B40C2F80C35A8E7D3F818218A
:1029B000002AFBD0BAF1FF0F29D047440EEB870E57
:1029C0009EF81E309BB1BAF11F0F88BF114A134801
:1029D00094BF4FF0A0420AF01F0A012303FA0AF342
:1029E000C2F80C3599E70E4803B0BDE8F08FBAF194
:1029F0001F0F88BF074A094894BF4FF0A0420AF052
:102A00001F0A012303FA0AF3C2F8083585E70348D1
:102A100083E700BF000300500A00AD0B0000AD0BC0
:102A20000B00AD0BF0980020194BD3F8182102B918
:102A300070470021174AC3F81811D3F81811D37F33
:102A400082B0FF2B019101990DD0917F99B11F2B7D
:102A50008ABF11484FF0A04003F01F03012101FA83
:102A600003F3C0F80C35002353771372D2E9003119
:102A70000A4802B018471F2B8ABF07484FF0A040F2
:102A800003F01F03012101FA03F3C0F80835EAE758
:102A900000300240F098002000030050F898002019
:102AA0001B4BD3F8182102B970470021194AC3F80B
:102AB0001811D3F8181192F8433082B0FF2B01910E
:102AC00001990ED092F84210A9B11F2B8ABF12486B
:102AD0004FF0A04003F01F03012101FA03F3C0F8F7
:102AE0000C35002382F8413082F82C30D2E90931CC
:102AF0000A4802B018471F2B8ABF07484FF0A04072
:102B000003F01F03012101FA03F3C0F80835E8E7D9
:102B100000F00240F0980020000300501C990020B3
:102B2000534B1B685A1C16D0524A082B12680ED001
:102B3000514AD2F8883043F47003C2F88830BFF3AA
:102B40004F8FBFF36F8F4D4B4D4A1A607047032A6A
:102B50002CD9082288E04B4A4B4B12781B68082A74
:102B60004FEA1313E4D113F00C0F1FD0454A464B24
:102B700012781B68082A4FEA1313D9D113F00C0FEF
:102B800027D0414B3F4A1B681278C3F30313082A2E
:102B9000CED1032BCCD84FF08043D3F80024D207FA
:102BA00044BF6FF00102C3F80024C1E7304A116846
:102BB0004FF080430022481CC3F80C21C3F81021B9
:102BC000C3F83825D2D02B4B08291A68B0D1032A74
:102BD000BFD84FF080522D4BD2F80414C3F8201503
:102BE000D2F80814C3F82415D2F80C14C3F8281529
:102BF000D2F81014C3F82C15D2F81414C3F83015F9
:102C0000D2F81814C3F83415D2F81C14C3F84015C0
:102C1000D2F82014C3F84415D2F82414C3F8481588
:102C2000D2F82814C3F84C15D2F82C14C3F8501558
:102C3000D2F83014C3F85415D2F83414C3F8601520
:102C4000D2F83814C3F86415D2F83C14C3F86815E8
:102C5000D2F840140648C3F86C15D2F84414026840
:102C6000C3F87015511C8CD0024B1B688FE700BF56
:102C7000300100103401001000ED00E06C61002014
:102C80000090D003E00F00F0E80F00F000C000401B
:102C900070B51F4D84B028684FF0FF3203A9FDF7CF
:102CA000BDFC0028F7D0039C237A6668052B0CD85E
:102CB000DFE803F02629211B1403D4E90523D4E916
:102CC0000301E4690094B047039C206810B1FDF74C
:102CD00035F9039C2046FDF731F9DCE7D4E90523FB
:102CE000D4E90301B047039CEFE7D4E90412E0689C
:102CF000B047039CE9E7D4E90301B047039CE4E74C
:102D0000B047039CE1E7E068B047039CDDE700BF04
:102D10003C9900202DE9F043304B314D5B6885B084
:102D2000C3F30803019001AF53B10023286839466B
:102D30001A46FDF7C5FB012809D105B0BDE8F083AF
:102D4000286839466422FDF7D5F90128F5D0DFF867
:102D50009480D8F80000002240000421FDF756F9C5
:102D600006460028E9D0DFF88090D9F80000FEF789
:102D700043F9FFF7A5F901E0FDF7BCF9002203A92B
:102D80002868FDF74BFC04460023642203A9304663
:102D9000002CF1D12868FDF719FF2E60FFF79AF992
:102DA000D9F80000FEF7E8F9D8F800300B4A286897
:102DB0005B00C8F800305368C3F30803394633B1E9
:102DC00023462246FDF77CFB05B0BDE8F083642274
:102DD000FDF790F905B0BDE8F08300BF00ED00E01D
:102DE0003C99002038990020409900202DE9F843B3
:102DF0009DF8206005460F46904699469EB1B0006A
:102E00000C30FDF781F8044658B10023C0F8048067
:102E10000672036005B147B90EBB2046FFF77AFF83
:102E20000120BDE8F8831020EBE73846FDF76CF889
:102E300080462060D0B13A46294606F0D7FB002EE6
:102E4000EBD0711EC9B209EB8101A9F1040252F85D
:102E5000043FAB4208BFC2F800809142F7D1B200F4
:102E6000494604F10C0006F0C1FBD6E72046FDF709
:102E700065F84046D5E700BF70B540230B4D82B0E2
:102E800004460022184604212B60FDF7BFF8084DC8
:102E9000084B019306460223009307492E60A2B215
:102EA00000230648FEF730F802B070BD38990020C4
:102EB0003C9900204099002090EC0400912C0400E3
:102EC000BFF34F8F0549064BCA6802F4E062134313
:102ED000CB60BFF34F8F00BFFDE700BF00ED00E008
:102EE0000400FA054FF08043194AD3F8001419483A
:102EF00030B41160D3F80054D3F80024164C1749AD
:102F00002A43C3F80024D4F84025026001224FF47C
:102F10000030C3F818259A60C1F88000BFF34F8FC6
:102F2000BFF36F8F0E4C03F588334FF0A0454FF47D
:102F300080304FF0FF31C3F84803C3F808035A60EC
:102F40009A60C5F80815C4F8081530BC704700BF72
:102F5000449900204899002000A0004000E100E0D2
:102F60000003005008B54FF080434E22C3F81C25E3
:102F7000FFF7A6FF20281BD83C4B53F820301F2B0F
:102F800086BF3B4A03F01F034FF0A0420E290FD823
:102F9000DFE801F0655F59534D474039322B241D5E
:102FA000160F080003F5E07340F2037142F8231096
:102FB000704703F5E07340F2036142F82310704755
:102FC00003F5E07340F2035142F82310704703F514
:102FD000E07340F2034142F82310704703F5E073B9
:102FE00040F2033142F82310704703F5E07340F2DA
:102FF000032142F82310704703F5E07340F20311F8
:1030000042F82310704703F5E0734FF4403142F863
:103010002310704703F5E0734FF4003142F823109A
:10302000704703F5E073134942F82310704703F526
:10303000E073114942F82310704703F5E07304214F
:1030400042F82310704703F5E0730C2142F8231077
:10305000704703F5E073032142F82310704703F52E
:10306000E073002142F82310704700BFFCEB04001E
:1030700000030050040002000C00030020280FD8B9
:103080000B4B53F820301F2B86BF0A4A03F01F0357
:103090004FF0A04229B1012101FA03F3C2F808352B
:1030A0007047012101FA03F3C2F80C35704700BFE5
:1030B000FCEB040000030050202818D80D4B53F8F7
:1030C00020201F2A8ABF0C494FF0A04102F01F02A6
:1030D000D1F8140501239340034214BFD1F804250D
:1030E000D1F81025134214BF0120002070470020A2
:1030F000704700BFFCEB040000030050202817D8E5
:103100000D4B53F820101F298ABF0C4A4FF0A042E4
:1031100001F01F01D2F8140501238B40034214BFB4
:10312000D2F80415D2F810150B4202D1C2F80835B6
:103130007047C2F80C357047FCEB040000030050E8
:10314000F8B5174682B105460E46002402E0013468
:10315000A74207D02B6816F8011B1B682846984722
:103160000028F4D12046F8BD1446FBE72DE9F041D4
:103170000C46D9B107688046084607F078F97B68A5
:10318000104A9342064615D1D0B1002504E001351E
:10319000AE4208D0D8F800703B6814F8011B4046D6
:1031A00098470028F3D12846BDE8F0810D4628460F
:1031B000BDE8F081024621464046BDE8F04118478F
:1031C0000546F0E7413104002DE9F0410C46D9B144
:1031D00007688046084607F04AF97B68104A934220
:1031E000064615D1D0B1002504E00135AE4208D025
:1031F000D8F800703B6814F8011B40469847002837
:10320000F3D12846BDE8F0810D462846BDE8F0819F
:10321000024621464046BDE8F04118470546F0E722
:1032200041310400F0B50446C3B0CBB2134A8DED72
:10323000000B02A84FF4807107F086F82368104A4B
:103240005D689542064610D102AF002503E00135C6
:10325000AE4207D023681B6817F8011B2046984729
:103260000028F4D1284643B0F0BD024602A920460A
:10327000A8470546284643B0F0BD00BF9CEC0400BB
:10328000413104002DE9F0470768DFF894A0D7F832
:10329000049004460E4600293AD0084607F0E7F8A5
:1032A000D145804622D1002836D0002503E00135E3
:1032B000A845276820D03B6816F8011B2046984790
:1032C0000028F4D12768D7F80490D14518D13B687D
:1032D0000D212046984730B1236820461B680A21FB
:1032E0009847B8B102352846BDE8F0870246314616
:1032F0002046C84727680546D7F80490D145E6D050
:10330000064920460222C84705442846BDE8F08702
:103310000D46DAE70135E6E70546D6E7A0EE0400FC
:103320004131040003680D4A70B55D6895420ED1C5
:103330001B680D210446984740B1236820461B684E
:103340000A21984700280CBF0120022070BD2B469F
:103350000349BDE870400222184700BF4131040014
:10336000A0EE04002DE9F0470768DFF894A0D7F835
:10337000049004460E4600293AD0084607F077F834
:10338000D145804622D1002836D0002503E0013502
:10339000A845276820D03B6816F8011B20469847AF
:1033A0000028F4D12768D7F80490D14518D13B689C
:1033B0000D212046984730B1236820461B680A211A
:1033C0009847B8B102352846BDE8F0870246314635
:1033D0002046C84727680546D7F80490D145E6D06F
:1033E000064920460222C84705442846BDE8F08722
:1033F0000D46DAE70135E6E70546D6E7A0EE04001C
:10340000413104002DE9F0410446C2B0CBB28DED4C
:10341000000B214A214F02A84FF4807106F094FF5F
:1034200023685D68BD42064622D10DF108080025DB
:1034300003E00135AE42236807D01B6818F8011B72
:10344000204698470028F4D123685E68BE4218D110
:103450001B680D212046984730B1236820461B6821
:103460000A219847B0B10235284642B0BDE8F08144
:10347000024602A92046A84723685E68BE42054668
:10348000E6D0074920460222B0470544284642B00C
:10349000BDE8F0810135E7E79CEC04004131040010
:1034A000A0EE04002DE9F0418AB000230546012A70
:1034B00098BF0A228DF8243009ACB1FBF2F602FB6A
:1034C0001610C3B209280F4603F130008ABF373304
:1034D000C3B2DBB2BA4204F8013D3146EDD92F68E0
:1034E000204606F0C4FF7B680F4A9342804612D103
:1034F00068B1002603E00136B04508D02F683B686C
:1035000014F8011B284698470028F4D1B0464046DD
:103510000AB0BDE8F0810246214628469847804619
:1035200040460AB0BDE8F0814131040070B506465E
:103530000D462AB90368BDE870401B68C9B2184738
:103540000A2A14460ED100290DDA03682D211B68C2
:10355000984722460346694230461C46FFF7A2FFC1
:10356000204470BDD2B2BDE87040FFF79BBF00BFE2
:1035700070B50446FFF7DAFF23680E4A5E6896428C
:1035800005460DD11B680D212046984730B12368B0
:1035900020461B680A21984748B10235284670BD6D
:1035A000054920460222B0470544284670BD013532
:1035B000F4E700BF41310400A0EE040070B50446FA
:1035C000FFF7B4FF23680E4A5E68964205460DD1A8
:1035D0001B680D212046984730B1236820461B68A0
:1035E0000A21984748B10235284670BD0549204652
:1035F0000222B0470544284670BD0135F4E700BFFC
:1036000041310400A0EE040032B9026810B413681E
:103610005DF8044BC9B21847D2B2FFF743BF00BFF1
:1036200032B9026810B413685DF8044BC9B2184788
:10363000D2B2FFF737BF00BF12B903681B68184743
:10364000D2B2FFF72FBF00BF70B50446BAB9026807
:10365000C9B2136898472368124A5E6896420546C5
:1036600016D11B680D212046984730B123682046AB
:103670001B680A21984790B10235284670BDD2B226
:10368000FFF710FF2368074A5E6896420546E8D0B8
:10369000054920460222B0470544284670BD013541
:1036A000EBE700BF41310400A0EE040070B5044612
:1036B000B2B903681B6898472368124A5D6895424F
:1036C000064616D11B680D212046984730B1236865
:1036D00020461B680A21984790B10236304670BDDB
:1036E000D2B2FFF7DFFE2368064A5D6895420646C0
:1036F000E8D0054920460222A8470644304670BD5E
:103700000136EBE741310400A0EE040070B5064637
:103710000D462AB90368BDE870401B68C9B2184756
:103720000A2A14460ED100290DDA03682D211B68E0
:10373000984722460346694230461C46FFF7B2FED0
:10374000204470BDD2B2BDE87040FFF7ABBE00BFF1
:1037500010B540220021044605F070FF0023C4E9A3
:103760001033204610BD00BF10B4D0E91024531C04
:1037700003F03F039C4218BF81545DF8044B18BF0F
:10378000036470470023C0E910337047D0E9102369
:10379000934206D05A1CC35C02F03F0242641846B2
:1037A00070474FF0FF307047D0E91030181A48BF0B
:1037B00040307047D0E91023934214BFC05C4FF0F3
:1037C000FF307047D0E91030013303F03F03181A7F
:1037D000B0FA80F04009704790F8A300704700BF2E
:1037E00038B590F99D30002B04460DDB5A0920486E
:1037F0002032012103F01F0301FA03F340F82230C5
:10380000BFF34F8FBFF36F8F2369002101224FF465
:103810008870C3F80803C3F84411C3F858115A60FC
:10382000DA6002E000F0D4FB2369D3F85821002AC3
:10383000F8D0D3F84421002AF4D04FF0FF3200250D
:10384000C3F8005504F11400C3F80C25C3F814257F
:10385000C3F80825C3F81025FFF794FFD4F8A40097
:10386000FDF7B4F9C4F8A45084F8A35038BD00BFE4
:1038700000E100E01430FFF797BF00BF1430FFF7FE
:1038800099BF00BF1430FFF781BF00BF90F8A3308D
:1038900003B9704710B54FF0FF310446D0F8A400CB
:1038A000FDF718F80023D4F8A4001A46BDE810402C
:1038B0001946FCF71FBC00BF10B503680F4A5B68D0
:1038C00082B093428DF8071012D104464FF0FF31B9
:1038D000D0F8A400FCF7FEFF9DF8073084F85D30B7
:1038E000226901231846C2F84835936002B010BD22
:1038F00001220DF10701984702B010BD0139040003
:103900002DE9F04716460AB30746884600F15D0ADE
:1039100000254FF00109741B402C28BF40244FF0B4
:10392000FF31D7F8A400FCF7D5FF08EB05012246CC
:10393000504605F05BFE25443B69AE42C3F848455E
:10394000C3F80890E7D82846BDE8F0871546284612
:10395000BDE8F087036870B51B6A744DAB4240F058
:10396000AE800A4690F8A3100446002940F09F80DC
:10397000036990F89F00C3F80C0594F89E00C3F803
:10398000140594F8A200012800F09D80C3F86C157E
:10399000B2F5966F45D9B2F5166F40F29F80B2F539
:1039A000965F40F29E80B2F5165F40F29C80B2F5C1
:1039B000615F40F29A80B2F5964F40F29880B2F57E
:1039C000E14F40F2968047F612218A4240F29380FE
:1039D000B2F5164F40F292804DF6C0218A4240F275
:1039E0009080B2F5614F40F28F80B2F5963F40F281
:1039F0008E80B2F5E13F40F28C80B2F5613F40F23B
:103A00008B804B498A4240F28D80B2F5E12F40F223
:103A10008680B2F5612F94BF4FF070624FF08052F4
:103A200001E04FF49E2294F99D00C3F8242508215B
:103A300004F15D020025C3F800150028C3F84425F1
:103A400004F15C01C3F820514FF001024FF4887576
:103A5000C3F83415C3F838251A60C3F8045327DBBC
:103A6000344D410900F01F062B186031B240602030
:103A700045F8212083F8000394F99D30002B07DBE3
:103A80002C4903F01F0001225B09824041F82320EA
:103A9000032200210120FCF7B9FA00231A46194637
:103AA000C4F8A400FCF726FB012384F8A33070BD02
:103AB000214A00F00F031A4460231376DCE7BDE8C7
:103AC00070400022184794F8A010C3F8101594F81D
:103AD000A110C3F80815C3F86C0559E74FF41D226F
:103AE000A1E7164A9FE7164A9DE7164A9BE7164A42
:103AF00099E7164A97E74FF4000294E74FF41D0246
:103B000091E74FF465028EE74FF46B028BE7104AA2
:103B100089E74FF0EB7286E74FF06C7283E74FF066
:103B2000E86280E74FF080627DE700BF553B04000C
:103B300090D0030000E100E0FCEC00E000B01300D6
:103B40000050270000F03A0000A04E0000C07500B1
:103B500000903A0190F8A330002B40F0B08070B58F
:103B60000369044690F89F00C3F80C0594F89E0082
:103B7000C3F8140594F8A20001284AD0B1F5966F55
:103B8000C3F86C2554D9B1F5166F40F2A080B1F599
:103B9000965F40F29F80B1F5165F40F29D80B1F5CF
:103BA000615F40F29B80B1F5964F40F29980B1F58C
:103BB000E14F40F2978047F61222914240F2948002
:103BC000B1F5164F40F293804DF6C022914240F27B
:103BD0009180B1F5614F40F29080B1F5963F40F28F
:103BE0008F80B1F5E13F40F28D80B1F5613F40F249
:103BF0008C804A4A914240F28E80B1F5E12F40F22A
:103C00008780B1F5612F94BF4FF070624FF0805202
:103C100010E094F8A000C3F8100594F8A100C3F8D0
:103C2000080542F00102B1F5966FC3F86C25AAD8D9
:103C30004FF49E2294F99D00C3F82425082104F135
:103C40005D020025C3F800150028C3F8442504F1DF
:103C50005C01C3F820514FF001024FF48875C3F89E
:103C60003415C3F838251A60C3F8045328DB2C4DEB
:103C7000410900F01F062B186031B240602045F862
:103C8000212083F8000394F99D30002B07DB2449A1
:103C900003F01F0001225B09824041F82320032228
:103CA00000210120FCF7B2F900231A461946C4F896
:103CB000A400FCF71FFA012384F8A33070BD7047FD
:103CC000184A00F00F031A4460231376DBE74FF421
:103CD0001D22AFE7144AADE7144AABE7144AA9E73F
:103CE000144AA7E7144AA5E74FF40002A2E74FF4ED
:103CF0001D029FE74FF465029CE74FF46B0299E7C2
:103D00000E4A97E74FF0EB7294E74FF06C7291E731
:103D10004FF0E8628EE74FF080628BE790D00300AF
:103D200000E100E0FCEC00E000B0130000502700D0
:103D300000F03A0000A04E0000C0750000903A016B
:103D40002DE9F8430025114E9DF820904FF47A7725
:103D50000446C0E9015740F8146B1F4616468846D2
:103D6000FFF7F6FC0A4BA4F8A25053F8272053F8AB
:103D7000293084F89E2084F89F30C4F8108084F89D
:103D80009D60C4F8A4502046BDE8F883ACEC040064
:103D9000FCEB0400044B53F8211080F89E1053F8FC
:103DA000223080F89F307047FCEB04000369D3F8A1
:103DB000102110B504463AB10022C3F81021D3F8FF
:103DC0003C2572B901221A60D3F8202102B910BD36
:103DD0000021D4F8A400C3F82011BDE81040FCF77E
:103DE000EDBB90F85C101430FFF7BEFC2369E9E7E7
:103DF00010B5114C2369D3F810213AB10022C3F851
:103E00001021D3F83C2572B901221A60D3F8202181
:103E100002B910BD0021D4F8A400C3F82011BDE8F8
:103E20001040FCF7CBBB94F85C1004F11400FFF7D2
:103E30009BFC2369E8E700BF4C99002038B50E4C85
:103E40000E4A20464FF47A73002540F8142BC4E93B
:103E50000153FFF77DFC0A4B0A48D3E906320221E1
:103E6000A4F8A250C4F8A450206184F89D1084F8EE
:103E70009E2084F89F3038BD4C990020ACEC0400A3
:103E8000FCEB04000020004008B5094B1BB10948B9
:103E9000F0F7A0FD48B9084B1BB10848FFF784FCB8
:103EA00000B908BDAFF3008008BDAFF30080F2E7B2
:103EB00000000000607800200000000060990020F1
:103EC00008B50020F0F7FEFCE5F7B2FA114BBBB1E4
:103ED000114B63B1E5F70AFB00F07AF8FFF7D4FF66
:103EE000E5F704FB00F074F8FFF7CEFFF2E7E5F723
:103EF000FDFA00F06DF8E5F7F9FA00F069F8F6E779
:103F0000E5F7F4FA00F064F8E5F7F0FA00F060F88D
:103F1000F6E700BF00000000893E040000B583B052
:103F2000FEF7E0FFFBF76EFF0E4B019301230E49F6
:103F300000934FF4806200230C48FCF7E5FF4FF438
:103F40004070FEF799FFFDF761F9BFF34F8F084905
:103F5000084BCA6802F4E0621343CB60BFF34F8F93
:103F600000BFFDE7F4990020D8EC0400C13E040036
:103F700000ED00E00400FA0538B507480C46154688
:103F8000F0F75EFE00B938BD2A4621460248BDE87A
:103F90003840F0F769BD00BF60780020FBF7B4BF80
:103FA000FBF7CCBF084A094908B513681844884292
:103FB00002D81060184608BD05F0AAFA0C23036069
:103FC0004FF0FF33184608BD7061002000F8032051
:103FD00008B5F0F77DFC054B4FF080525A6040BFAA
:103FE000BFF34F8FBFF36F8F08BD00BF00ED00E040
:103FF000704700BF704700BF044B036010B46423D8
:10400000034C0C605DF8044B13607047F899002076
:104010004C9A0020054B036010B44FF48073044C9D
:104020000C605DF8044B1360704700BFDC9B002000
:10403000309C002000F108034FF0FF310022C0E95E
:104040000333816002604360704700BF0023036157
:10405000704700BF4368026810B49C688C609C681D
:104060004B600132616099605DF8044B0861026049
:10407000704700BF30B40D686B1C10D000F108030E
:104080001C465B681A68AA42FAD902684B60013282
:1040900099608C606160086130BC0260704704699F
:1040A0006368F2E7036910B4D0E901125C688A60C2
:1040B0008442516008BF5A601A685DF8044B0021C1
:1040C000013A01611A601868704700BFF0B50546F3
:1040D00099B01F4600230E46144605A81946032230
:1040E000D5F8D05001F062F938BB0146AD00082385
:1040F00003AA05A8CDE9034501F098F9E8B96119CB
:1041000005A801F0B7F9C0B937B9234610223146E6
:1041100005A801F0C7F980B905F1100302A90191C2
:1041200000941946324605A8029301F0F9F9044BB0
:10413000002818BF184619B0F0BD014819B0F0BDED
:10414000360CF0002DE9F04F864C80469E460F4617
:1041500094460FCCB7B00DF11C0A55460FC594E834
:104160000F0004F1100685E80F000FCE0FAD0FC54C
:1041700096E80F00303485E80F000FCC17AD0FC55F
:104180000FCC0FC594E80F00D8F8D040CDF80CE064
:10419000042C85E80F0001D0082C6BD1409A231D18
:1041A000B2EB830F4FEA830B03D06F4837B0BDE803
:1041B000F08F07EB0C019CFA8CF30CF118060CF154
:1041C00009003B609BFA8BF5802326F00F06321A1C
:1041D0007D6038440B72002101F09CFD409B1B095F
:1041E000ABF1100B00F0BB80042C47D0DDF80C9035
:1041F000CDF808B04B4617ADB1464FF0000823ACE0
:10420000BB461E4624E0029FCDF814A0069701F09D
:104210000DF903462946204610353BBB01F02AF92B
:1042200084464FF0100E4B465A4649462046BCF194
:10423000000F1BD10DEB0E07CDE90067CDF810E0A4
:1042400001F06EF9103688B9409BB8EB131F58D2B5
:10425000002319460222204601F0A8F8014608F181
:104260000108082305AA20460029CCD03F4837B0D2
:10427000BDE8F08F3E4837B0BDE8F08FDDF80C9018
:10428000CDF808B033460FAD4E464FF0000823ACD2
:10429000BB46994626E0029FCDF814A0069701F090
:1042A000C5F80346294620461035002BDED101F023
:1042B000E1F884464FF0100E4B465A4649462046D8
:1042C000BCF1000FD2D10DEB0E07CDE90067CDF8A0
:1042D00010E001F025F910360028C7D1409BB8EB5B
:1042E000131F0ED2002319460222204601F05EF869
:1042F000014608F10108082305AA20460029CAD072
:10430000B4E7DDF808B0039D0023194601222046DA
:10431000CDE9055B01F04AF801460028A6D1082343
:1043200005AA204601F082F800289FD105EB0B0179
:10433000204601F09FF80146002897D1409A284670
:1043400001F0E8FC409B009540A901912A462046D7
:10435000194601F0E5F800283FF428AF86E723ACC2
:10436000D1E700BF50ED0400230CF000360CF00044
:10437000210CF0002DE9F04F2DED028B164687B091
:1043800007321C46D308129D0393002800F0BC801E
:104390000F46002900F0BF80002C54D0BDF80C104F
:1043A0008046204600F0BCFF0228064640F2AA8064
:1043B00003285DD12378032B40F2A480039B681C63
:1043C000591E0123019301F0A7FC019B0493019B5B
:1043D00076429AB206F007064FF0FF0A4AFA06FA4A
:1043E00008EE102A5E1E4FF6FF72103B5FFA8AFA43
:1043F0002E440292059318EE101A2A464046B847FA
:1044000000287DD133780AEA03033370049B102B14
:1044100040D0BDF8043022461946284600F0ACFED4
:10442000022852D0029B013B0293E4D13E4B0399F8
:104430000193284601F070FC019B184607B0BDECC3
:10444000028BBDE8F08F99B22A461C46B847034656
:104450000028ECD1611E70076A5C42F080025CD1DA
:104460006A540023184607B0BDEC028BBDE8F08FFC
:10447000039B00F10709A3EBD90105EBD90001F07B
:104480004BFC4FEAD903B9F1870F019388BF102382
:1044900004939CE7059B05EB030904EB030B07E082
:1044A000002BB6D0B84758BB33780AEA0303337001
:1044B000102319465A46484600F05EFE0346022B7A
:1044C0004A464FF010014046EAD1019B002BC8D06C
:1044D000013DE918012315F8012F13448D422B707B
:1044E0004FEA2323F7D1019B013C2344022214F815
:1044F000011F0A449C4222704FEA2222F7D1B0E702
:10450000034694E7094B92E7094B184607B0BDEC08
:10451000028BBDE8F08F074B8FE7764206F0070667
:1045200032416A5489E700BF010CF000320CF00000
:10453000250CF000140CF0002DE9F0438FB08846F4
:1045400007A91746044601F0A5FA054600284ED1F2
:10455000D4F8D050042D01D0082D4ED1D4F8C43059
:104560000C2B62D8B8F1000F45D02E1D760106AA9B
:1045700004ABCDE90032029707A905AB0022204623
:10458000059600F0DFFD00283CD1069B0498D4F886
:10459000C42023F00303083304F184091844920073
:1045A000494601F0B3FBD4F8C400069A04992B1DC8
:1045B0009E0002EB800200964B4620460692FFF7D3
:1045C000C1FD054650B9B8F1010F33D0034622466C
:1045D00049462046FFF77AFDB0B105462046E42162
:1045E00001F09AFB38464FF4BF5101F095FB284685
:1045F0000FB0BDE8F0836E01B9E71B4D28460FB040
:10460000BDE8F083194DE9E7D4F8D430012243F036
:104610000103C4F8D430C4F8CC2000234846C4F8C1
:10462000C430402101F078FBDCE7114D28460FB083
:10463000BDE8F0833146204601F06EFB2B46224652
:1046400049462046FFF742FD0028C6D1D4F8D430B1
:10465000084AC4F8CC8023F4803343F00103C4F843
:10466000D430C4F8DC20D8E7210CF000260CF00090
:10467000040CF000CDAB23012DE9F04F9DB00028D4
:1046800000F03B811646002A00F03D810D4621B91D
:104690008B4658461DB0BDE8F08FB14F04464FF031
:1046A000FF31386801F058FB002840F01981AD4B0C
:1046B000D4F8DC209A4216D0DFF8B8B2294630464A
:1046C00001F02AFBD4F8C430002B40F00D8138688B
:1046D00001F05CFB0028DCD0A34801F0EBFA58465F
:1046E0001DB0BDE8F08FD4F8D430DA0740F10E8168
:1046F000D4F8CC30113300F20F81D4F8D080B8F167
:10470000040F05D0B8F1080F02D0DFF86CB2D5E77E
:10471000D4F8C4200C2A00F2FC8004F14003029378
:1047200004F1840A002A00F0FD809200514604F151
:10473000480001F0EBFAD4F8C420029908F1040310
:104740009B000093920053462046FFF7FBFC8346F4
:104750000028B3D10346224651462046FFF7B6FC57
:1047600083460028AAD104EB88090122D9F80C302D
:104770001BBA9B181BBAC9F80C304FEA880B16D32A
:10478000D9F808301BBA9B181BBAC9F808300ED3E9
:10479000D9F804301BBA9B181BBAC9F8043006D3E9
:1047A00054F828301BBA13441BBA44F828300023AD
:1047B00009A81946032200F0F9FD002840F0AF8057
:1047C0000146082307AA09A8CDE9074B00F02EFEF1
:1047D000002840F0A480494609A800F04BFE0028BC
:1047E00040F09D80614AD4F8D4301A4200F0A28093
:1047F0002B0915F00F0B049300F0998001330493FB
:10480000CDF80CB05B469D420DD0EA1A11463046F9
:10481000059201F081FA059A3346314609A800F065
:1048200041FE00287BD104F1300B1022029859463A
:1048300001F06CFA5846102101F06EFA102306A917
:104840000191CDF800B009A85A461946069300F028
:1048500067FE002863D1039AA81A3044594601F034
:1048600055FAD4F8D430DB0509D45A460298049B93
:10487000314600F0CBF9834600287FF41FAFD9F80A
:104880000C30049A1BBAD3181BBAC9F80C3017D3D2
:10489000D9F8083001221BBA9B181BBAC9F8083096
:1048A0000ED3D9F804301BBA9B181BBAC9F80430D0
:1048B00006D354F828301BBA13441BBA44F82830E6
:1048C0005146012322462046FFF700FC834600287C
:1048D0007FF4F4AED4F8CC300133C4F8CC30F1E638
:1048E000234801F0E7F9E2E60023C4F8C43004F1FC
:1048F0008400402101F010FAE9E6DFF880B0584664
:104900001DB0BDE8F08FDFF878B0C2E6DFF874B014
:10491000D4E6DFF874B0D1E6DFF870B0CEE6DFF8A9
:1049200070B0CBE65046402101F0F6F91BE71023AA
:10493000039368E704F1300318461021039301F054
:10494000EBF9039B1022194609A800F0ABFD0028E3
:10495000E5D1D4F8D43043F48033C4F8D43047E7F9
:10496000C4A20020CDAB2301F8EC0400000101003B
:10497000E0EC04000E0CF000210CF000270CF0001D
:10498000000CF000080CF000040CF000070CF00024
:10499000360CF00070B5002849D00D46002943D0F0
:1049A000244E04464FF0FF31306801F0D5F990BB3A
:1049B000002001F021FA50BB20462A460121FFF7D2
:1049C000BBFD0446012001F017FAB8B9306801F0C8
:1049D000DDF950B9012001F00FFA08B9204670BD89
:1049E000154801F067F9204670BD144801F062F9DE
:1049F000012001F001FA0028F0D0F1E70E4801F0A3
:104A000059F9306801F0C2F90028E3D0EDE70C480D
:104A100001F050F9D0E70B4801F04CF9002001F00B
:104A2000EBF90028C8D0F2E7074C204670BD074CD0
:104A3000204670BDD4A2002030ED0400F8EC040044
:104A400010ED0400E0EC0400200CF000250CF00058
:104A500000284CD0F0B50D4689B0002938D0044666
:104A6000E42101F059F901A9204601F013F810B131
:104A7000204809B0F0BD204F4FF0FF31386801F0F9
:104A80006BF980BB002001F0B7F940BB01A92A46B1
:104A9000204600F063FB0646012001F0ADF9D0B9D5
:104AA000386801F073F978B9002EE1D12046E4218D
:104AB00001F032F929462046FFF76CFF0F4B002822
:104AC00018BF184609B0F0BD0D4801F0F3F8EBE748
:104AD0000C4809B0F0BD0C4801F0ECF8E0E70B48D9
:104AE00001F0E8F8D2E70A4801F0E4F8CAE709481B
:104AF000704700BF110CF000D4A20020120CF0008F
:104B0000F8EC0400200CF00030ED040010ED04007F
:104B1000E0EC0400250CF00030B4029D4DB1064DD0
:104B2000941EAC4202D830BCFFF724BC034830BC12
:104B30007047034830BC7047FDFF0700310CF000A0
:104B4000300CF00038B504464FF4806001F040F9B5
:104B5000054D06480649074A00232B6003600B6891
:104B60002360136038BD00BFC8B102502CB10250A1
:104B700004B1025008B102500138072805D8DFE817
:104B800000F00A0E041204040406094870478B69F9
:104B90008B6000207047CB688B60002070470B69EA
:104BA0008B60002070474B698B600020704700BF0E
:104BB000310CF1000B6802E0082B0B6006D842684C
:104BC00013424FEA4303F7D0002070470048704774
:104BD000310CF100084B094A002119601368002BC1
:104BE000FCD107480749084A03604FF480604FF042
:104BF000FF330860136070472CB1025010B90250A7
:104C0000C4B1025008BA025008B10250012BF8B5E5
:104C100016461CD010221D460C4601F05FF8E0B18C
:104C2000AF1E314604EB0710102201F057F8A0B177
:104C3000022D0ADD0025204610342146102201F005
:104C40004DF8013548B1BD42F5D10020F8BD1146FF
:104C5000102201F043F80028F7D10148F8BD00BF49
:104C6000020CF000002877D0F8B50C46002971D06E
:104C70001D46002B6ED0064622B1012200232A6079
:104C8000C0F8D8302B68002B62D029462046FFF7A9
:104C900091FF00285BD128682146FFF76DFF0028AF
:104CA00055D1364B3649374A01271F609C460F6065
:104CB000CCF80070A368136011688B42F8D1324FB2
:104CC0003249334A334B4FF0000CC7F800C0042779
:104CD0000F600A2111606FF03A021A60079B012BE6
:104CE0004FF080533AD0D3F8002C013243D0D3F8A0
:104CF000002C294BA3FB02321209A368274C284938
:104D0000284F03FB02F303EB4303DB039B09236000
:104D1000254B2C680C601A60069A244C3A604FF4BC
:104D20008062226001224FF0FF3441F8C44C43F806
:104D30000C2CD6F8D8302A6823F07F4343EA02636C
:104D4000C6F8D8302A6843EA0223C6F8D830F8BD3E
:104D50001748F8BD1748F8BD16487047D3F80C2C13
:104D6000013206D0D3F80C2C0B4BA3FB0232FA40D5
:104D7000C3E71622C1E70622BFE700BFC4B1025055
:104D800040B1025030B102502CB102500CB102506F
:104D900038B1025000B10250ABAAAAAAD8B1025051
:104DA000CCB10250D0B10250D4B1025008BA025076
:104DB000310CF100350CF100F0B4C900002401F110
:104DC000FF3C2646274606E09F4216D00126654551
:104DD00019D82C461F46630904F01F0150F82330F0
:104DE0001F2923FA01F304F1010518BF03F00103A1
:104DF000002CE9D101263546EBE701369642E6D193
:104E00000248F0BC70470020F0BC7047360CF1003F
:104E1000002861D02DE9F0414C1EB4F5047F27D263
:104E200033B32AB3CD00012B05F1FF3E30D0002172
:104E30008C460F460E4603F1FF384C0901F01F0562
:104E400050F824401F2D24FA05F418BF04F0010483
:104E500021B90126B44631462746EEE7B34213D0C6
:104E6000A74201D10CF1010C464504D1624502D2A2
:104E70001A48BDE8F0813C4601318E4506F1010635
:104E8000EAD20020BDE8F08100264FF0010CF3E7E4
:104E90000026B44637463446610904F01F0350F833
:104EA00021101F2B21FA03F118BF01F001013CB1C1
:104EB0005FB98C4501D0614608E00136614605E0E6
:104EC000012634468C460127E6E73E46B242CFD360
:104ED0000134AC42F6D1D4E700487047370CF100FA
:104EE0002DE9F04F89B01D46149BDDF84CA0044617
:104EF0000E4617464BB94FF08053D3F8002C0132C1
:104F000000F0A980D3F800BC08E04FF08053D3F83C
:104F10000C2C013200F0A280D3F80CBC7C480AF5BE
:104F2000C1622A60129A00234FF0FF31136000F033
:104F300013FF002840F08680764A774B774910604F
:104F40000432196013680693069BD907FAD5714A93
:104F5000714B002111601B6807930432136807939B
:104F6000079BDB07FAD56C4B6D4A1B680793DDF88E
:104F70001C9013680793079BD807FAD5644800F084
:104F800005FF00285AD1654B994540F0B680D4F80A
:104F9000D43013F400790ED1D90512D52B68129AAA
:104FA0001B6813603BB1D4F8D4309B055BD54846F1
:104FB00009B0BDE8F08FDFF87C91484609B0BDE844
:104FC000F08F002F00F08780564A574B1168B26867
:104FD0001B689A4245D10A2943D194F8DB300593E6
:104FE0000AF5C26A042500274FF0805804A8FFF78D
:104FF000A9FD0498820602D510F01A0039D0D4F821
:10500000D810059A0B0A03F47F030B4323F07F4368
:10501000082AC4F8D83077D0149B4FEA420CCDE967
:105020000073002205AB31462046CDF814C0FFF7CF
:1050300019FE00285FD1013DD8D1B4E73B4800F00C
:1050400039FEA0E73A48DFF8F09000F033FE48461A
:1050500009B0BDE8F08F4FF0900B5FE74FF4047B91
:105060005CE7DFF8D890FFF7B5FD484609B0BDE82A
:10507000F08F129B5246C3F800B0594600F03CFD39
:10508000002838D1D8F8043C129A013318BFD8F858
:10509000043C116808BF51230293D8F8083C01333F
:1050A0002ED0D8F8083C03934B1EB3F5047F0FD2E3
:1050B000029A02915046FFF77FFE48B90299039A7F
:1050C0004FF480635046FFF7A3FE00283FF46BAF18
:1050D000129B1F6093E723F00F03C4F8D430149B96
:1050E0000122CDE90093314605AB2046FFF7BAFD1A
:1050F00000283FF475AF814655E7DFF83C9056E74E
:1051000040F237330393CFE7DFF834904BE700BF2B
:10511000DCA2002004BF025000BF025012FA12FAB3
:1051200008BF025038B1025030B10250F8EC040010
:10513000E0EC0400330CF000350CF000300CF10012
:10514000320CF10030B4DDE90234049D02940024F5
:10515000CDE9035430BCFFF7C3BE00BF10B586B025
:1051600005AB0124CDE901240093002204ABFFF735
:10517000B7FE06B010BD00BFF0B4441831B114F84A
:10518000015D4E1E15B931460029F8D1D41833B14E
:1051900014F8015D5E1E45B93346002BF8D10D1E93
:1051A00018BF01252846F0BC70478B4222D325D872
:1051B0004C1EA64228BF2646002E23DB013694193A
:1051C0000025821904E0012D38BF012590420BD043
:1051D00012F8016D14F8017DB742F4D3F6D9002D11
:1051E00008BF02259042F3D18B4218BF0025284604
:1051F000F0BC704701252846F0BC704702252846C0
:10520000F0BC70470025EFE79942F0B50DD801EBEF
:1052100003044FEA540467D3002C7DD04FF0000CF8
:10522000171F2146051F624632E003F1804C0CF146
:10523000FF3C051F002600EB8C0C05EB810E34466D
:105240005CF8047FE64546EA0706F9D116F1FF3718
:1052500044F1FF3C6FEA0C0C99420CF0010C3ED279
:1052600001F1804E0EF1FF3E171F02EB8E0507EB9A
:10527000830355F8042FAB4246EA0206F9D116F132
:10528000FF3644F1FF32D24302F0010291B3051F11
:10529000002305EB810E28463C46194650F8046F62
:1052A00054F8045FAE4218BF002103F0010318BF99
:1052B000002388BF41F0010138BF43F00103864558
:1052C000ECD1A9B182F00100BCF1000F00D108407F
:1052D0008CF0010402B91C4000EB4400F0BDC3B1E6
:1052E000171F19460022D3E700263446B446B7E715
:1052F000002BE7D1BCF1000F03D132B16046144658
:10530000EAE782F001000023E2E710461346144664
:10531000E1E760461C46DEE720462346DBE700BFA8
:105320004218084630B112F8013D411E1BB908462B
:105330000028F8D170471A064FEAC00018D4590661
:1053400000F1FF3215D49906A0F1020211D4D9065A
:10535000A0F103020DD41907A0F1040209D45907E2
:10536000A0F1050205D49B07A0F1060201D407387D
:1053700070471046704700BFA1B100EB810001E00B
:1053800001390FD050F8043D002BF9D04801A0F1AD
:10539000200202E00138904206D0002B4FEA43037E
:1053A000F8DA704708467047704700BF78B3032AA1
:1053B00070B50E461546044601D9052A1CD1012EAA
:1053C00018D8ABB9022D19D0052D17D04C21204685
:1053D00000F0A2FC052D88BF4FF0FF3213D900204A
:1053E0000123C4E90826C4E90B00C4E90D3370BDEC
:1053F000094870BD094870BD094870BD56B94C21B7
:10540000204600F089FC074B53F82520E7E74FF4CE
:1054100070007047044870BD0E00F0000600F000F8
:105420000200F000C0ED04001200F000C8B110B599
:105430000C4682B18CB9082B0DD15368102B0ED1BC
:10544000136843B101238362D2E90012103000F0E7
:105450005DFC204610BD044810BD044810BD044842
:1054600010BD4FF4700070470400F0000500F0001C
:105470000300F00070B108B5036A013B022B05D8A8
:1054800031B1102200F042FC002008BD034808BDE5
:10549000034808BD4FF47000704700BF0200F000E1
:1054A0000100F00038B349B31AB338B512F00F0554
:1054B0001BD1046A24F00404032C01D003B31D465D
:1054C00013462A4601F022FE58B1A0F571000528C6
:1054D00018D8052816D8DFE800F005030A030308EA
:1054E0000A4838BD4FF4700038BD094838BD094836
:1054F00038BD074870474FF4700070470648704742
:10550000064838BD4FF4750038BD00BF0200F000FA
:105510000A00F0000600F0000800F0000900F000AA
:10552000F8B5079F48B30E460546002A35D0994284
:1055300039D8002F41D02B6A23F0040103290699A2
:105540001FD0002932D03968B14233D3300703D09D
:10555000012B1CD8EB6A23B311463346069A284622
:1055600001F0E0FE044660B3A0F57104052C37D8C5
:10557000DFE804F00310251010174FF470042046E4
:10558000F8BDA9B139680F2914D93107E4D0032B2C
:10559000E2D1DFE7144C2046F8BD0029C9D0134CF6
:1055A000EDE7134CEBE7134C2046F8BD002ED3D0AB
:1055B000114CE4E7114C2046F8BD114CDFE7114CCB
:1055C000DDE72B6A23F00403032B01D03E60D6E70E
:1055D00006982946102200F099FB10233B60CEE785
:1055E0004FF47504CBE700BF0200F0000800F000A4
:1055F0000A00F0000C00F0000900F0000D00F000BF
:105600001100F0000600F0002DE9F84F1E460A9B3D
:10561000002B6AD00D4600296FD0044600287DD0AB
:10562000022E5ED816B10B9B002B79D0D4F8B8723D
:10563000B7F5107F4CD8D4F8BC127B1C994247D8E0
:1056400095F80090B9F1070F53D8B9F1050F50D074
:1056500009F006030737022B4FEAD7073CD07B003F
:10566000013393423BD10A9807F1030B4FF45D716C
:1056700000F1040A2BF0030800F04EFB41465046AF
:105680003B466A1C00F002FC002838D14FEA9B0B15
:105690005B46594622465046FFF7B6FD022855D1D3
:1056A00019F0040F3ED10A9B214603F194004FF4F8
:1056B000377200F02BFB4946504600F06DFC044663
:1056C000002845D1022E45D00A9A264B13601CE0D3
:1056D000254C2046BDE8F88F7B1C9342C3D0234C59
:1056E000F7E7234C2046BDE8F88F224C2046BDE862
:1056F000F88F214C2046BDE8F88F204CE9E7204C7C
:105700000A984FF45D7100F007FB0B9B002BE0D073
:105710004FF46371184600F0FFFADAE7194CD8E746
:10572000194CD6E70A9B7A1C4C33414618469846DA
:105730002A443B4600F0AAFB0028E0D140465B46E5
:1057400059462246FFF760FD0228ACD00C4CC0E75A
:105750000E4CD5E70B99504600F0FCFC0028B3D066
:105760000446CDE7010000EC9508F0000F08F000BA
:105770001108F0000E08F0000708F0000D08F00016
:105780001008F0000208F0001208F0003008F000E5
:105790002DE9F04383B0019300283DD01646002A3E
:1057A00067D002681F46354B9A4204461BD18FB31F
:1057B000052914D0072912D8D0F84C33C56C21F034
:1057C000020203F10709042A03F11F034FEAD90972
:1057D0004FEA531305F0010522D0022907D02848CB
:1057E00003B0BDE8F083274803B0BDE8F0833A6812
:1057F00009F1010842453ED3304645F0020500F864
:10580000015B9B00221D494600F096FB48BBC7F890
:105810000080E5E71C48E3E71C4803B0BDE8F083DF
:105820003A684FEA490808F10108424523D30429A0
:1058300030460CBF0D4645F006059B0000F8015BA5
:10584000221D4946019300F077FB50B909F1010090
:10585000019B04F14C023044494600F06DFB0028E6
:10586000D5D03046396800F057FA002308483B602D
:10587000B6E70848B4E70848B2E700BF010000EC0B
:105880001508F0001A08F0001708F0001408F000DE
:105890001B08F0001608F0001808F0002DE9F0478A
:1058A00082B0DDE90A98002A5CD01D46002B5ED04C
:1058B000B9F1000F5DD0B8F1000F5CD007460028A9
:1058C0005BD08A46002948D0144618464FF44C71E4
:1058D00000F022FA4FF45D71484600F01DFAD4F84A
:1058E000BC621F367609B200013E04F1D801404681
:1058F00005EB860600F00AFA002373602B1DD4F82E
:10590000BC220093514638464346FFF705F9064648
:10591000C8B128464FF44C7100F0FEF948464FF4E8
:105920005D7100F0F9F90C9B23B140F6681118463F
:1059300000F0F2F940464FF4537100F0EDF93046B3
:1059400002B0BDE8F087204643464A46294602F0A9
:105950006DFE06460028E6D0DBE7094E304602B071
:10596000BDE8F087074E304602B0BDE8F087064E2E
:10597000E5E7064EE3E7064EE1E7064EDFE700BF48
:105980009008F0000208F0000308F0000408F0009E
:105990000508F0009108F0002DE9F041002940D001
:1059A00016461F460A682B4B9A420C4631D10546D3
:1059B00000283AD00268013B9A422ED1002E45D0F1
:1059C000002F45D0069BB3B300F194014FF437721A
:1059D00004F1500000F082F90435211D68BBD4F8B1
:1059E00008333A680733B2EBD30F4FEAD3081ED31C
:1059F000069B2846324600F0DDFB0446F8B9C7F89E
:105A0000008006984FF4537100F086F92046BDE8F7
:105A1000F081114C2046BDE8F081104C2046BDE8D5
:105A2000F0810F4C2046BDE8F0810E4CF2E70E4CA1
:105A3000C7F80080EEE70D4CECE70D4CEAE739685B
:105A4000304600F069F900233B60DAE7094CE1E7F2
:105A5000094CDFE7020000EC3408F0003208F000E7
:105A60003308F0003108F0003808F0003708F00083
:105A70003A08F0003508F0003608F0000B2804D88A
:105A8000034B53F8203003B118470020704700BF84
:105A900034EF040030B5042285B00123C0F8D020D3
:105AA0000B6068460023CDE90033CDE902330C4694
:105AB00000F04EF80546C8B9DDE90030DDE9021214
:105AC000E360003BC4E9040118BF0123A26108B1EF
:105AD00043F0020309B143F004030AB143F00803A1
:105AE000002228466360A26005B030BD014800F086
:105AF000E1F8E1E7D8ED040030B585B004460D4685
:105B0000104803924FF0FF3100F026F9039A68B96C
:105B1000204600950123002101F0E6FF04460948D4
:105B200000F034F938B9204605B030BD064800F021
:105B3000C1F8039AECE7054800F0BCF8204605B030
:105B400030BD00BFDCA20020E0EC0400F8EC040053
:105B500000234FF4FA714FF47A72C0E90022816099
:105B6000C3601846704700BF10B500F031F8A0B907
:105B700000F01EF920B1032400F070F8204610BD9B
:105B800000F03AF9034680B90D4A1268120EF02A65
:105B900006D0052400F00EF9EEE70424204610BDDF
:105BA0000849094A0968914201D00624F2E7074AE8
:105BB0000120136000F020F904460028DED0E8E759
:105BC00028B9025024BA02500000E0200CBA02505A
:105BD00008B5184800F0A4F898B9174800F0A0F8E4
:105BE000B8B9164800F09CF8D8B9154B124A1548B8
:105BF0001A6000F095F8C0B9134B124A1A600020E1
:105C000008BD124800F056F80B4800F089F800284B
:105C1000E7D00F4800F04EF8084800F081F800285F
:105C2000E3D00C4800F046F8DFE70B4800F042F8FC
:105C3000E2E700BFDCA20020CCA20020D8A2002016
:105C4000D4A20020D0A20020C4A2002008EE0400AC
:105C500024EE040040EE040060EE040008B500F0FD
:105C60003BF80F4800F06AF804210D4800F054F8A2
:105C70000C4800F063F80B48042100F04DF80A4886
:105C800000F05CF840B9094800F058F8BDE8084059
:105C90000648042100F040B8054800F00BF8F2E790
:105CA000DCA20020CCA20020D8A20020D0A200209C
:105CB00040EE0400BFF34F8F0549064BCA6802F45B
:105CC000E0621343CB60BFF34F8F00BFFDE700BF1F
:105CD00000ED00E00400FA05704700BFA2B1013AF0
:105CE00030B401398518421E002012F8013F11F826
:105CF000014F954283EA040340EA0300F5D10038DE
:105D000018BF012030BC70471046704703F06EBCCE
:105D100003F07ABC03F092BC0A46002103F08EBC6B
:105D200010B5044610B10020206010BD0248FFF7F6
:105D3000C1FF0020206010BD80EE040010B50446B5
:105D400010B10020206010BD0248FFF7B3FF002013
:105D5000206010BD80EE040010B5044680B1012320
:105D6000BFF35B8F54E8002F44E800310029F9D1DC
:105D7000BFF35B8F012AF3D0BFF35F8F002010BD0C
:105D80000148FFF797FFEAE7A4EE040010B50446C8
:105D900020B1BFF35F8F0020206010BD0348FFF7E4
:105DA00089FFBFF35F8F0020206010BDC4EE0400A8
:105DB0000020704700207047014B1860704700BFFB
:105DC00008BA0250014B1860704700BF04BA025075
:105DD00010B5044630B1054B18680442FCD0044BA2
:105DE0001C6010BD0348FFF765FFF4E700BA0250DE
:105DF00008BA0250E4EE040010B54FF0FF3104463B
:105E00001748FFF7A9FFE8B9164A54B11368A3B1C0
:105E1000012B18D0013B1360BDE810401048FFF77C
:105E2000B5BF106838B9104B10490124C3F80045BC
:105E30000B68002BFCD101301060BDE81040084811
:105E4000FFF7A4BF10BD09490B68002BFCD1064821
:105E50000749C0F800356FF07E430B601368D9E73F
:105E6000D8A2002030A0002000A0025010B902509B
:105E700004BA02503AB10A44013812F8013D00F860
:105E8000013F8A42F9D10020704700BF002A48D064
:105E90002DE9F0410446002845D015465A1E05322A
:105EA00034D811F0030631D18B422FD8CF1C27F004
:105EB00003028A4232D8A2EB030840441A4629461C
:105EC000FFF726FF414620464FEA9708FFF724FFD9
:105ED000B8F1010F1DD0FF0804EB87000438231F21
:105EE00004EB880553F8042F55F8041D12BA09BABB
:105EF000834219602A60F5D118F0010007D054F8E8
:105F000027301BBA44F82730002000E00748BDE8DE
:105F1000F08123681BBA30462360F8E70448BDE8E7
:105F2000F081044870470348F1E700BF050DF00019
:105F3000090DF000040DF00030B40AB300B3DBB17A
:105F400013F0030518D18B4216D3A9B1904208D0A3
:105F500002D91344984217D3904202D243189A426E
:105F600012D91144431E11F8014D03F8014F8A4222
:105F7000F9D1284630BC7047044D284630BC7047E4
:105F8000034D284630BC7047024DF6E7050DF00082
:105F9000040DF000060DF000F0B50446D0F84803FB
:105FA0008DB000F11F062023B6F5187F00937ED236
:105FB0000F46694601F0F0FB054610B128460DB0CA
:105FC000F0BD7609334604F19002012101F024FD71
:105FD00001210846052304F5127201F01DFD334628
:105FE00022460121022001F017FD334604F1D802B8
:105FF0000121042001F010FD04F5907233460121C7
:10600000052001F009FD424A13680193019BDB075B
:10601000FAD5404B40493E4A196013680293029BEF
:10602000D807FAD53B4B3D49394A196013680393A9
:10603000039BD907FAD5374B3949354A196013689C
:106040000493049BDB07FAD5324B364A1A6007F0FB
:106050000603022B2FD004F148023346012103200E
:1060600001F0DAFC2A4A13680593059BDC07FAD590
:10607000284B2D49264A196013680693069BD807BA
:10608000FAD5244B29492A4A196013680793079BBC
:10609000D907FAD5274A284B126812F4805F08BF47
:1060A0001D46009801F062FC28460DB0F0BD234D5E
:1060B00028460DB0F0BD01F069FE002826D01C4A2C
:1060C00013680893089BDB07FAD51D4B184A19681B
:1060D00013680A930A9BD807FAD51A4A1A4B11601B
:1060E0001B680993099B5F40F90708D5343A136888
:1060F0000B930B9BDB07FAD5064B144A1A6031460B
:1061000004F14800032201F05BFCCAE7104DC8E728
:10611000B0B0025080B00250802108888041183110
:10612000806108880051183180310C880068105156
:10613000B4B0025088B002501008F0000F08F00010
:106140000CB00250E4B00250DCB00250C030002964
:106150004021F00070B5D0E9D2421F3484B0640908
:1061600000F148030D4601EB84061F3201EBC40128
:106170000391009300F5B4710346CDE9015652092D
:10618000903000F0D3FE70B930462146FFF7F4F8A6
:1061900030B921462846FFF7EFF808B904B070BDC2
:1061A000024804B070BD024804B070BD1008F00091
:1061B0003008F0002DE9F043D0E9D2451F3485B016
:1061C000640903EBC40E1E4603EB84071F3500F180
:1061D00048030093CDE9027E034601969046903035
:1061E0006A0900F0A3FE054640B130464FF45371F2
:1061F000FFF792FD284605B0BDE8F08338462146FA
:10620000FFF7BAF860B121463046FFF7B5F838B16C
:106210004FEA84094A4640463146FFF72BFEE4E741
:10622000004DE2E72008F1002DE9F04F97B0DDE9DD
:1062300020744FEA043E4EEA844E4EEA83149D4D8C
:1062400044F0045C9C012E680096009EF607FAD587
:10625000229DDFF86482974EC8F800C0920142EA9E
:10626000834242EA053545F010454FEA83483268DB
:106270000192019AD207FAD58F4ADFF838C2156029
:106280004EEA811E4EF0104E8E01DCF80020029284
:10629000029AD507F9D53D0345EA8745864A854FD9
:1062A000C2F800E044EA050949F004593A6803924B
:1062B000039AD207FAD5804ADFF8F8E1C2F80090D5
:1062C00044EA033C48EA0C0747F004574FEA033A14
:1062D000DEF800200492049AD207F9D5764ADFF856
:1062E000D4E117604CEA814949F010498F04DEF887
:1062F00000200592059AD207F9D56F4ADFF8B4E17C
:10630000C2F8009045F0104545F48075DEF8002095
:106310000692069AD207F9D5DFF89CE1674ADFF8C2
:106320009491CEF8005042EA80124FEA801ED9F8CC
:1063300000500795079DED07F9D5DFF87CB1DFF830
:1063400084915C4DCBF8002049EA00394FEA003BCC
:106350002A680892089AD207FAD5574DC5F80090D6
:10636000239A574D45EA8249524A12680992099A7E
:10637000D507F9D5504A4F4DC2F800904CF024593A
:1063800049F400192A680A920A9AD207FAD54A4DA6
:10639000484AC5F800904EEA030343F0484343F4EB
:1063A000821315680B950B9DED07FAD54EEA0B0588
:1063B000DFF804E13F4ACEF8003045EA080545F031
:1063C000045513680C930C9BDB07FAD53A4B394AFA
:1063D0001D604CEA804040F0045013680D930D9B03
:1063E000DD07FAD5344BDFF8E0C0324A18604AEADC
:1063F0000C0C13680E930E9BD807FAD52E4B2D4D1F
:10640000C3F800C047EA013746EA070C4CF00450D5
:106410000A032B680F930F9BDB07FAD5264B254DFC
:1064200018604CF0104C2B681093109BDB07FAD5CA
:10643000214B204DC3F800C02B681193119BDB0743
:10644000FAD51D4B1B4D1860274347F004572B68A6
:106450001293129BDB07FAD5174B16481F60239B3C
:1064600044EA080444EA033444F0104403681393F4
:10647000139BDD07FAD5104B0E481C60324342F0E7
:10648000245242F4101203681493149BDC07FAD5CB
:10649000094B08481A600E4346F0484646F4A216D7
:1064A00003681593159BDB07FAD5034B1E6017B0E5
:1064B000BDE8F08FB0B0025080B002500040102113
:1064C0000041002100011021400128292DE9F04F51
:1064D0009FB0AF4F2D9D289E2C0344EA854C4CEA7B
:1064E000831C4FEA854E01944CF0104C9D013C6892
:1064F0000494049CE407FAD54FEA801BA54F4BEAAD
:10650000033848EA8646DFF88882C7F800C046F0BC
:1065100010461F03D8F800400594059CE407F9D500
:10652000DFF87082DFF868C24BEA00340294C8F8E2
:10653000006044F0245848F40018DCF80040069449
:10654000069CE607F9D5DFF84C92914EC9F8008019
:1065500045EA070C4EEA0C0E4EF0104E34680794D4
:10656000079CE407FAD5299CDFF82892DFF82082FF
:10657000C9F800E047EA811646EA84468C0146F0F5
:1065800010460094D8F800400894089CE407F9D518
:10659000009CDFF80082DFF8F891C8F8006044EA58
:1065A000013E4EF0245848F40018D9F800400994F0
:1065B000099CE607F9D52A9CDFF8D891744EC9F8F2
:1065C00000804FEA043A4AEA844A2A9C4AEA050AC9
:1065D0004AF0104A4FEA844934680A940A9CE40756
:1065E000FAD52B9C47EA844606430396694E684CCD
:1065F000C6F800A0039E46F0484A4AF0C00A266842
:106600000B960B9EF607FAD5624C614EC4F800A0BB
:1066100049EA0C0A4AF0104A34680C940C9CE407CE
:10662000FAD52C9C47EA84460E430396594E584CA3
:10663000C6F800A0039E2E4346F0484A26680D96F1
:106640000D9EF607FAD5019C44EA8216514C46EAA3
:1066500009094F4EC4F800A049F010494FEA821AC8
:1066600034680E940E9CE407FAD54A4C484EC4F8A0
:1066700000904AEA824A4AF0104A4AF4405A4FEAE5
:10668000824934680F940F9CE407FAD5414E404C80
:10669000C6F800A026681096109EF607FAD53D4E63
:1066A000DFF8F8A03A4CC6F800A026681196119EB3
:1066B000F607FAD5374EDFF8E8A0354CC6F800A04B
:1066C00026681296129EF607FAD5324EDFF8D4A04D
:1066D0002F4CC6F800A04EF0104E4EF4402E266807
:1066E0001396139EF607FAD52A4E2B4CC6F800E0F7
:1066F00044EA804E3036800434681494149CE407D5
:10670000FAD547EA8347DFF88CA0214CCAF800E0AD
:106710004BEA070646F0484646F003064FEA834A2E
:1067200023681593159BDB07FAD5DFF868E0184C52
:10673000CEF80060029B43F0045646F480162368AE
:106740001693169BDB07FAD5124CDFF844E026605F
:10675000DEF800301793179BDC07F9D50D4CDFF8F6
:1067600030E0266040F0045040F48240DEF8003013
:106770001893189BDB07F9D5009B054C4AEA0101E9
:106780001943044B41F04841186041F480410BE04B
:10679000B0B0025080B002500041009000310C9027
:1067A000C0400C90C030202923681993199BDE0744
:1067B000FAD5194B1948196003681A931A9BDC071C
:1067C000FAD5154B1549C3F8008049EA02322A432D
:1067D00042F010420B681B931B9BD807FAD50E4B57
:1067E0000E491A602F4347F010470B681C931C9BFF
:1067F000DA07FAD5084B094A1F604CF0104141F402
:10680000301113681D931D9BDB07FAD5024B1960ED
:106810001FB0BDE8F08F00BF80B00250B0B0025092
:106820002DE9F04F99B0DFF870C2269C239D270315
:1068300047EA844949F0104646F0800699464FEAF7
:10684000844EDCF800300193019BDC07F9D5914BB5
:10685000914C1E604FEA894949EA801949F0104677
:1068600046F400564FEA801A23680293029BDB0726
:10687000FAD5884B884C1E604AEA003C4CF02456FE
:1068800046F4001623680393039BDB07FAD5814B7C
:10689000814C1E604EF0104646F402562368049365
:1068A000049BDB07FAD5229B7B4C4FEA834E4EEAD2
:1068B000811E784B4EF0104E1E604EF4005E8E012D
:1068C00023680593059BDB07FAD5724B724CC3F81E
:1068D00000E046EA013949F0245B4BF4001B2368D1
:1068E0000693069BDB07FAD54FEA053E694B6A4CD7
:1068F000C3F800B04EEA854E4EF0104E4EF0800EBA
:106900004FEA854823680793079BDD07FAD5249B48
:10691000604C40EA834545F048455F4BC4F800E0D1
:1069200045F403551C680894089CE407FAD5594BB4
:10693000594C1D6048F0104545F4025523680993F1
:10694000099BDB07FAD5259BDFF848E1524CCEF8CE
:10695000005041EA834343F0484545F4025523681B
:106960000A930A9BDB07FAD547EA8217494B4A4C40
:106970001D6047EA080848F01047950123680B930B
:106980000B9BDB07FAD5434B434C1F6045EA824221
:1069900042F0104242F4405223680C930C9BDD07F6
:1069A000FAD53C4B3C4C1A6023680D930D9BDA07DB
:1069B000FAD5384B394C384A1C6013680E930E9B3D
:1069C000DB07FAD5334B364C334A1C6013680F9300
:1069D0000F9BDF07FAD52F4B324C1C602E4A49F033
:1069E000104444F4402413681093109BDD07FAD53B
:1069F000284B2D4D284A1C6045EA804580041368C9
:106A00001193119BDC07FAD5224B284C224A1D60BA
:106A10004AEA040413681293129BDB07FAD51D4B54
:106A20001D4A1C604CF0045444F480141368139302
:106A3000139BDF07FAD5174B174A1C601368149392
:106A4000149BDD07FAD5134B134A1C6040F0045029
:106A500040F4824013681593159BDC07FAD50D4B63
:106A60000D4A18600E4346F0484646F40426136863
:106A70001693169BD907FAD5064B074A1E60136872
:106A80001793179BDB07FAD5024BC3F800B019B078
:106A9000BDE8F08F80B00250B0B0025000310C90D1
:106AA000C0400C90C030202900410090032008C84D
:106AB0002DE9F043974AABB013680993099BDF07B0
:106AC000FAD5954B9549934A196013680A930A9B26
:106AD000DE07FAD5904B92498E4A196013680B93E2
:106AE0000B9BDD07FAD58C4B8E498A4A19601368D7
:106AF0000C930C9BDC07FAD5874B8B49854A1960B0
:106B000013680D930D9BD807FAD5834B8749814AAB
:106B1000196013680E930E9BD907FAD57E4B844AF1
:106B20001A601B2000F030FD0446182000F02CFDF8
:106B30008442784A09D913680F930F9E16F0010614
:106B4000F9D0754B7B4A1A6009E013681093109BCB
:106B5000DB07FAD5704B784A1A60044600266D4A66
:106B600013681193119BDF07FAD56B4B7349694A80
:106B7000196013681293129BDD07FAD5664B704AB1
:106B80001A601C201D2118220B238DE80F000F23F3
:106B90000E220D210C20FFF747FB01340C200D21A4
:106BA0000E220F238DE80F0024F00104132312227C
:106BB00011211020FFF738FB0125A11E08AB07AA01
:106BC0001B20089500F02CFD022800F06A810328A4
:106BD00000F04081012800F0168100274D4A13681B
:106BE0001F931F9BDB07FAD54B4B5649494A196047
:106BF00013682093209BDD07FAD5474B5249454A3D
:106C0000196013682193219BD807FAD5424B4F4A4C
:106C10001A60043C39D44FF0170916254FF01A08B2
:106C200015211420CDE900011A231622CDE90259BD
:106C3000FFF7FAFA142003468DE82201162201F02C
:106C40007BFB08AB07AA21461B2000F0E9FC00EB08
:106C500087000430072816D8DFE800F0A1A8A59D1A
:106C60009995840412271122102315211420CDE9AF
:106C700004270393CDE90001029517231622FFF79D
:106C800025FC4FF0FF37023CCAD519201C211622E3
:106C900015231824CDE90121CDE9030400930E2228
:106CA00014230D210C20FFF7BBFD1A4A002F40F0E2
:106CB000818013682693269BDC07FAD5164B24495E
:106CC000144A196013682793279BD807FAD51248EE
:106CD000204B2149214C0F4A0460002E14BF1E4650
:106CE0000E4613682893289BD907FAD50A4B094A00
:106CF0001E6013682993299BDB07FAD5064B184AB7
:106D00001A6018231D221C21012001F029FC2BB040
:106D1000BDE8F083B0B0025080B002500002002104
:106D200000822021408220218082242140066E4959
:106D300000966929C0066649C0066249000662419C
:106D40000016624940D62129C0D32029C014212928
:106D5000C05521294007564940075E49000752495E
:106D600000065A490E270D220C2315211420CDE9C7
:106D700004270393CDE90001029517231622FFF79C
:106D8000A5FB00277FE718271D221C23EDE7182706
:106D90001D221C2369E7182719221C23E5E7122767
:106DA00013221023E1E70E270F22DDE70E270F2223
:106DB0000C235AE713682293229BD907FAD54C4B30
:106DC0004C494D4A196013682393239BDB07FAD57E
:106DD00047484A4B4A494B4C474A0460002E14BF6F
:106DE0001E460E4613682493249BDF07FAD5404BBA
:106DF000414A1E6013682593259BDD07FAD53C4B5D
:106E0000414A1A607DE73C4A13681393139BD807E5
:106E1000FAD5374B3D49384A196013681493149BCF
:106E2000D907FAD5324B3A49334A1960136815939A
:106E3000159BDB07FAD52E4B36492F4A196013688C
:106E40001693169BDF07FAD5294B334A1A604FF089
:106E5000FF37C3E6284A13681B931B9BDF07FAD54D
:106E6000234B2E49244A196013681C931C9BDD0791
:106E7000FAD51F4B2A49204A196013681D931D9BA0
:106E8000D807FAD51A4B27491B4A196013681E9375
:106E90001E9BD907FAD5164B234A1A604FF0FF37CD
:106EA0009CE6154A13681793179BDD07FAD5104B1C
:106EB0001649114A196013681893189BD807FAD518
:106EC0000B4B13490C4A196013681993199BD90786
:106ED000FAD5074B0F49084A196013681A931A9B91
:106EE000DB07FAD5024B0C4A1A60002776E600BF92
:106EF00080B00250C0D32029B0B0025040073649BC
:106F000040073E490007324900063A490005324928
:106F10004005364980053A49C0053E4900054249C9
:106F20004005464980054A49C0054E492DE9F04FC4
:106F30000D4687B004461146284600929846FEF753
:106F40001BFAD4F8BC32009904F1D80A1F33064664
:106F50005B0952462846FEF757F9002E70D00128EB
:106F60006ED0D4E9AEB0394B584593F91A2093F955
:106F70001CC000924FF0200793F91B2093F91D309D
:106F8000059738BF584605A90192CDF808C003936C
:106F900000F002FC074618B1384607B0BDE8F08F94
:106FA0002B490BF11F094FEA59194B46C1F800B0A4
:106FB0002246012100F030FD0121084604F5DC7273
:106FC000052300F029FD4B4604F1480201210B2066
:106FD00000F022FDD4F8BC329DF808409DF8000076
:106FE0001F3352465B099DF80CA0012100F014FDEF
:106FF00042464B462046012100F00EFD109A4B46BA
:107000005046012100F008FD06F11F035B099DF8C1
:1070100004002A46012100F0FFFCFFF749FD11980A
:107020002246494600F0CCFC12985246494600F0F0
:10703000C7FC059800F09AFC384607B0BDE8F08F11
:10704000044F384607B0BDE8F08F00BF14EF0400CE
:1070500090B002503008F10038B5224B224A01218D
:10706000054619601368002BFCD1204A1368002BD9
:10707000FCD11F4A1368002BFCD11E4A1368002B59
:10708000FCD11D4B1C68002CFCD14FF0FF30FEF7EB
:1070900093FE2B6A23F00403032B184B18680CBFD4
:1070A00020F0400020F08000FEF78CFE144B002200
:1070B0001A602B6A23F00402032A18BF6C6A114A73
:1070C0004FEA830318BF04F0010403F01C031C43C0
:1070D00014602B6A072B02D10B4B01221A6000208F
:1070E00038BD00BF00B9025070B4025020BD02503C
:1070F00020BC025038BD025038BC025004BA0250C5
:10710000BCB40250C0B402507CB40250002800F05D
:10711000BF80F8B51D46436B0E4617460446002B4C
:1071200035D0012B02D1B5F5803F33D265484FF001
:10713000FF31FEF711FE002857D10020FEF75CFE5C
:1071400000284ED1604B01221A60236A032B28DCF1
:10715000002B28DA5D4A1368002BFCD15A4A1360D1
:10716000236A23F00403032B594B18680CBF40F02B
:10717000400040F08000FEF725FE0120FEF73CFEB7
:10718000002836D14F48FEF701FE28B9F8BDB5F505
:10719000805FCBD34F48F8BD4F48FEF78BFD0020F2
:1071A000F8BD072BD6D1636A012BD3D8636B012BB3
:1071B000D0D8A36B012BCDD82046FFF74DFF002878
:1071C000C8D1A36A012B6CD033F0020263D0236ACA
:1071D0005A1E062A1BD8DFE802F0104B101A1A1AA2
:1071E00010003E48FEF766FDACE73D48FEF762FD45
:1071F000A3E73C48FEF75EFDC4E73B4B22681A60FC
:1072000062685A60A2689A60E268DA60236A23F0D2
:107210000403032B31D0A36B012B4CD0334A344BE6
:10722000176020201D60636B012B2CD0314A324B3C
:1072300016601D60FEF7CCFD244A1368002BFCD1BC
:10724000236A013B062B10D8DFE803F00414040F77
:107250000F0F0400244A294B126822601A686260EA
:107260005A68A26008331B68E3600123236371E757
:10727000234BC3E7224A234BEEE7636B012B01D07C
:107280001020D3E74020204A204B16601D60D1E734
:107290004FF4710070471E491E4A0B6001231360B2
:1072A00095E71D4B22691A6062695A60A2699A606B
:1072B000E269DA608BE7194A194B176080201D607C
:1072C000B1E700BFDCA2002010B8025010B9025094
:1072D00004BA02500500F100F8EC040010ED0400BF
:1072E000E0EC040030ED040040B4025030BD025028
:1072F00034BD025030BC025034BC025044B4025081
:1073000060B4025064B4025028BC02502CBC02503D
:1073100038BA025078B4025000B4025028BD02506E
:107320002CBD02502DE9F041002800F081801D465F
:10733000036A072B0F46044616D055B9032B0FD10D
:10734000036B6BB9C0E90F55C0E9115500F13C075B
:1073500010252B4639462046BDE8F041FFF7D6BE42
:107360002E463046BDE8F081436B002B37D1B5F592
:10737000805F39D215B9236B002B35D167484FF0A8
:10738000FF31FEF7E9FC002840F097800020FEF76F
:1073900033FD002840F09980614B01221A60236A76
:1073A000032B23DC002B23DA5E4E5F4A1368002B8D
:1073B000FCD15B495D4A0B60106840F04000FEF76D
:1073C00001FD0120FEF718FD00287AD15348FEF791
:1073D000DDFC0028C5D05648FEF76CFCC1E7012B48
:1073E000C8D1B5F5803FC5D3524EBAE7072BDBD1E4
:1073F000636A012B78D8636B012B57D8A36B012BE1
:1074000000F284802046FFF727FE06460028CCD1F4
:10741000A36A012B6AD033F0020271D0236A013BC8
:10742000062B13D8DFE803F00944091212120900F1
:107430004FF471063046BDE8F0813F4B22681A6078
:1074400062685A60A2689A60E268DA603B493C4A26
:1074500001230B601560002D3BD1226B0AB9394A1C
:107460001360314B1E68002EFCD1236A013B062BB2
:107470009BD801A252F823F095740400B57404005F
:1074800095740400AB730400AB730400AB73040089
:1074900095740400284A2C4B126822601A686260B6
:1074A0005A68A26008331B68E3607EE7274E7CE7DA
:1074B000274BC3E7264A274BEEE72748FEF7FAFBA0
:1074C00064E72648FEF7F6FB80E72548FEF7F2FB67
:1074D00062E7636B012B1BD0224A234B17601020FD
:1074E0001D60FEF775FCBCE7204E5EE7204B22696D
:1074F0001A6062695A60A2699A60E269DA608DE78F
:107500001C491D4A0B600123136087E71B4E4CE7A3
:107510001B4A1C4B176040201D60E2E7DCA20020E4
:1075200010B802500100F10010B9025004BA025024
:10753000F8EC04000500F10040B402507CB40250A5
:10754000BCB4025024B5025044B402500300F10010
:1075500060B4025064B40250E0EC040030ED04006A
:1075600010ED040030BC025034BC02500200F100A7
:1075700000B4025038BA025078B402500400F1004E
:1075800028BC02502CBC025030B4214A84B013688D
:107590000093009BDC07FAD500F1A05303F52C43C0
:1075A0009B001B4A186813680193019BD907FAD501
:1075B000184B1A6812F11F0348BF02F13E035B111A
:1075C000591E0FD4124A144D144C13680393039B95
:1075D000DB07FAD50B182B6023680293029B2BB9AB
:1075E0000139F2D2580104B030BC70470131480172
:1075F000A0F120014FF0004202E001388142F2D0B8
:1076000013424FEA5202F8D004B030BC704700BFBA
:10761000B4B00250ACB00250E4B00250DCB0025042
:1076200070B41C6885B001F01F0644B91E2E06D048
:107630001068F04000F0030005B070BC70470F4DBB
:107640002C680194019CE407FAD500F1A05404F5DC
:107650002C44A400094D20682C680394039CE40783
:10766000FAD5074C00EB61110648216001680291D0
:107670000299116000211960DAE700BFB4B002502E
:10768000E4B00250DCB00250A0F12003B3F5426F29
:1076900061D8F0B48F2882B053D900F11F035B0981
:1076A0005B013F339B09013311B18B4255D80B4627
:1076B000DC004FF48051B1FBF4F1202928BF2021D8
:1076C00002B11160264C274D0126002226600239A6
:1076D000144603FA06F640F6FC778C4204F10104E6
:1076E000B6BF2A602F6092191E2C05F10405F4D153
:1076F0001D4C1E4D226032442A6000F13F011C4A9D
:107700001C4DDFF890C0E56021F03F011060403172
:10771000194F1A4E1A4D1B48CCF800109B011A49FC
:107720003B6033602B60E3620360D3610A680192BF
:10773000019AD207FAD5154A0020136002B0F0BCB6
:10774000704700F1470400F16603E4064FEA531363
:10775000A6D00133A4E70E4870470D48EEE700BFFE
:107760001CB8025000B0025078B002507CB00250F9
:1077700090B0025020F80F0098B002509CB0025018
:10778000A0B00250A8B00250B4B00250ACB0025049
:107790002221F00094B0025038B504460D46194835
:1077A0004FF0FF31FEF7D8FA60B90020FEF724FB56
:1077B00080B920462A460021FFF766FF0446A0B99B
:1077C000204638BD1048FEF775FA0020FEF714FB7E
:1077D0000028EED00D48FEF76DFA20462A4600211B
:1077E000FFF752FF04460028EAD00120FEF704FB11
:1077F00020B90448FEF7CAFA204638BD0448FEF70F
:1078000059FAF6E7CCA20020E0EC040010ED0400E9
:1078100030ED04002DE9F0434E4C89B0236801930C
:10782000019BDD07FAD54C4B13449B000A181D68D9
:107830001E2A05F11F0588BF1E224FEA551502FBBF
:1078400005F288BFC0F11E01B2F5806F04D94FF474
:107850008061B1FBF5F1091A002976DD00F1A05035
:1078600000F52C4005F1010E4FF0000C394ADFF80D
:10787000F4803A4C87002EF00106604613680293AC
:10788000029BDB07FAD5D7F8009013680393039B9C
:10789000DB07FAD5C8F80090002355B101339D42AB
:1078A0002060FBD1AE4204D92B4601339E422060BA
:1078B000FBD10CF1010C614507F10407DED1254A2B
:1078C00013680493049BDC07FAD5254B214A1968F9
:1078D00013680593059BD807FAD5224B19607DB133
:1078E00000231E491A4601339D420A60FBD1AE4275
:1078F00006D91A492B46002201339E420A60FBD169
:10790000144A13680693069BD907FAD5164B114AF9
:10791000196813680793079BDB07FAD5114B1960A9
:1079200035B100230D491A4601339D420A60FBD14F
:10793000AE4207D9094A002301E00EF1010E764557
:107940001360FAD109B0BDE8F08305F1010E2EF005
:107950000106B4E7B4B0025024AC0014D8B0025011
:107960007CB00250D4B0025078B0025008B558B97B
:107970000F4B00221A600120FEF73EFA98B90D481D
:10798000FEF704FA50B908BD202801464FF007025F
:1079900028BF20210020FFF73DFFE9E7BDE80840B0
:1079A0000548FEF787B90548FEF784F9E7E700BF09
:1079B0001CB80250CCA20020F8EC040030ED04000A
:1079C00010B4124C85B023680193019BDB07FAD5F4
:1079D00002F1A05202F52C4293000C4A1C68136875
:1079E0000393039BDB07FAD5094B1C6051B10438A4
:1079F000084A00EB810113680293029B40F8043FA0
:107A00008842F8D105B05DF8044B7047B4B002501D
:107A1000E4B00250DCB0025070B42F4D85B02C6839
:107A20000094009CE407FAD500F1A05000F52C402A
:107A30008000294C0568206801900198C607FAD596
:107A40002648012605609BB1043A254E02EB8304CB
:107A500052F8040F3060A242FAD15E1C26F00102F7
:107A6000934205D21E4C0020013393422060FBD18B
:107A7000194A26F0010013680293029BDC07FAD52D
:107A8000184B0B449B001B681F33B0EB531F4FEA8E
:107A900053121DD210490B680393039BDB07FAD5E1
:107AA0000E4B0544121A1D6012D000230C481946D3
:107AB000013393420160FBD15A1C22F0010199422B
:107AC00006D90748002300E001328A420360FBD157
:107AD00005B070BC704700BFB4B00250D4B00250C3
:107AE000D8B0025024AC0014F8B5069E002E33D056
:107AF00001292FD8012B31D81C4C074600251C48E2
:107B000025600468002CFCD11A4D2C68002CFCD197
:107B1000194D2C68002CFCD1184D2C68002CFCD180
:107B2000174D2C68002CFCD1012B19D01548164B91
:107B3000026020201E6001290BBF144B144B154A14
:107B4000154A17601E60FEF743F9144B18680028A9
:107B5000FCD1F8BD1248F8BD1248F8BD1248F8BD76
:107B60001248134B026080201E60E4E700B9025007
:107B700070B4025020BD025020BC025038BD0250EB
:107B800038BC025030BD025034BD02502CBC0250F3
:107B900034BC025028BC025030BC025010B9025014
:107BA0000200F4000100F4000300F40028BD0250BC
:107BB0002CBD02502DE9F043644A93B01368009342
:107BC000009BD907FAD5624B6249634A1960136872
:107BD0000193019BDB07FAD5604B1B68DF0400F1C2
:107BE000AF805A4A13680293029BDE07FAD5584BBE
:107BF0005B49594A196013680393039BDD07FAD563
:107C0000564B1B68DC0400F18580534B554E4F49A1
:107C10004F4FDFF86CC14FF00109DFF868E1524DBA
:107C200000241A680492049AD007FAD530681A68BA
:107C30000692069AD207FAD5CEF800002A68059275
:107C4000059A12B95DE052080134D007FBD514F053
:107C50001F0568D11D680995099DE807FAD5434DB0
:107C6000D5F800801D680B950B9DED07FAD5DFF860
:107C700014E13D4DCEF800802D680A95E0070A9D7D
:107C800005D505F00704032C4AD0052C48D002F096
:107C90000302032A05D105F00305032D08BFC9F12E
:107CA00000090A680C920C9AD407FAD5304A3A6057
:107CB0000A680D920D9AD007FAD52E4A3A600A68E2
:107CC0000E920E9AD207FAD52B4A3A600A680F92A2
:107CD0000F9AD507FAD5294A3A600A681092109A85
:107CE000D407FAD51B4A3A601A681192119AD00744
:107CF000FAD51A4A1268D2048FD5484613B0BDE8A7
:107D0000F0830A680792079AD207FAD5C7F800C02D
:107D1000203486E74FF00109484613B0BDE8F083F0
:107D2000C9F10009B3E7DFF860E0013D4EEA053E26
:107D30000D680895089DED07FAD5C7F800E089E7BA
:107D40004FF00009484613B0BDE8F083B0B00250D0
:107D500080B0025000082A51B4B0025088B00250DE
:107D600000182A5128B00250DCB002502CB002504A
:107D700000032A4980022E49C0C228A1C00232490C
:107D800080F22961E4B00250800228612DE9F047B9
:107D9000894ABAB013680093009BD807FAD5874B7D
:107DA0008749884A196013680193019BD907FAD55E
:107DB000854B1B68DB0400F19181824A13680393B1
:107DC000039BDE07FAD5814B7E4A19681368059339
:107DD000059BDD07FAD57E4A7E4B11601B68049334
:107DE000049F07F00303032B00F0748207F00703DE
:107DF000052B714A00F0278113681993199BDC0742
:107E0000FAD56E4B74496C4A196013681A931A9B21
:107E1000D807FAD5694B714A1A60FFF7CBFE0130DB
:107E200000F01D82644A13681B931B9BD907FAD587
:107E300062486B4B0360013F40F071825E49DFF89E
:107E4000D0C1604B674E624D624CB8460A681C92C6
:107E50001C9AD207FAD5C0F800C008F120081A68A9
:107E60001D921D9AD707FAD537681A681F921F9A74
:107E7000D207FAD52F6022681E921E9F002FE5D0F0
:107E800017F0010311D17F08FE07194603F1010322
:107E9000F9D5494802682092209AD507FAD5524A66
:107EA000464842EA013198440160434A13682193ED
:107EB000219BDC07FAD5414B4C493F4A19601368B6
:107EC0002293229BD807FAD53C4B494A3A4CDFF81B
:107ED0004491484E414D1A609A4623682393239B50
:107EE000D907FAD5CAF8009023682493249BDA07AF
:107EF000FAD5CAF8006023682593259BDB07FAD5DD
:107F0000CAF80050FFF756FE0130E6D12A4A13683E
:107F10002693269BDC07FAD5284B3749264A196059
:107F200013682793279BD807FAD5244B3349224A55
:107F3000196013682893289BD907FAD51F4B2A4943
:107F40001D4A196013682993299BDB07FAD51B4B3F
:107F50002B49194A196013682A932A9BDE07FAD520
:107F6000164B2849144A196013682B932B9BDD0785
:107F7000FAD51248244A104BDFF89C90DFF89CE0B9
:107F8000224EDFF89CC002601A682C922C9AD4070B
:107F9000FAD5C0F800901A682D922D9AD107FAD51B
:107FA0000849094DC0F800E000241A682E922E9A64
:107FB000D207FAD5066035E0B0B0025080B002506A
:107FC00000081251B4B0025088B0025000B0025004
:107FD000E4B00250DCB0025080021249C0020249F3
:107FE000C01002290CB00250C0000C61C0011E413B
:107FF000C0111E4980021E49C0311C98C0100E21BC
:10800000C030109840021249809184A8001826516F
:10801000C0F00D61C0111E2140320C8840622488DE
:10802000409224880A682F922F9AD207FAD52A689C
:10803000D20460D401341A683092309AD207FAD54B
:10804000C0F800C0B1E713680993099BDB07FAD5B4
:10805000854B8649864A196013680A930A9BDF0795
:10806000FAD5814B8349824A196013680B930B9BA5
:10807000DE07FAD57C4B80497D4A196013680C9362
:108080000C9BDD07FAD5784B7C497D4A1960136853
:108090000D930D9BDC07FAD57A4B754A1B68D80403
:1080A00040F1928013680E930E9BD907FAD56E4B60
:1080B00075496F4A196013680F930F9BDB07FAD558
:1080C000694B72496A4A196013681093109BDF0765
:1080D000FAD5654B6E4A1A60002054E0644A136872
:1080E0000293029BDF07FAD55F4B6A4A1A600120B0
:1080F0003AB0BDE8F087002C3FD0A8EB0404012C77
:1081000033D0621E02F01F01002A4FF00107B8BFF2
:1081100004F11E028F4051111A683292329AD2072E
:10812000FAD55D4A564C026022683392339AD507DD
:10813000FAD55A4A524C156822683492349AD207BA
:10814000FAD5574C574A2944216017601A6835926E
:10815000359AD207FAD5544A02601A683692369A8E
:10816000D507FAD5514A02600EE71A683192319A62
:10817000D107FAD54E4A026006E707F00303032B46
:1081800040F0C58001203A4A13683793379BDC07DB
:10819000FAD5354B4749364A196013683893389BEE
:1081A000D907FAD5304B4449354A196013683993D9
:1081B000399BDB07FAD5334B1B6813F4805F18BF7C
:1081C00001203AB0BDE8F08713681193119BDE07D8
:1081D000FAD5254B39492A4A196013681293129B24
:1081E000DD07FAD5274B1B68DC04C3F30030CAD582
:1081F0001F4B1A681392139AD107FAD51A4B304ABB
:108200001B491A600B681493149BDA07FAD5164BB6
:108210001E4A17491A600B681593159BDB07FAD5A0
:10822000114B284A12491A600B681693169BDF07F8
:10823000FAD50D4B244A0E491A600B681793179B09
:10824000DE07FAD5084B214A09491A600B681893D2
:10825000189BDD07FAD5044B1D4A1A603CE7002045
:108260003AB0BDE8F08700BF80B00250401202294A
:10827000B0B00250C01124618071109800181A51DA
:10828000B4B0025088B002508031022180211861C0
:10829000C0601098C0000E410002224120B0025080
:1082A000D4B00250D8B0025040821C98C0900C88C4
:1082B000C0700C8880310C88004818510098185103
:1082C0008051022940121071C0612498400210713F
:1082D000C0901C88343A13680693069BDC07FAD5D5
:1082E000104B1149114A196013680793079BD8076F
:1082F000FAD50C4B0E490D4A196013680893089B78
:10830000D907FAD5074B0B4A1A6000203BE707F064
:108310000707052F4FF001003FF435AFE8E64FF0B7
:108320000008ADE580B00250C0100221B0B002508C
:1083300080110C61C0601098F0B595B07D4C1A9E0C
:10834000370347EA864747F0045545F0800526681D
:108350000096009EF607FAD51B9C764E920142EAE3
:108360000434754A44F01044156044F40024326823
:108370000192019AD507FAD56F4A6E4E146047EA0A
:10838000811747F010478A0134680294029CE40781
:10839000FAD54FEA033C4CEA834C674B654C1F60AF
:1083A0004CF0045646F0800623680393039BDF07D6
:1083B000FAD5614B5F4C1E6023680493049BDD0774
:1083C000FAD55D4B5D4F5E4C5A4E1C6047EA8147C3
:1083D0008C0433680593059BDB07FAD5564B554E45
:1083E0001F604CF0104C4CF4807C33680693069B65
:1083F000DD07FAD5504E534D4E4FC6F800C045EA42
:10840000801586013B680793079BDB07FAD54A4F27
:108410004D4BDFF820C13D6043EA003E0703DCF826
:1084200000300893089BDD07F9D5434DDFF828C1DC
:10843000C5F800E01C9B30354CEA834E2B6809934D
:10844000099BDB07FAD53C4B3A4DC3F800E02B689B
:108450000A930A9BDB07FAD5374B3C4DDFF8FCC08B
:108460001D60344D46EA0C0C2B680B930B9BDB070D
:10847000FAD5314B2F4DC3F800C03E4346F00456A9
:1084800046F400262B680C930C9BDF07FAD52A4D87
:108490002F4B2E6043EA804030352B680D930D9BA7
:1084A000DE07FAD5244B234D18602B680E930E9BE4
:1084B000DB07FAD5204B274D1E481D60144344EAC4
:1084C000013444F004550E0303680F930F9BDF073C
:1084D000FAD5194B17481D6044F0104403681093F7
:1084E000109BDB07FAD5144B12481C6003681193EC
:1084F000119BDF07FAD5104B0E481D60164346F05E
:10850000245646F4101603681293129BDC07FAD522
:10851000094B08481E600A4342F0484242F4A21246
:1085200003681393139BDB07FAD5034B1A6015B04E
:10853000F0BD00BFB0B0025080B00250802000906B
:1085400080200821004010210001102180202029D6
:10855000802000214021282900410021024010C82C
:1085600030B42D4C88B0206800900098C507FAD52B
:108570002A4C2B482B4D2560303440EA8345236834
:108580000193019BD807FAD5900140EA8240234B22
:10859000214A1D6040F0104444F4C0441368029323
:1085A000029BDB07FAD51D4B1B4A1C601368039323
:1085B000039BDD07FAD58B0143EA8141174B1A4D26
:1085C0001D60154A41F0104545F4C04513680493F9
:1085D000049BDB07FAD5114B0F4A1D601368059306
:1085E000059BDD07FAD50D4B0B4A1C6041F0584145
:1085F00013680693069BDC07FAD5084B064A1960F8
:1086000040F0584013680793079BDB07FAD5034BEC
:10861000186008B030BC7047B0B0025080B0025053
:1086200080710098C0210229806118902DE9F043E3
:1086300085B000284CD00E4600294ED01546002AA1
:108640004DD0002B3FD0D0F8BC22039305F14C074E
:1086500000F5B6731F3201F1040905F10408CDE9F4
:10866000018700935209494600F592730446FEF7CC
:108670005DFC0746A8B94FF43772214606F1500059
:10868000FDF744FB174B336021464FF4377205F179
:108690009400FDF73BFB144B2B60384605B0BDE85A
:1086A000F08300244846346021462C604C22FDF7BC
:1086B00031FB404621469022FDF72CFB0B4F3846FC
:1086C00005B0BDE8F0830A4F384605B0BDE8F08339
:1086D000084F384605B0BDE8F083074FDDE7074F88
:1086E000DBE700BF020000EC010000EC3008F00006
:1086F0000508F0000208F0000308F0000408F0008C
:108700000048704764EF04000048704740F20400DE
:10871000004870471CF5040000487047F8F7040053
:1087200000487047D4FA040000487047B0FD0400C8
:10873000004870478C00050000487047680305003A
:1087400000487047440605000048704720090500AE
:1087500000487047FC0B05000B460146184600F028
:10876000C9BE000010EE101AC1F3C752002910B4A0
:10877000A2F17F04B4BF4FF0FF3001201E2C0EDCAD
:10878000002C1BDBC1F31603162C43F400030DDD94
:10879000963A934003FB00F05DF8044B7047FDEE02
:1087A000C07A5DF8044B17EE900A70474FF48002D0
:1087B00022411344C4F11704E340EBE7013418BF2E
:1087C00000205DF8044B704781F0004102E000BFDB
:1087D00083F0004330B54FEA41044FEA430594EA81
:1087E000050F08BF90EA020F1FBF54EA000C55EABC
:1087F000020C7FEA645C7FEA655C00F0E2804FEA8D
:108800005454D4EB5555B8BF6D420CDD2C4480EA6E
:10881000020281EA030382EA000083EA010180EA9E
:10882000020281EA0303362D88BF30BD11F0004FEC
:108830004FEA01314FF4801C4CEA113102D0404222
:1088400061EB410113F0004F4FEA03334CEA13335D
:1088500002D0524263EB430394EA050F00F0A78075
:10886000A4F10104D5F1200E0DDB02FA0EFC22FA70
:1088700005F2801841F1000103FA0EF2801843FA64
:1088800005F359410EE0A5F120050EF1200E012A55
:1088900003FA0EFC28BF4CF0020C43FA05F3C01893
:1088A00051EBE37101F0004507D54FF0000EDCF10C
:1088B000000C7EEB00006EEB0101B1F5801F1BD3B5
:1088C000B1F5001F0CD349085FEA30004FEA3C0CB9
:1088D00004F101044FEA445212F5800F80F09A80AF
:1088E000BCF1004F08BF5FEA500C50F1000041EBB3
:1088F000045141EA050130BD5FEA4C0C404141EBB7
:108900000101013C28BFB1F5801FE9D291F0000FB1
:1089100004BF01460020B1FA81F308BF2033A3F160
:108920000B03B3F120020CDA0C3208DD02F1140C57
:10893000C2F10C0201FA0CF021FA02F10CE002F192
:108940001402D8BFC2F1200C01FA02F120FA0CFC8B
:10895000DCBF41EA0C019040E41AA2BF01EB0451D4
:10896000294330BD6FEA04041F3C1CDA0C340EDCD2
:1089700004F11404C4F1200220FA04F001FA02F315
:1089800040EA030021FA04F345EA030130BDC4F1D3
:108990000C04C4F1200220FA02F001FA04F340EAC8
:1089A0000300294630BD21FA04F0294630BD94F079
:1089B000000F83F4801306BF81F480110134013D60
:1089C0004EE77FEA645C18BF7FEA655C29D094EAD1
:1089D000050F08BF90EA020F05D054EA000C04BF4F
:1089E0001946104630BD91EA030F1EBF002100203A
:1089F00030BD5FEA545C05D14000494128BF41F0D9
:108A0000004130BD14F580043CBF01F5801130BD3C
:108A100001F0004545F0FE4141F470014FF00000C7
:108A200030BD7FEA645C1ABF194610467FEA655C78
:108A30001CBF0B46024650EA013406BF52EA03351A
:108A400091EA030F41F4002130BD00BF90F0000F08
:108A500004BF0021704730B54FF4806404F1320444
:108A60004FF000054FF0000150E700BF90F0000FFD
:108A700004BF0021704730B54FF4806404F1320424
:108A800010F0004548BF40424FF000013EE700BFF4
:108A900042004FEAE2014FEA31014FEA02701FBF84
:108AA00012F07F4393F07F4F81F06051704732F0B6
:108AB0007F4208BF704793F07F4F04BF41F400210D
:108AC000704730B54FF4607401F0004521F000416B
:108AD0001CE700BF50EA010208BF704730B54FF0F5
:108AE00000050AE050EA010208BF704730B511F0F6
:108AF000004502D5404261EB41014FF4806404F12E
:108B000032045FEA915C3FF4D8AE4FF003025FEAB3
:108B1000DC0C18BF03325FEADC0C18BF033202EB37
:108B2000DC02C2F1200300FA03FC20FA02F001FA91
:108B300003FE40EA0E0021FA02F11444BDE600BF34
:108B400070B54FF0FF0C4CF4E06C1CEA11541DBFE3
:108B50001CEA135594EA0C0F95EA0C0F00F0DEF8AE
:108B60002C4481EA030621EA4C5123EA4C5350EA93
:108B7000013518BF52EA033541F4801143F48013E4
:108B800038D0A0FB02CE4FF00005E1FB02E506F075
:108B90000042E0FB03E54FF00006E1FB03569CF0CA
:108BA000000F18BF4EF0010EA4F1FF04B6F5007FD0
:108BB00064F5407404D25FEA4E0E6D4146EB060642
:108BC00042EAC62141EA55514FEAC52040EA5E50CB
:108BD0004FEACE2EB4F1FD0C88BFBCF5E06F1ED875
:108BE000BEF1004F08BF5FEA500E50F1000041EBAC
:108BF000045170BD06F0004646EA010140EA020059
:108C000081EA0301B4EB5C04C2BFD4EB0C0541EA7A
:108C1000045170BD41F480114FF0000E013C00F38F
:108C2000AB8014F1360FDEBF002001F0004170BDB3
:108C3000C4F10004203C35DA0C341BDC04F11404CC
:108C4000C4F1200500FA05F320FA04F001FA05F258
:108C500040EA020001F0004221F0004110EBD37025
:108C600021FA04F642EB06015EEA430E08BF20EA51
:108C7000D37070BDC4F10C04C4F1200500FA04F3F4
:108C800020FA05F001FA04F240EA020001F0004186
:108C900010EBD37041F100015EEA430E08BF20EAF9
:108CA000D37070BDC4F1200500FA05F24EEA020E41
:108CB00020FA04F301FA05F243EA020321FA04F070
:108CC00001F0004121FA04F220EA020000EBD37027
:108CD0005EEA430E08BF20EAD37070BD94F0000F27
:108CE0000FD101F00046400041EB010111F4801F5B
:108CF00008BF013CF7D041EA060195F0000F18BF0C
:108D0000704703F00046520043EB030313F4801F47
:108D100008BF013DF7D043EA0603704794EA0C0F01
:108D20000CEA135518BF95EA0C0F0CD050EA410617
:108D300018BF52EA4306D1D181EA030101F0004194
:108D40004FF0000070BD50EA410606BF10461946BC
:108D500052EA430619D094EA0C0F02D150EA0136C8
:108D600013D195EA0C0F05D152EA03361CBF104609
:108D700019460AD181EA030101F0004141F0FE41A8
:108D800041F470014FF0000070BD41F0FE4141F42C
:108D9000780170BD70B54FF0FF0C4CF4E06C1CEA2C
:108DA00011541DBF1CEA135594EA0C0F95EA0C0FE1
:108DB00000F0A7F8A4EB050481EA030E52EA03359C
:108DC0004FEA013100F088804FEA03334FF08055BD
:108DD00045EA131343EA12634FEA022245EA1115EA
:108DE00045EA10654FEA00260EF000419D4208BF9B
:108DF000964244F1FD0404F5407402D25B084FEA48
:108E00003202B61A65EB03055B084FEA32024FF4F3
:108E100080104FF4002CB6EB020E75EB030E22BF50
:108E2000B61A754640EA0C005B084FEA3202B6EB10
:108E3000020E75EB030E22BFB61A754640EA5C00BF
:108E40005B084FEA3202B6EB020E75EB030E22BF4F
:108E5000B61A754640EA9C005B084FEA3202B6EB50
:108E6000020E75EB030E22BFB61A754640EADC000F
:108E700055EA060E18D04FEA051545EA16754FEA71
:108E800006164FEAC30343EA52734FEAC2025FEA8F
:108E90001C1CC0D111F4801F0BD141EA00014FF01E
:108EA00000004FF0004CB6E711F4801F04BF0143EF
:108EB0000020B4F1FD0C88BFBCF5E06F3FF6AFAE0B
:108EC000B5EB030C04BFB6EB020C5FEA500C50F19B
:108ED000000041EB045170BD0EF0004E4EEA11311E
:108EE00014EB5C04C2BFD4EB0C0541EA045170BD25
:108EF00041F480114FF0000E013C90E645EA060E69
:108F00008DE60CEA135594EA0C0F08BF95EA0C0F96
:108F10003FF43BAF94EA0C0F0AD150EA01347FF4DE
:108F200034AF95EA0C0F7FF425AF104619462CE7B5
:108F300095EA0C0F06D152EA03353FF4FDAE104618
:108F4000194622E750EA410618BF52EA43067FF469
:108F5000C5AE50EA41047FF40DAF52EA43057FF4F9
:108F6000EBAE12E74FF0FF3C06E000BF4FF0010C04
:108F700002E000BF4FF0010C4DF804CD4FEA410C68
:108F80007FEA6C5C4FEA430C18BF7FEA6C5C1BD035
:108F900001B050EA410C0CBF52EA430C91EA030FB6
:108FA00002BF90EA020F0020704710F1000F91EA13
:108FB000030F58BF994208BF90422CBFD8176FEAE1
:108FC000E37040F0010070474FEA410C7FEA6C5CAF
:108FD00002D150EA013C07D14FEA430C7FEA6C5CB6
:108FE000D6D152EA033CD3D05DF8040B704700BFE2
:108FF0008446104662468C461946634600E000BF30
:1090000001B5FFF7B7FF002848BF10F1000F01BD01
:109010004DF808EDFFF7F4FF0CBF012000205DF8CC
:1090200008FB00BF4DF808EDFFF7EAFF34BF012051
:1090300000205DF808FB00BF4DF808EDFFF7E0FFEA
:1090400094BF012000205DF808FB00BF4DF808ED3B
:10905000FFF7CEFF94BF012000205DF808FB00BFA2
:109060004DF808EDFFF7C4FF34BF012000205DF884
:1090700008FB00BF4FEA410C7FEA6C5C02D150EA6A
:10908000013C0AD14FEA430C7FEA6C5C02D152EA00
:10909000033C02D14FF0000070474FF001007047D1
:1090A0004FEA410212F5001215D211D56FF4787310
:1090B000B3EB625212D94FEAC12343F0004343EAB3
:1090C000505311F0004F23FA02F018BF404270478E
:1090D0004FF00000704750EA013005D111F0004018
:1090E00008BF6FF0004070474FF00000704700BFAE
:1090F0004FEA4102B2F1E04324BFB3F5001CDCF1BA
:10910000FE5C0DD901F0004C4FEAC0024CEA5070F1
:10911000B2F1004F40EB830008BF20F00100704720
:1091200011F0804F21D113F13872BCBF01F0004023
:10913000704741F480114FEA5252C2F11802C2F155
:10914000200C10FA0CF320FA02F018BF40F00100D6
:109150004FEAC1234FEAD32303FA0CFC40EA0C0088
:1091600023FA02F34FEA4303CCE77FEA625307D1C5
:1091700050EA01331EBF4FF0FE4040F440007047FC
:1091800001F0004040F0FE4040F40000704700BF96
:1091900053B94AB9002908BF00281CBF4FF0FF315E
:1091A0004FF0FF3000F082B9ADF1080C6DE904CE4C
:1091B00000F01AF8DDF804E0DDE9022304B070479E
:1091C000430803F05533C01A830803F0333300F02B
:1091D0003330184400EB101000F00F3000EB00208B
:1091E00000EB0040000E70472DE9F047089D044653
:1091F0008C46002B40F083808A42174647D9B2FA4A
:1092000082F242B1C2F1200024FA00F0914097406E
:1092100040EA010C94404FEA1748230CBCFBF8F6D7
:109220001FFA87FE08FB16C143EA014306FB0EF155
:10923000994209D9FB1806F1FF3080F01981994253
:1092400040F21681023E3B445B1AA4B2B3FBF8F035
:1092500008FB103344EA034400FB0EFEA64509D97F
:109260003C1900F1FF3380F00581A64540F20281F0
:1092700002383C4440EA0640A4EB0E0400261DB12F
:10928000D4400023C5E900433146BDE8F08702B968
:10929000FFDEB2FA82F2002A50D1CB1B4FEA174E02
:1092A0001FFA87F80126B3FBFEFC210C0EFB1C33D2
:1092B00041EA034108FB0CF38B4207D979180CF102
:1092C000FF3002D28B4200F2E9808446C91AA3B271
:1092D000B1FBFEF00EFB101143EA014408FB00F85D
:1092E000A04507D93C1900F1FF3302D2A04500F296
:1092F000D9801846A4EB080440EA0C40BFE78B4233
:1093000009D9002D00F0B1800026C5E900013046E2
:109310003146BDE8F087B3FA83F6002E4AD18B427E
:1093200002D3824200F2B880841A61EB030101206B
:109330008C46002DA8D0C5E9004CA5E7C2F120035A
:1093400020FA03F6974001FA02F04FEA174ED9408F
:109350003043030CB1FBFEF61FFA87F80EFB161123
:1093600043EA014306FB08F1994204FA02F409D9E1
:10937000FB1806F1FF3C80F08D80994240F28A8014
:10938000023E3B445B1A81B2B3FBFEF00EFB10338E
:1093900041EA034100FB08F38B4207D9791800F139
:1093A000FF3C73D28B4271D902383944CB1A40EA60
:1093B000064678E7C6F1200C03FA06F422FA0CF30D
:1093C0001C4320FA0CF701FA06F34FEA144E21FA77
:1093D0000CF11F433B0CB1FBFEF91FFA84F80EFBA6
:1093E000191143EA014109FB08FA8A4502FA06F21B
:1093F00000FA06F308D9611809F1FF3048D28A450E
:1094000046D9A9F102092144A1EB0A01BFB2B1FB7F
:10941000FEF00EFB101147EA014700FB08F8B845C3
:1094200007D9E71900F1FF312ED2B8452CD90238FF
:10943000274440EA0940A7EB0807A0FB02894F45F3
:10944000C64649461AD317D05DB1B3EB0E0267EB9F
:10945000010707FA0CFCF2404CEA0202F740C5E9AA
:10946000002700263146BDE8F0872E4628460BE748
:109470000646E9E61846FDE64345E5D2B8EB020E9E
:1094800069EB04010138DFE70846D2E760468DE763
:109490008146B9E7664675E730464AE7ACF1020C0B
:1094A000394413E702383C4424E700BF704700BF4B
:1094B0001FB514461A46094B1B680546D8684CB1BF
:1094C000074B0091CDE9013406492B4600F03AF8EC
:1094D00001F052FA044B1C46F3E700BF7461002010
:1094E000D80E0500E50E0500130F05000A22002125
:1094F00001F0F2B810B5054C13462CB10A460146EE
:109500000220AFF3008010BD2046FCE70000000001
:10951000014B1868704700BF7461002008B5074B05
:10952000044613B10021AFF30080054B1868836A2D
:1095300003B19847204603F001F900BF0000000086
:10954000140F05000EB403B5014603AB054853F8EC
:10955000042B0068019300F04DF902B05DF804EBB4
:1095600003B070477461002070B50D4D0D4C641B45
:10957000A4100026A64209D10B4D0C4C03F0E0F8D4
:10958000641BA4100026A64205D170BD55F8043B0B
:1095900098470136EEE755F8043B98470136F2E765
:1095A0004463002044630020446300208C63002057
:1095B000024B0146186800F099B800BF74610020A2
:1095C000024B0146186800F041B800BF74610020EA
:1095D00030B501390024A24201D1002005E0035D2D
:1095E00001340D5DAB42F6D0581B30BD0A449142A8
:1095F00000F1FF3300D1704710B511F8014B03F8AB
:10960000014F9142F9D110BD884210B501EB02041F
:1096100002D98442234607D8431EA14208D011F83C
:10962000012B03F8012FF8E7024401468A4200D1DA
:1096300010BD13F8014D02F8014DF7E7024403464F
:10964000934200D1704703F8011BF9E737B50029B1
:1096500048D051F8043C0190002BA1F10404B8BF9C
:10966000E41802F085FA204A01981368154633B9C8
:109670006360146003B0BDE8304002F07FBAA342DB
:109680000BD921686218934204BF1A685B68636053
:1096900004BF521822602C60ECE71A465B680BB1DD
:1096A000A342FAD911685518A5420BD12468214468
:1096B0005418A3421160DDD11C685B6853602144DB
:1096C0001160D7E702D90C230360D3E7256861193D
:1096D0008B4204BF19685B68636004BF491921604D
:1096E0005460C7E703B030BD34A00020F8B5CD1CEE
:1096F00025F0030508350C2D38BF0C25002D064636
:1097000001DBA94203D90C2333600020F8BD02F02D
:109710002FFA21490A6814469CB9204F3B6823B9A7
:109720002146304600F000FE38602946304600F001
:10973000FBFD431C23D10C233360304602F01EFA9C
:10974000E3E723685B1B17D40B2B03D923601C446E
:10975000256004E06368A2420CBF0B605360304692
:1097600002F00CFA04F10B00231D20F00700C21ACE
:10977000CCD01B1AA350C9E722466468CCE7C41CAE
:1097800024F00304A042E3D0211A304600F0CCFDBF
:109790000130DDD1CFE700BF34A0002038A0002089
:1097A0009368013B002B10B4936008DA9469A342DC
:1097B00001DB0A2903D15DF8044B01F01DB81368E1
:1097C000581C1060197008465DF8044B7047F8B5D6
:1097D00006460F461446D518AC4201D1002007E0DA
:1097E00014F8011B3A463046FFF7DAFF431CF3D169
:1097F000F8BD00002DE9F04F0D469DB01446984687
:10980000064618B183690BB902F042F8894B9D42B4
:109810001BD175686B6ED90705D4AB899A0502D444
:10982000A86D02F0D8F8AB891B0701D52B69EBB9FD
:109830002946304601F032F8C0B16B6EDC070ED518
:109840004FF0FF301DB0BDE8F08F7B4B9D4201D142
:10985000B568DFE7794B9D4208BFF568DAE7AB8969
:109860009805EDD4A86D02F0B7F8E9E70023099355
:1098700020238DF82930CDF80C803023DFF8C0810B
:109880008DF82A304FF0010923469A4613F8012B30
:109890000AB1252AF9D1BAEB040B0BD05B4622465C
:1098A00029463046FFF793FF013000F0AA80099A5D
:1098B0005A4409929AF80030002B00F0A28000234D
:1098C0004FF0FF32CDE905230AF1010A0493079313
:1098D0008DF853301A935446052214F8011B58484A
:1098E00002F0F6F8049AD8B9D10644BF20238DF8C7
:1098F0005330130744BF2B238DF853309AF80030B0
:109900002A2B15D0079A544600204FF00A0C214606
:1099100011F8013B303B092B4ED9B0B1079214E04E
:10992000A0EB080309FA03F313430493A246D2E71A
:10993000039B191D1B680391002BBBBF5B4242F0C8
:10994000020207930793B8BF049223782E2B0CD101
:1099500063782A2B35D1039B1A1D1B680392002BB9
:10996000B8BF4FF0FF3302340593DFF8E4A021784D
:109970000322504602F0ACF840B14023A0EB0A00AD
:1099800003FA00F0049B03430134049314F8011B11
:109990002C488DF82810062202F09AF800283FD0B3
:1099A000294B1BBB039B073323F0070308330393A7
:1099B000099B3B44099367E70CFB02320C460120EC
:1099C000A5E700230134059319464FF00A0C204601
:1099D00010F8012B303A092A03D9002BC5D0059184
:1099E000C3E70CFB012104460123F0E703AB00931E
:1099F0002A46164B04A9304600F0CCF80746781CDE
:109A0000D6D16B6ED90705D4AB899A0502D4A86D5F
:109A100001F0E2FFAB895B063FF512AF099811E751
:109A200003AB00932A46094B04A9304600F056FBCD
:109A3000E4E700BF8C100500AC1005006C100500B9
:109A4000180F0500220F0500959B0400CF97040016
:109A50001E0F05002DE9FF4755EC104B002D0E465B
:109A600019462B46BBBF05F100431D4600232D239D
:109A70000B700D9BDDF830A0914623F02008BCBF91
:109A800022461446B8F1460F05D0B8F1450F00D173
:109A90000136022100E0032103AB019302AB0093E6
:109AA00045EC104B5346324600F0FAFFB8F1470F31
:109AB000074602D119F0010F22D0B8F1460F07EB8B
:109AC000060910D13B78302B0AD100220023204612
:109AD0002946FFF79DFA18B9C6F10106CAF80060D9
:109AE000DAF8003099440022002320462946FFF787
:109AF0008FFA08B1CDF80C903022039B4B4507D369
:109B0000039B0E9ADB1B3846136004B0BDE8F08758
:109B1000591C03911A70F0E7F7B503460029B8BF46
:109B2000494203F8022BB4BF2D222B22092942708F
:109B30002ADD0DF10704A4460A27A6460A4691FB32
:109B4000F7F607FB16153035632A04F1FF340EF8DB
:109B5000015C3146F1DC3031AEF1020504F8011C44
:109B6000441C294661450AD30DF10902A2EB0E02FD
:109B7000654588BF00221344181A03B0F0BD11F8E0
:109B8000012B04F8012FEDE7302330318370C170D1
:109B9000031DF1E72DE9F04F2DED028B8DB00C4642
:109BA000DDF8608016461F46054601F00FFFD0F82D
:109BB00000A0504600F05BFC00230A932368059345
:109BC000D8F8003094F818B0073323F0070303F1F6
:109BD0000802C8F80020D3E90023C4E91223D4E91D
:109BE000128929F000430793CDF8188008EE100A77
:109BF0009F4BDDE906014FF0FF32FFF73BFA88BBD0
:109C0000DDE906019A4B4FF0FF32FFF715FA48BB2A
:109C10000022002340464946FFF704FA10B12D23E5
:109C200084F84330934B9448BBF1470F94BF984658
:109C3000804603232361059B23F0040222604FF03A
:109C40000009009733460BAA2146284600F0D8F9B0
:109C5000013040F090804FF0FF300DB0BDEC028B32
:109C6000BDE8F08F42464B4640464946FFF702FAB0
:109C700040B14B46002BBCBF2D2384F843307F48B6
:109C80007F4BD1E763680BF0DF0206925A1C3FD18D
:109C900006236360059B616843F48062002303939D
:109CA0000AABCDE901B309AB49EC108B00932260FC
:109CB0000DF123032846FFF7CDFE069B0999472B9C
:109CC000804608D1C81C02DB6368994241DDABF1D4
:109CD000020B5FFA8BFBBBF1650F20D801395A46A6
:109CE00004F150000991FFF717FF0A9A1318012A8F
:109CF0008146236102DC2268D20701D5013323614A
:109D00009DF82330002B9CD02D2384F8433098E716
:109D1000069A472ABED1002BBCD10123B9E7BBF17B
:109D2000660F18D1002963680BDD216113B9226821
:109D3000D00702D501330B442361A1654FF0000920
:109D4000DEE713B92268D20701D50233F4E7012315
:109D5000F2E74FF0670B0A9B994205DB236821610C
:109D6000D807EAD54B1CE7E70029D4BFC1F10202AE
:109D700001221344E0E723685A0507D423694246C9
:109D800031462846B84701302CD164E7BBF1650F56
:109D900040F2E080D4E9120100220023FFF738F9F5
:109DA000002834D0374A012331462846B8470130CD
:109DB0003FF451AFDDE909239A4202DB2368D8075B
:109DC00010D518EE103A524631462846B8470130B1
:109DD0003FF441AF4FF0000804F11A090A9B013B20
:109DE000434509DC23689B0700F10581E0680B9B74
:109DF0009842B8BF184630E701234A463146284604
:109E0000B84701303FF427AF08F10108E6E7099BA6
:109E1000002B39DC1B4A012331462846B847013064
:109E20003FF419AFDDE90923134302D12368D907B1
:109E3000D8D518EE103A524631462846B847013078
:109E40003FF409AF4FF0000904F11A0A099B5B4285
:109E50004B4501DC0A9B92E70123524631462846D6
:109E6000B84701303FF4F7AE09F10109EEE700BF52
:109E7000FFFFEF7F290F05002D0F0500350F0500AF
:109E8000310F0500390F05000A9AA36D9A42A8BF49
:109E90001A46002A914637DC4FF0000B29EAE9798F
:109EA00004F11A02A36D0593A3EB09035B4533DCB0
:109EB000DDE909239A423BDB2368DA0738D40A9AA2
:109EC000059B0999D31AA2EB01099945A8BF9946A8
:109ED000B9F1000F35DC4FF0000829EAE97904F107
:109EE0001A0ADDE909239B1AA3EB090343457FF70F
:109EF00079AF0123524631462846B84701303FF436
:109F0000AAAE08F10108ECE713463146424628465E
:109F1000B8470130C0D19EE601233146284605925C
:109F2000B84701303FF497AE059A0BF1010BB9E742
:109F300018EE103A524631462846B8470130BED195
:109F400089E6059A4B46424431462846B8470130D7
:109F5000C1D180E60A9A012A01DCDB0738D501234A
:109F6000424631462846B84701303FF474AE18EEF9
:109F7000103A524631462846B84701303FF46BAE9E
:109F8000D4E9120100220023FFF742F8D8B90A9B56
:109F900008F10102013B31462846B84701300ED195
:109FA00059E60123524631462846B84701303FF46E
:109FB00052AE08F101080A9B013B4345F1DC4B46D8
:109FC00004F15002DCE64FF0000804F11A0AF2E74F
:109FD00001234246DFE701234A4631462846B84777
:109FE00001303FF438AE08F10108E3680B995B1AC1
:109FF0004345F0DCFAE64FF0000804F11909F4E7F4
:10A000002DE9F047164699468A680B69DDF82080ED
:10A010009342B8BF1346336091F8432007460C467D
:10A020000AB1013333602368990642BF33680233B3
:10A030003360256815F0060506D104F1190AE368B6
:10A0400032689B1AAB4226DC94F84320131E226828
:10A0500018BF012392062BD404F143024946384627
:10A06000C04701301ED02368E568326803F006035C
:10A07000042B08BFAD1AA36822690CBF25EAE57559
:10A0800000259342C4BF9B1AED1800261A34B5422E
:10A090001AD1002008E00123524649463846C047FD
:10A0A000013003D14FF0FF30BDE8F0870135C6E73E
:10A0B000E1185A1C302081F84300224494F84510DE
:10A0C00082F843100233C7E7012322464946384647
:10A0D000C0470130E6D00136D9E700002DE9FF473F
:10A0E0000C469146277E0C99782F80469A4604F1BB
:10A0F000430207D8622F0AD8002F00F0D880582FCB
:10A1000000F0A38004F1420684F842703AE0A7F11F
:10A110006303152BF6D801A050F823F075A10400B5
:10A1200089A1040005A1040005A1040005A1040003
:10A1300005A1040089A1040005A1040005A10400F3
:10A1400005A1040005A1040095A20400B9A1040022
:10A1500077A2040005A1040005A10400B7A2040031
:10A1600005A10400B9A1040005A1040005A1040093
:10A170007FA204000B681A1D1B680A6004F14206E6
:10A1800084F842300123A3E0256808682E0600F118
:10A1900004030AD505680B60002D03DA2D236D42F8
:10A1A00084F843305E480A2319E015F0400F056833
:10A1B0000B6018BF2DB2EFE70B682568181D08600B
:10A1C000280601D51D6802E06906FBD51D885448A4
:10A1D0006F2F0CBF08230A23002184F84310666800
:10A1E000A660002EA2BF216821F0040121600DB9F4
:10A1F000002E4DD01646B5FBF3F103FB1157C75D9A
:10A2000006F8017D2F46BB420D46F4D9082B0BD131
:10A210002368DF0708D5236961689942DEBF3023D0
:10A2200006F8013C06F1FF36921B2261CDF800A032
:10A230004B4603AA21464046FFF7E2FE01304CD1CF
:10A240004FF0FF3004B0BDE8F087354884F8457022
:10A2500023680E681F0656F8045B0E6014D5D907F4
:10A2600044BF43F0200323601DB9236823F020037B
:10A2700023601023B0E7236843F020032360782392
:10A28000284884F84530E3E75E0648BFADB2E6E70C
:10A290001646BBE70B68266860691D1D0D60350614
:10A2A0001B6801D5186002E07106FBD518800023F9
:10A2B00023611646BAE70B681A1D0A601E686268B9
:10A2C0000021304601F004FC08B1801B6060636827
:10A2D0002361002384F84330A8E7236932464946C6
:10A2E0004046D0470130ABD023689B0713D4E068C9
:10A2F000039B9842B8BF1846A4E70123324649465B
:10A300004046D04701309BD00135E36803995B1A82
:10A31000AB42F2DCEBE7002504F11906F5E700BFDC
:10A320003B0F05004C0F050038B5064D00230446D1
:10A3300008462B60F9F736FE431C02D12B6803B1A7
:10A34000236038BDECA200200CB430B5174B0C1EB6
:10A350001D689DB008DA8B232B604FF0FF301DB0D5
:10A36000BDE8304002B070474FF40273ADF81430CE
:10A3700014BF04F1FF332346049307934FF6FF7392
:10A3800002900690ADF81630209A21AB02A928461B
:10A39000019301F097FF431CBCBF8B232B60002C63
:10A3A000DDD0029B00221A70D9E700BF7461002043
:10A3B0000EB400B59CB01DAB029006906FF000414A
:10A3C000094807910491094953F8042B0591006845
:10A3D000019302A901F076FF029B00221A701CB0C3
:10A3E0005DF804EB03B07047746100200802FFFFC2
:10A3F00010B50246147813460132002CFAD1013B05
:10A4000011F8012B03F8012F002AF9D110BDC9B2B0
:10A41000034610F8012B1AB18A42F9D11846704749
:10A42000002918BF0023F9E710F8012B11F8013BB0
:10A43000012A28BF9A42F7D0D01A7047034611F874
:10A44000012B03F8012B002AF9D1704770B50346A0
:10A450001E4613F8014B44B14A1E01E0A54204D048
:10A4600012F8015F002DF9D1F2E7301A70BD0346F2
:10A4700013F8012B002AFBD1181A0138704710B5C8
:10A480006AB10139841810F8013B11F8012F934289
:10A4900003D1A04201D0002BF5D1981A10BD10466F
:10A4A000FCE710B50139034632B111F8014F03F84A
:10A4B000014B013A002CF7D11A440021934200D1FC
:10A4C00010BD03F8011BF9E738B503460C4669B91E
:10A4D000BDE83840FFF79BBF431C054621461846A0
:10A4E000FFF795FF0028F7D1284638BD0025F5E78E
:10A4F00070B503461E4613F8014B3CB14A1E01E0FD
:10A50000A542F7D012F8015F002DF9D1301A70BDC5
:10A51000F0B50C7864B103461A7818465E1C0AB987
:10A52000104605E0944208D10D4615F8012F02B9F6
:10A53000F0BD13F8017F9742F7D03346ECE70000F7
:10A54000134B73B51E68B46D0546C4B95020019114
:10A55000F5F7DAFCB065C0E90044C0E90244C0E99F
:10A560000444C0E90A44C0E90C44C0E90E44C0E90F
:10A570001044C0E912440199846104774462B26DC9
:10A580000123284602B0BDE8704000F003B800BFC8
:10A5900074610020F0B508B9106888B104462046FF
:10A5A00014F8015B0F4617F8016B1EB965B9156009
:10A5B000284605E0B542F6D1002BF0D114600370B7
:10A5C000F0BD1C460CE015B914F8013B0E4616F818
:10A5D000015BAB42F7D1002BF3D0002304F8013C20
:10A5E0001460EDE72DE9F0473A4E86468C4660460A
:10A5F0001CF8014BA55D15F00805F8D12D2C33D1C1
:10A600009CF800404FF0010800F1020C002B5CD0D8
:10A61000102B0CD1302C0AD19CF8000000F0DF0088
:10A6200058284DD19CF8014010230CF1020C08F180
:10A630000047013F0026B7FBF3F9304603FB197AC8
:10A64000A4F13005092D18D82C46A34224DD751C31
:10A6500007D081451DD301D1A2451ADB00FB034081
:10A6600001261CF8014BEBE72B2C08BF9CF800409F
:10A67000A84608BF00F1020CC8E7A4F14105192D56
:10A6800001D8373CE1E7A4F16105192D04D8573C06
:10A69000DBE74FF0FF36E4E7731C06D12223CEF848
:10A6A0000030384642B9BDE8F087B8F1000F00D05D
:10A6B0004042002AF7D00EB10CF1FF311160F2E7F1
:10A6C0003024002BB3D10823B1E7302CA4D00A23C7
:10A6D000ADE700BF5E0F050013460A46014602487B
:10A6E0000068FFF77FBF00BF746100202DE9F043D1
:10A6F0003B4E86468C4660461CF8014BA55D15F026
:10A700000805F8D12D2C34D19CF800404FF00108F9
:10A7100000F1020C002B5ED0102B0CD1302C0AD192
:10A720009CF8000000F0DF0058284FD19CF8014051
:10A7300010230CF1020C4FF0FF370025B7FBF3F7A5
:10A7400003FB07F96FEA09092846A4F13006092E30
:10A7500018D83446A34224DD002D1FDB87421DD3C9
:10A7600001D1A1451ADB00FB034001251CF8014B78
:10A77000EBE72B2C08BF9CF80040A84608BF00F16F
:10A78000020CC7E7A4F14106192E01D8373CE1E7D6
:10A79000A4F16106192E04D8573CDBE74FF0FF35D2
:10A7A000E4E7002D07DA2223CEF800304FF0FF3027
:10A7B00042B9BDE8F083B8F1000F00D04042002A52
:10A7C000F7D00DB10CF1FF311160F2E73024002B0E
:10A7D000B1D10823AFE7302CA2D00A23ABE700BFEA
:10A7E0005E0F050013460A46014602480068FFF75F
:10A7F0007DBF00BF74610020F8B50E4614460546C3
:10A8000018B183690BB901F043F8214B9C422BD15D
:10A810006C68A369A360A3891A072FD523696BB35A
:10A8200023692068C01A6369F6B28342374604DCA4
:10A830002146284600F098FF30BBA368013BA36087
:10A8400023685A1C22601E7063690130834204D061
:10A85000A389DB0706D50A2E04D12146284600F03D
:10A8600083FF88B93846F8BD0A4B9C4201D1AC68D9
:10A87000CFE7094B9C4208BFEC68CAE7214628464F
:10A8800000F00CF80028CBD04FF0FF37EAE700BF0C
:10A890008C100500AC1005006C100500324B70B533
:10A8A0001D6806460C4625B1AB6913B9284600F071
:10A8B000EFFF2E4B9C420FD16C68A389B4F90C209A
:10A8C00019072CD4DD0611D40923336042F040036C
:10A8D000A3814FF0FF303EE0254B9C4201D1AC6894
:10A8E000EBE7244B9C4208BFEC68E6E7580712D51B
:10A8F000616B41B104F14403994202D03046FEF746
:10A90000A5FE00236363A38923F02403A38100230E
:10A91000636023692360A38943F00803A38123694B
:10A920004BB9A38903F42073B3F5007F03D021460C
:10A93000304601F077F8A089B4F90C2010F001033B
:10A940000AD00023A36063695B42A361236943B912
:10A9500010F08000BAD170BD810758BF6369A36051
:10A96000F4E70020F7E700BF746100208C100500B9
:10A97000AC1005006C10050008B5062001F0CAFDFA
:10A98000012001F0DBFE2DE9F74F03690C69A342BA
:10A990000746C0F28180013C01F1140800F1140562
:10A9A00005EB8403019358F8243055F82420013333
:10A9B0009A424FEA840B08EB8409B2FBF3F631D3D9
:10A9C0004FF0000E4046AC46F24650F8042B93B2CE
:10A9D00006FB03E34FEA134E9BB2AAEB0303120CF0
:10A9E000DCF800A006FB02E213FA8AF34FEA124EEB
:10A9F0001FFA82FADCF80020CAEB124202EB234273
:10AA00009BB243EA024381454CF8043B4FEA224A99
:10AA1000DBD255F80B302BB9019B043B9D421A4603
:10AA20002ED33C61384601F0DAFA002824DB0136E7
:10AA300028464FF0000C58F8042BD0F800E093B2F1
:10AA4000ACEB0303120C13FA8EF3C2EB1E4202EBC3
:10AA500023429BB243EA0243C14540F8043B4FEA1C
:10AA6000224CE8D255F8242005EB840322B9043B9C
:10AA70009D421A460AD33C61304603B0BDE8F08FD0
:10AA80001268043B002ACCD1013CC7E71268043BA2
:10AA9000002AF0D1013CEBE70020EEE700000000C7
:10AAA0002DE9F04F2DED028B57EC106B95B0456AF8
:10AAB000DDF880800591CDE90267044609920F9385
:10AAC0003DB91020F5F720FAC0E901556062056034
:10AAD000C560636A196851B15A684A60012393409E
:10AAE0008B60204601F084F8636A00221A603B1EE6
:10AAF000B9BF23F0004303930023C8F80030DDF80A
:10AB00000C90B74BBCBF0122C8F8002033EA090300
:10AB10001BD10F9A42F20F731360C9F3130333432F
:10AB200000F07585219B63B9AE4B25E0AE4B0093D9
:10AB30000833219A1360009815B0BDEC028BBDE874
:10AB4000F08FA84B00930333F3E79DED027B0022C7
:10AB500051EC170B00238DED0A7BFEF759FA804666
:10AB600060B10F9A01231360219B002B00F04C85EC
:10AB70009E4B219A1360013B0093DCE79DED0A0B8D
:10AB800012AA13A9204601F0BCFAC9F30A5582465D
:10AB9000002D7ED00B9BCDF84080C3F31303DDE97D
:10ABA0000A6743F07F5747F44017A5F2FF35904BF3
:10ABB000002230463946FDF70BFE83A3D3E900237C
:10ABC000FDF7BEFF82A3D3E90023FDF703FE06468F
:10ABD00028460F46FDF74AFF7FA3D3E90023FDF780
:10ABE000AFFF02460B4630463946FDF7F3FD0646F9
:10ABF0000F46FEF755FA00228146002330463946BB
:10AC0000FEF710FA48B14846FDF730FF32463B46A2
:10AC1000FEF7FEF908B909F1FF39B9F1160F56D858
:10AC2000744B03EBC903D3E90023DDE90A01FEF706
:10AC3000F9F900284DD009F1FF3900230E93129B3A
:10AC40005D1B6B1E049343BF0023C5F101080493F1
:10AC50004FF00008B9F1000F3DDB049BCDF83490B4
:10AC60004B44049300230693059B092B00F29A8022
:10AC7000052BC4BF043B0593059BA3F10203CCBF86
:10AC800000250125032B00F29980DFE803F02C7DDD
:10AC90007B89DDE912531D4405F23243202BC1BFED
:10ACA000C3F1400305F2124009FA03F326FA00F05B
:10ACB000DABFC3F1200306FA03F01843FDF7C6FE1E
:10ACC00001230646A1F1F877013D10936FE70123B8
:10ACD000B4E70E90B3E7C9F1000306930023A8EB95
:10ACE00009080D93C0E700230893099B002B00F38C
:10ACF00085804FF0010BCDF804B05B46CDF824B051
:10AD0000666A00227260042202F11400984271689F
:10AD10007AD9204600F038FF636A30601B680093E0
:10AD2000019B0E2B00F2F580002D00F0F280B9F1AE
:10AD3000000F7DDD2F4A09F00F0302EBC30393EDF3
:10AD4000007B19F4807F4FEA2917B0EE478AF0EEB6
:10AD5000678A5DD0284BDDE90A01D3E90823FEF7B5
:10AD600019F8CDE9020107F00F070325224E002F45
:10AD700050D1DDE9020153EC182BFEF70BF8CDE9B9
:10AD800002016FE00123AFE700230893099B09EB61
:10AD9000030B0BF10103012B0193B8BF0123AFE7B4
:10ADA0000123F2E701250023059308954FF0FF3BAF
:10ADB0000022CDF804B012230992A1E701230893E1
:10ADC000F4E700BFAFF3008061436F63A787D23F12
:10ADD000B3C8608B288AC63FFB799F501344D33F8A
:10ADE0000000F07F671005005E1005003A0F0500B7
:10ADF0000000F83F00110500D8100500DDF824B070
:10AE0000CDF804B05B467BE70131716052007BE70F
:10AE10000225ABE7F90708D551EC180BD6E900235A
:10AE2000FDF78EFE41EC180B01357F1008369EE7CA
:10AE300000F0AB80C9F10006AA4BAB4F06F00F0241
:10AE400003EBC203D3E90023DDE90A01FDF778FE35
:10AE5000CDE90201361100230225002E40F08A8040
:10AE6000002B8CD10E9B002B00F09180DDE9026756
:10AE70009E4B002230463946FEF7D4F8002800F0F9
:10AE80008680019B002B00F08280BBF1000F3CDD2F
:10AE900009F1FF3307930022954B30463946FDF701
:10AEA0004FFECDE902010135CDF830B0DDE9026792
:10AEB0002846FDF7DBFD32463B46FDF741FE8D4B54
:10AEC0000022FDF787FCA1F15073CDE90201039345
:10AED0000C9B002B60D1884B002230463946FDF791
:10AEE00077FCDDE9022306460F46FEF7B9F8002895
:10AEF00040F09982DDE90221304601F100433946F4
:10AF0000FEF790F8002840F08B82DDE90A23CDE9B6
:10AF10000223139B002BC0F25B81B9F10E0F00F3EB
:10AF20005781704B03EBC90393ED007B099BB0EE97
:10AF3000478AF0EE678A002B80F2E280019B002BAB
:10AF400000F3DE8040F06C826B4B51EC170B00225B
:10AF5000FDF7F6FDDDE90223FEF778F8019E37469E
:10AF6000002840F04282009D312305F8013B09F1A1
:10AF700001093EE2F20705D5D7E90023FDF7E0FD20
:10AF8000013501237610083767E702256AE7019B40
:10AF9000CDF81C900C9389E700990C980C9A514BB2
:10AFA0009DED027B014402910899B0EE478AF0EED4
:10AFB000678A03EBC20353E90223002945D04F49B6
:10AFC0000020FDF7E7FE53EC182BFDF701FC009D78
:10AFD00041EC180B39463046FEF762F80C90FDF74D
:10AFE00045FD02460B4630463946FDF7F1FB0C9B0A
:10AFF000303305F8013B53EC182B06460F46FEF79D
:10B0000011F8002865D132463B4638490020FDF74B
:10B01000DFFB53EC182BFEF705F8002840F0B88052
:10B02000029B9D423FF471AF314B51EC180B002253
:10B03000FDF786FD2E4B41EC180B002230463946B9
:10B04000FDF77EFD06460F46C4E751EC170BFDF7F2
:10B0500077FD029B009D0C9341EC180B394630465E
:10B06000FEF71EF81190FDF701FD02460B46304633
:10B070003946FDF7ADFB119B303305F8013B029BD0
:10B080009D4206460F464FF0000225D11B4B51EC66
:10B09000180BFDF79FFB02460B4630463946FDF77D
:10B0A000DFFF002874D153EC182B14490020FDF762
:10B0B0008FFB02460B4630463946FDF7B3FF0028AA
:10B0C0003FF423AF0C9D6B1E0C9315F8013C302B05
:10B0D000F8D0DDF81C9049E0054BFDF731FD064640
:10B0E0000F46BBE700110500D81005000000F03F37
:10B0F0000000244000001C40000014400000E03F1D
:10B10000DDE90267009D53EC182B30463946FDF708
:10B1100041FEFDF7C5FF8046FDF7A8FC53EC182B58
:10B12000FDF70EFD02460B463046394608F1300663
:10B13000FDF74EFB05F8016B009E019FAE1BB74269
:10B1400002460B4637D1FDF745FB53EC182B06465C
:10B150000F46FDF785FFC8B953EC182B304639462A
:10B16000FDF756FF10B118F0010F0FD120465146E0
:10B1700000F03EFD00232B700F9B09F101001860C9
:10B18000219B002B3FF4D7AC1D60D4E4CDF81C907C
:10B190002B461D4613F8012D392A08D1009A9A42F0
:10B1A000F7D1079A00990132079230220A701A7873
:10B1B00001321A708DE79E4B0022FDF7C1FC002280
:10B1C000002306460F46FDF723FF00289BD0CDE75E
:10B1D000089A002A00F0C680059A012A00F3AA8086
:10B1E000109A002A00F0A28003F23343069E4546DF
:10B1F000049A01211A4420469844049200F09DFDCF
:10B200000746002D0BDD049B002B08DDAB42049AA2
:10B21000A8BF2B46A8EB0308ED1AD31A0493069B8C
:10B22000FBB1089B002B00F0A180002E11DD3946F8
:10B230003246204600F026FE52460146074620468A
:10B2400000F084FD51460790204600F0D1FC079B9A
:10B250009A46069B9A1B04D05146204600F012FEE7
:10B2600082460121204600F068FD0D9B002B06461A
:10B270007EDD1A460146204600F004FE059B012BA8
:10B28000064678DD00230693336906EB83031869CD
:10B2900000F003FDC0F12000049B184410F01F00D3
:10B2A00000F08880C0F12003042B40F38180C0F1BE
:10B2B0001C00049B0344804405440493B8F1000F30
:10B2C00005DD51464246204600F02AFE8246049B98
:10B2D000002B05DD31461A46204600F021FE0646C9
:10B2E0000E9B002B68D03146504600F078FE0028B7
:10B2F00062DA002351460A22204600F090FC089BA7
:10B3000009F1FF398246002B00F08881394600237D
:10B310000A22204600F083FCBBF1000F074600F331
:10B320008F80059B022B40F38B804DE0129BC3F175
:10B3300036035BE7019B5E1E069BB342BFBF069BC5
:10B340000696F21A0D9BB6BF9B189E1B0D93019B90
:10B35000B8BF0026002BB5BFA8EB0305019B002357
:10B36000454645E7069E089F45464AE7069A73E725
:10B37000059B012B18DC029BB3B9039BC3F313039A
:10B38000A3B9039B23F000431B0D1B052BB1049BAA
:10B390000133049308F10108012306930D9B002B50
:10B3A0007FF472AF012077E70023F6E7029BF4E712
:10B3B00084D018461C307CE7019B002B3ADC059BAF
:10B3C000022B37DDDDF804B0BBF1000F0DD13146A3
:10B3D0005B460522204600F022FC01460646504608
:10B3E00000F0FDFD00283FF7BEAD099B009D6FEA10
:10B3F00003094FF000083146204600F0F9FB002F0A
:10B400003FF4B4AEB8F1000F05D0B84503D04146C3
:10B41000204600F0EDFB3946204600F0E9FBA5E6AA
:10B4200000263746E1E70C9EDDF81C9037469AE58A
:10B4300000002440089BDDF804B0002B00F0F580EC
:10B44000002D05DD39462A46204600F069FD0746F5
:10B45000069B002B55D07968204600F095FB3A6991
:10B4600002320546920007F10C010C30FEF7BEF8DF
:10B4700001222946204600F053FD009B0133019331
:10B48000009B5B440793029B03F00103B8460693BD
:10B490000746019B3146504603F1FF3BFFF773FA25
:10B4A00003463033029041465046089300F097FD22
:10B4B0003A4604903146204600F0ADFDC268089B34
:10B4C000054602BB0146504600F089FD089B024636
:10B4D00029462046CDE9083200F08AFB059B099AEF
:10B4E000019D43EA0201069B0B43089B0DD1392BBA
:10B4F00027D0049A002A01DD029B31338BF80030FB
:10B5000079E73846B9E70122E2E70499002904DB2C
:10B51000059801430698014320D1002AEEDD5146EB
:10B5200001222046019300F0FBFC3146824600F0E8
:10B5300056FD0028019B02DCE0D1DA07DED5392B6D
:10B54000DAD139238BF800302B461D46013B15F824
:10B55000012C392A50D001321A704CE7002A03DD41
:10B56000392BEED00133C9E7019A079902F8013C63
:10B570008A422AD0514600230A22204600F04FFB7F
:10B58000B84582464FF000034FF00A02414620467C
:10B5900007D100F044FB80460746019B013301932D
:10B5A00077E700F03CFB3946804600230A2220461C
:10B5B00000F035FB0746F0E7BBF1000F009ACCBF67
:10B5C0005D46012515444FF00008514601222046F2
:10B5D000019300F0A5FC3146824600F000FD0028F2
:10B5E000B2DC02D1019BDB07AED42B461D4613F81B
:10B5F000012D302AFAD0FEE6009A9A42A5D13123D5
:10B6000009F101091370F6E6124BFFF7B5BA219B59
:10B61000002B7FF48BAA104BFFF7AEBABBF1000FE3
:10B6200003DC059B022B3FF7CFAE009D3146504611
:10B63000FFF7A9F900F1300305F8013B009AAA1AB7
:10B640009345B9DD514600230A22204600F0E7FA6F
:10B650008246EBE7390F05005E1005008A892DE967
:10B66000F041054610070C4658D44B68002B05DC0A
:10B670000B6C002B02DC0020BDE8F081E66A002E96
:10B68000F9D0002312F480522F682B6032D0606D05
:10B69000A3895A0705D56368C01A636B0BB1236C85
:10B6A000C01A00230246E66A216A2846B047431CB6
:10B6B000A38906D129681D292CD82A4ACA40D60751
:10B6C00028D500226260D9042269226004D5421C78
:10B6D00001D12B6803B96065616B2F600029CAD066
:10B6E00004F14403994202D02846FDF7AFFF002041
:10B6F0006063C1E7216A01232846B047411CC7D1D6
:10B700002B68002BC4D01D2B01D0162B01D12F602C
:10B71000B1E7A38943F04003A381ADE70F69002F90
:10B72000A9D093070E6808BF4B690F6018BF0023AC
:10B73000A6EB07088B60B8F1000F9CDD216AA66AB2
:10B7400043463A462846B047002806DCA38943F022
:10B750004003A3814FF0FF308EE70744A8EB0008B9
:10B76000E9E700BF0100402038B50B6905460C46EB
:10B7700013B90025284638BD18B183690BB900F00C
:10B7800087F8144B9C421BD16C68B4F90C30002B29
:10B79000EFD0626ED00704D4990502D4A06D00F0FA
:10B7A0001AF928462146FFF759FF636EDA07054666
:10B7B000E0D4A3899B05DDD4A06D00F00DF9D9E795
:10B7C000054B9C4201D1AC68DFE7044B9C4208BFAB
:10B7D000EC68DAE78C100500AC1005006C10050071
:10B7E000002310B50446C0E90033C0E90433836088
:10B7F00081814366C2818361194608225C30FDF76E
:10B800001DFF054B6362054BA362054BE362054BCD
:10B810002462236310BD00BF4DC504006FC5040042
:10B82000A7C50400CBC50400014900F0AFB800BFB4
:10B8300069B7040070B54A1E682555430E4605F1E8
:10B840007401FDF753FF044640B10021C0E9001622
:10B850000C30A06005F16802FDF7F0FE204670BDD7
:10B86000014800F0B8B800BFE8A20020014800F08D
:10B87000B3B800BFE8A20020014800F0ACB800BF98
:10B88000E3A20020014800F0A7B800BFE3A2002017
:10B8900010B50446FFF7F0FFA3691BB1BDE81040E7
:10B8A000FFF7F0BFC4E912332365134B134A1B683B
:10B8B000A262A34204BF0123A361204600F020F846
:10B8C0006060204600F01CF8A060204600F018F8E8
:10B8D0000022E06004216068FFF782FFA068012277
:10B8E0000921FFF77DFFE06802221221FFF778FFB0
:10B8F0000123A361D2E700BF140F050029B804009B
:10B90000F8B50746FFF7ACFF1E4B1E68B36913B9C5
:10B910003046FFF7BDFF4836D6E90134013B03D579
:10B9200033680BB33668F7E7B4F90C50D5B9164B4A
:10B93000E36004F15800656600F04CF8FFF796FFED
:10B94000C4E90155C4E904552560A56108222946CA
:10B9500004F15C00FDF772FEC4E90D55C4E912550F
:10B960002046F8BD6834D9E704213846FFF762FF66
:10B97000044630600028D5D1FFF778FF0C233B60E8
:10B98000EEE700BF140F05000100FFFF2DE9F843AB
:10B990000646884600F148040027D4E90195B9F12C
:10B9A000010905D52468002CF7D13846BDE8F88395
:10B9B000AB89012B07D9B5F90E30013303D02946E5
:10B9C0003046C04707436835E9E700000048704744
:10B9D000C862002070477047704770B50E46B1F9D5
:10B9E0000E10002996B014461D4607DA00232B607E
:10B9F000B3891A0610D44FF480630EE06A4600F053
:10BA000017FE0028F2DB019A02F47042A2F50053FF
:10BA10005A425A412A60EEE740230020236016B0C4
:10BA200070BD00008B8973B59D0706460C4607D58F
:10BA300004F14703236023610123636102B070BDF9
:10BA400001AB6A46FFF7C9FF009905463046FDF78E
:10BA50004DFE48B9B4F90C309A05EFD423F0030336
:10BA600043F00203A381E3E70D4BB362A389206097
:10BA700043F08003A381009B6361019B20615BB164
:10BA8000B4F90E10304600F0E5FD28B1A38923F08B
:10BA9000030343F00103A381A0890543A581CDE7FA
:10BAA00029B8040082B001B901A942B14BB11378A1
:10BAB0000B601278101E18BF012002B070471046AC
:10BAC000FBE76FF00100F8E7000000000000000055
:10BAD00001F0FF01102A2BDB10F0070F08D010F83F
:10BAE000013B013A8B422DD010F0070F42B3F6D143
:10BAF000F0B441EA012141EA014122F007047FF05C
:10BB000000070023F0E80256083C85EA010586EAB2
:10BB1000010685FA47F5A3FA87F586FA47F6A5FAEE
:10BB200087F68EB9EED1F0BC01F0FF0102F00702FA
:10BB300032B110F8013B013A83EA010313B1F8D1A5
:10BB40000020704701387047002D06BF3546033886
:10BB5000073815F0010F07D1013015F4807F02BFBF
:10BB6000013015F4C03F0130F0BC0138704700BF10
:10BB70000148FFF730BF00BFE4A200200148FFF7F3
:10BB80002BBF00BFE4A2002070B5466A04460D46F4
:10BB90003EB91020F4F7B8F9C0E9016660620660AA
:10BBA000C660666AF36883B1636ADB6853F8250090
:10BBB000B8B9012101FA05F6721D9200204600F085
:10BBC000F0FA60B1C0E901560EE0212204212046BE
:10BBD00000F0E7FA636AF060DB68002BE4D1002034
:10BBE00070BD026843F825200023C0E90333F7E75E
:10BBF00070B5466A05460C463EB91020F4F784F944
:10BC0000C0E9016668620660C6603CB16B6A626842
:10BC1000DB6853F82210216043F8224070BD2DE903
:10BC2000F0410E69074698460C4601F114000023C6
:10BC30000568A9B202FB01814FEA114C2D0C02FBF1
:10BC400005C589B2013301EB05419E4240F8041B52
:10BC50004FEA1548ECDCB8F1000F1BD0A368B342E3
:10BC600012DC616838460131FFF78EFF226902322B
:10BC700004F10C01054692000C30FDF7B7FC21469B
:10BC80003846FFF7B5FF2C4604EB86030136C3F8B0
:10BC9000148026612046BDE8F081030C1B04D3B953
:10BCA0000004102310F07F4F04BF0002083310F08F
:10BCB000704F04BF0001043310F0404F04BF8000F8
:10BCC0000233002805DB10F0804F03F1010308BFA9
:10BCD0002023184670470023E4E7036813F00702A7
:10BCE00001460BD0DA0724D4980749BF5B089B08AC
:10BCF00001200B605CBF0B600220704798B2B0B9A6
:10BD00001B0C102013F0FF0F04BF1B0A08301A078A
:10BD100004BF1B0904309A0704BF9B080230DA07EE
:10BD200003D45B0800F1010005D00B60704710469A
:10BD3000E8E7002070472020704710B50C4601212D
:10BD4000FFF722FF01224461026110BD2DE9F04F8F
:10BD500015460A692B699A42B8BF0B460C46BCBF10
:10BD60002C461D462769D5F81090A368616807EB3B
:10BD70000906B342B8BF013185B0FFF705FF00F1F6
:10BD8000140101EB86080B46002243451DD304F144
:10BD9000140305F1140203EB870702EB89030293F6
:10BDA0003B1B153B23F00303043304F11505AF429D
:10BDB00038BF04230193029B0392934208D8002EBC
:10BDC0005ADC066105B0BDE8F08F43F8042BDCE7D0
:10BDD000B2F800A0BAF1000F24D004F1140E894685
:10BDE0004FF0000C5EF8045BD9F800B0ABB21FFA5C
:10BDF0008BFB0AFB03B34FEA154BD9F800506344A1
:10BE00004FEA154C0AFB0BC505EB13459BB243EA01
:10BE10000543774549F8043B4FEA154CE2D8019BAE
:10BE200041F803C0039BB3F802900432B9F1000F4C
:10BE300020D00B6804F1140C8E464FF0000ABCF8B9
:10BE40000050BEF802B009FB05B5AA449BB243EA14
:10BE50000A434EF8043B5CF8043BBEF800501B0C50
:10BE600009FB035303EB1A4367454FEA134AE6D82D
:10BE7000019D4B5104319EE758F8043D002BA0D1A1
:10BE8000013E9CE72DE9F843154612F003020646F1
:10BE90000F4607D0214C013A002354F82220FFF727
:10BEA000BEFE0746AD1035D0746A3CB91020F4F7D9
:10BEB0002BF8C0E9014470620460C460D6F82480A5
:10BEC000D8F808404CB940F271213046FFF735FFF1
:10BED0000023C8F80800044603604FF00009EB0790
:10BEE0000AD5394622463046FFF730FF39468046AC
:10BEF0003046FFF77DFE47466D100BD0206838B9FD
:10BF0000224621463046FFF721FF2060C0F800900E
:10BF10000446E4E73846BDE8F88300BFC8110500D1
:10BF20002DE9F0470C464968236903EB6218A368C2
:10BF3000074691464FEA621A08F10106B3423FDB19
:10BF40003846FFF721FE0023054600F1140100F1F9
:10BF500010021846534536DB20692AEAEA7A04F1D2
:10BF6000140319F01F0901EB8A0103EB800C2ED09A
:10BF7000C9F1200E8A460022186800FA09F002432F
:10BF80004AF8042B53F8042B9C4522FA0EF2F3D8FE
:10BF9000ACEB0403153B23F00303043304F1150059
:10BFA000604588BF0423CA500AB108F10206013E69
:10BFB00038462E612146FFF71BFE2846BDE8F08774
:10BFC00001315B00BAE742F8040F0133C2E70439DC
:10BFD00053F8042B41F8042F9C45F9D8E7E730B516
:10BFE00002690C69121B0ED100F11403143103EB2A
:10BFF000840001EB840150F8045D51F8044DA54222
:10C0000003D005D30122104630BD8342F3D3FAE7B3
:10C010004FF0FF32F7E72DE9F84F0C460646114680
:10C0200020461746FFF7DBFF051E08D1294630469C
:10C03000FFF7AAFD0123C0E90435BDE8F88FA4BFCE
:10C040003B46274630467968A6BF1C460025012599
:10C05000FFF79AFD3E69C560256907F1140104F1F7
:10C06000140900F1140E07F1100201EB860C09EB24
:10C070008505F246002759F8043B52F804BF1FFA21
:10C0800083F817FA8BF71B0CA7EB0808C3EB1B43CD
:10C0900003EB28431FFA88F81F144D4548EA034371
:10C0A0004AF8043BE7D82B1B153B23F0030304336A
:10C0B0001534A54238BF0423194473449E460D46E7
:10C0C00065450ED30CF10302521A22F00302033924
:10C0D0008C4538BF00221A4452F8043D7BB10661FA
:10C0E000ABE755F8048B17FA88F4221402EB1842D8
:10C0F000A4B244EA02444EF8044B1714E0E7013EB0
:10C10000EAE72DE9F7438946012157EC106B904689
:10C11000FFF73AFDC7F30A550446C7F3130335BBCF
:10C12000002E019328D068460096FFF7D6FD0099AF
:10C1300000B3019AC0F1200302FA03F30B43C2409B
:10C1400063610192019BA361002B14BF02220122B3
:10C150002261D5B1A5F233450544C9F80050C0F1BC
:10C160003500C8F80000204603B0BDE8F08343F472
:10C170008013D5E76161E5E701A8FFF7AEFD019BFC
:10C180006361012222612030E3E704EB8203A0F225
:10C190003240C9F800001869FFF77FFDC0EB42107C
:10C1A000DFE713B54A4311460192FDF79FFA0446B3
:10C1B00018B1019A0021FDF741FA204602B010BDE6
:10C1C000F8B5074614460E4621B9BDE8F8401146B9
:10C1D000FDF78CBA22B9FDF739FA25462846F8BD95
:10C1E00000F05AFAA0420FD221463846FDF77EFAF7
:10C1F00005460028F2D031462246FDF7F7F93146D0
:10C200003846FDF723FAE9E73546E7E72DE9F04739
:10C210008E689E4282460C4690461F4638D88A89D0
:10C2200012F4906F32D025680969A5EB01096569A0
:10C2300005EB450505EBD57501334B446D109D426B
:10C2400038BF1D46530531D52946FDF74FFA06463E
:10C2500050B90C23CAF80030A38943F04003A381EE
:10C260004FF0FF30BDE8F08721694A46FDF7BEF97F
:10C27000A38923F4906343F08003A3812661656161
:10C280004E44A5EB09052660A5603E46BE4200D996
:10C290003E46324620684146FDF7B6F9A36822685B
:10C2A0009B1B3244A36022600020DBE72A46FFF795
:10C2B00087FF06460028E1D121695046FDF7C6F9FF
:10C2C000C7E700002DE9F04F98468B891B069DB00B
:10C2D00007460D4614460ED50B6963B94021FDF79C
:10C2E00005FA2860286120B90C233B604FF0FF302D
:10C2F000D1E040236B610023099320238DF829307E
:10C30000CDF80C803023DFF8A8818DF82A304FF06B
:10C31000010923469A4613F8012B0AB1252AF9D1BF
:10C32000BAEB040B0BD05B46224629463846FFF792
:10C330006DFF013000F0AA80099A5A4409929AF8D8
:10C340000030002B00F0A28000234FF0FF32CDE937
:10C3500005230AF1010A049307938DF853301A93C9
:10C360005446052214F8011B5148FFF7B1FB049A0B
:10C37000D8B9D00644BF20238DF85330110744BFED
:10C380002B238DF853309AF800302A2B15D0079ABA
:10C39000544600204FF00A0C214611F8013B303B77
:10C3A000092B4ED9B0B1079214E0A0EB080309FAAB
:10C3B00003F313430493A246D2E7039B191D1B68A2
:10C3C0000391002BBBBF5B4242F00202079307932D
:10C3D000B8BF049223782E2B0CD163782A2B35D149
:10C3E000039B1A1D1B680392002BB8BF4FF0FF334D
:10C3F00002340593DFF8C8A0217803225046FFF7E6
:10C4000067FB40B14023A0EB0A0003FA00F0049B55
:10C4100003430134049314F8011B26488DF82810B7
:10C420000622FFF755FB002838D0234B1BBB039B8C
:10C43000073323F0070308330393099B334409931D
:10C4400067E70CFB02320C460120A5E7002301340C
:10C45000059319464FF00A0C204610F8012B303A8C
:10C46000092A03D9002BC5D00591C3E70CFB012194
:10C4700004460123F0E703AB00932A460F4B04A9BF
:10C480003846FDF787FB421C0646D6D1AB895B06D2
:10C490003FF52CAF09981DB0BDE8F08F03AB0093BA
:10C4A0002A46064B04A93846FDF718FEEBE700BF05
:10C4B000180F0500220F0500959B04000DC2040013
:10C4C0001E0F05001F2938B504460D4604D9162352
:10C4D00003604FF0FF3038BD426C12B152F821308A
:10C4E0004BB9204600F030F82A4601462046BDE808
:10C4F000384000F017B8012B0AD0591C03D116237D
:10C5000003600120E7E7002442F8254028469847C9
:10C510000020E0E7024B01461868FFF7D3BF00BFD9
:10C520007461002038B5074D0023044608461146C3
:10C530002B6000F0EBF8431C02D12B6803B12360A1
:10C5400038BD00BFECA2002000F0D0B810B50C46FA
:10C55000B1F90E1000F0A8F80028ABBF636DA389F5
:10C560001B1823F48053ACBF6365A38110BD2DE974
:10C57000F0411F468B89DB0505460C46164605D55E
:10C58000B1F90E100223002200F074F8A389B4F967
:10C590000E1023F48053A38132463B462846BDE863
:10C5A000F04100F023B810B50C46B1F90E1000F0C0
:10C5B00061F8431CA38915BF606523F4805343F4DD
:10C5C0008053A38118BFA38110BDB1F90E1000F0F4
:10C5D0001FB849B1FF2A85BF8A2303600A704FF054
:10C5E000FF3098BF012070470846704738B5074DA7
:10C5F00004460846114600222A601A46F7F7BCFC9A
:10C60000431C02D12B6803B1236038BDECA200208B
:10C6100038B5064D0023044608462B6000F056F856
:10C62000431C02D12B6803B1236038BDECA200206B
:10C6300038B5074D00230446084611462B6000F02C
:10C640004DF8431C02D12B6803B1236038BD00BFF5
:10C65000ECA2002038B5064D0023044608462B60A6
:10C6600000F04CF8431C02D12B6803B1236038BDA5
:10C67000ECA2002038B5074D0446084611460022BA
:10C680002A601A4600F04AF8431C02D12B6803B115
:10C69000236038BDECA2002051F8043C181F002B89
:10C6A000BCBF0B58C018704738B5074D0446084644
:10C6B000114600222A601A4600F038F8431C02D1C5
:10C6C0002B6803B1236038BDECA20020024B582236
:10C6D0001A604FF0FF307047ECA20020024B582246
:10C6E0001A604FF0FF307047ECA20020024B582236
:10C6F0001A604FF0FF307047ECA20020024B582226
:10C700001A600020704700BFECA20020024B5822A4
:10C710001A604FF0FF307047ECA20020024B582205
:10C720001A604FF0FF307047ECA20020024B5822F5
:10C730001A604FF0FF307047ECA20020FEE700BF08
:10C74000F8B500BFF8BC08BC9E467047F8B500BFFE
:10C75000F8BC08BC9E467047504C55494500000047
:10C76000534543004D65737572653A004E410000B4
:10C77000252E34732D252E32732D252E3273202530
:10C780002E32733A252E32733A252E327300000072
:10C79000207C20506C7569653A00000020252E3100
:10C7A000666D6D00207C20457461743A257300002D
:10C7B000207C20506F733A00252E35662C252E35AF
:10C7C000660000004953532D5650322D4461746168
:10C7D0006C6F67005B426C654C696E6B5D20416EEF
:10C7E0006E6F6E636520424C452064656D617272A8
:10C7F00065650000424C452064656D61727265009C
:10C800006E9400021B5D4E5F9A0E87434A305AC1F8
:10C810006E9400011B5D4E5F9A0E87434A305AC1E9
:10C820005B426D65496E646F6F725D204572726523
:10C830007572203A20424D45363830206E6F6E209A
:10C8400064657465637465005B426D65496E646F11
:10C850006F725D20424D4536383020696E697469CB
:10C86000616C6973650000005B426D65496E646FC1
:10C870006F725D20457272657572203A2064656D35
:10C88000617272616765206465206D65737572659C
:10C8900020696D706F737369626C65005B426D65D2
:10C8A000496E646F6F725D20457272657572203AD1
:10C8B000206C65637475726520424D4536383020B2
:10C8C000696E76616C696465000000005B426D65AD
:10C8D000496E646F6F725D20424D453638302000DE
:10C8E000202D200054656D7020496E74203A200080
:10C8F000204320202F20000048756D20496E7420B1
:10C900003A200000202520202F202000507265733F
:10C9100073696F6E203A20002048506100000000CB
:10C920005B446174614C6F676765725D205374612D
:10C9300074696F6E2000000054656D7065726174DB
:10C94000757265203A2000002043000048756D692B
:10C9500064697465203A2000202500005261796FD7
:10C960006E6E656D656E7420736F6C6169726520A3
:10C970003A20000020572F6D32000000496E646598
:10C9800078205556203A2000506C7569652028643F
:10C990006562697429203A2000000000206D6D2F27
:10C9A00068000000436F6D707465757220706C755F
:10C9B0006965203A20000000526166616C6520764E
:10C9C000656E74203A20000054797065206E6F6E99
:10C9D0002061666669636861626C65005B446174CE
:10C9E000614C6F676765725D2046696E20642765DC
:10C9F0007069736F646520646520706C7569652C5F
:10CA00002063756D756C202864697869656D657340
:10CA1000206465206D6D29203A20000046696E2053
:10CA2000657069736F646520646520706C756965F5
:10CA3000202863756D756C2C2064697869656D6557
:10CA400073206465206D6D29000000002573257337
:10CA50002E435356000000005B446174614C6F67C5
:10CA60006765725D20457272657572203A20696D46
:10CA7000706F737369626C652064276F7576726975
:10CA800072206C6520666963686965722064652040
:10CA90006C6F67005B446174614C6F676765725DC2
:10CAA0002046696368696572206465206C6F672041
:10CAB00063726565203A20004E6F7576656175205A
:10CAC00066696368696572206465206C6F672043DE
:10CAD00053562063726565007365712C64617465DB
:10CAE0002C68657572652C73746174696F6E496426
:10CAF0002C6261747465726965466169626C652C4B
:10CB000074656D7065726174757265432C68756DBE
:10CB100069646974652C7261796F6E6E656D656E9E
:10CB200074536F6C616972652C696E6465785556D3
:10CB30002C706C7569654D6D482C636F6D707465F4
:10CB40007572506C7569652C726166616C654B70AD
:10CB5000682C7669746573736556656E744B70687E
:10CB60002C646972656374696F6E56656E742C749B
:10CB7000656D7065726174757265496E7465726910
:10CB800065757265432C68756D6964697465496E75
:10CB900074657269657572652C7072657373696FFF
:10CBA0006E496E74657269657572654870612C6353
:10CBB00072656E6561755472616E736D69737369C8
:10CBC0006F6E2C74617578526563657074696F6EF1
:10CBD0005063742C6672616D65735265637565731D
:10CBE00044657075697345637269747572652C6606
:10CBF00072616D65735265637565734372656E65C9
:10CC00006175456E436F7572732C7472616D6573D7
:10CC10005261746565734372656E656175456E43F7
:10CC20006F7572732C696E74657276616C6C654D8C
:10CC30006F79656E4D65737572654D732C667261A3
:10CC40006D6573546F74616C4372656E6561754692
:10CC500065726D6500000000565032303030303063
:10CC60002E435356000000005B446174614C6F67B3
:10CC70006765725D20546175782064652072656314
:10CC8000657074696F6E20737572206C65206372B5
:10CC9000656E6561752065636F756C65203A20006F
:10CCA00020252028696E74657276616C6C65206D34
:10CCB0006F79656E206D6573757265203A2000008E
:10CCC000206D732C207472616D65732070726F62B9
:10CCD00061626C656D656E74207261746565732048
:10CCE0003A20000025750000252E31660000000066
:10CCF000256C752C25732C25732C25752C25752CEE
:10CD0000252E31662C252E31662C25752C252E31AD
:10CD1000662C252E31662C25752C25752C25752C19
:10CD200025732C25732C25732C25732C25752C2508
:10CD3000732C25752C25752C25752C256C752C25AB
:10CD4000750000005B446174614C6F676765725DDC
:10CD5000205472616D652072656375652000000066
:10CD6000206D73206170726573206C612070726534
:10CD7000636564656E746520283E204652414D45CA
:10CD80005F4741505F5741524E494E475F4D5320D8
:10CD90003A206175206D6F696E7320756E65207421
:10CDA00072616D652070726F6261626C656D656E37
:10CDB0007420726174656529000000005B44617431
:10CDC000614C6F676765725D204572726575722090
:10CDD0003A20686F726F64617461676520696E6480
:10CDE0006973706F6E69626C652C206C69676E6523
:10CDF0002069676E6F726565000000005B446174B6
:10CE0000614C6F676765725D20446562757420646C
:10CE100027756E20657069736F6465206465207086
:10CE20006C7569650000000044656275742065706A
:10CE300069736F646520646520706C7569650000B6
:10CE40005B446174614C6F676765725D20456E7607
:10CE50006F69204D65736820616E6E756C65203A50
:10CE60002070617320646520736F7572636520554F
:10CE7000544320646973706F6E69626C6520287614
:10CE80006F69722054696D654D616E6167657229C5
:10CE9000000000005B446174614C6F676765725D00
:10CEA00020456E766F69206465206C612074656C26
:10CEB000656D6574726965204D65736820647520C1
:10CEC0006372656E65617520717569207669656E3E
:10CED000742064652073652072656665726D657285
:10CEE000000000005B4576656E744C6F675D204303
:10CEF0006172746520534420696E646973706F6E4B
:10CF000069626C65203A206A6F75726E616C20648C
:10CF1000657361637469766520706F7572206365EF
:10CF20007474652073657373696F6E004556454E62
:10CF300054532E4C4F4700005B4576656E744C6F22
:10CF4000675D20457272657572203A20696D706F59
:10CF5000737369626C652064276F757672697220DD
:10CF60006C65206A6F75726E616C206427657665EA
:10CF70006E656D656E7473002D2D2D2D2D2D2D2D4F
:10CF800020202D2D2D2D2D2D000000005B477073CE
:10CF90005D204163717569736974696F6E206465A2
:10CFA0006D617272656500005B4770735D204E6F46
:10CFB0007576656C6C652074656E746174697665F0
:10CFC00020646520726573796E6368726F6E697331
:10CFD0006174696F6E000000474741005B477073E2
:10CFE0005D205472616D6520474741203A20000062
:10CFF0005B4770735D20486575726520555443200A
:10D000007265637565203A20000000002D2D3A2DD1
:10D010002D3A2D2D00000000202D20736174656CC9
:10D020006C69746573203D20000000005B477073DD
:10D030005D20506F696E742076616C696465207242
:10D04000656375706572652C20736174656C6C69BD
:10D05000746573203D2000005B4770735D2045635D
:10D06000617274206D6573757265206176616E748E
:10D0700020726573796E6368726F6E69736174692B
:10D080006F6E203A2000000020730000506F696E20
:10D0900074204750532076616C6964652C20656369
:10D0A00061727420525443206176616E74207265FF
:10D0B00073796E6368726F6E69736174696F6E20E5
:10D0C00028732900506F696E742047505320766191
:10D0D0006C6964652C207072656D6965726520737A
:10D0E000796E6368726F6E69736174696F6E000048
:10D0F0005B4770735D20457272657572203A2064DB
:10D10000656C616920646570617373652073616E1D
:10D110007320706F696E742076616C6964652C2071
:10D12000736174656C6C69746573203D2000000048
:10D13000457272657572203A2074696D656F7574F9
:10D14000206163717569736974696F6E204750530C
:10D15000000000005B48616C50696E735D20457291
:10D1600072657572203A20636172746520534420A1
:10D170006E6F6E2064657465637465650000000001
:10D180005B4D61696E5D2044656D617272616765BA
:10D19000204953535F5650325F446174616C6F672E
:10D1A0000000000044656D6172726167652049533B
:10D1B000535F5650325F446174616C6F67000000CA
:10D1C0005B4D61696E5D205472616D6520627275A0
:10D1D000746520232575203A200000005B4D6169AD
:10D1E0006E5D20457272657572203A207472616DB1
:10D1F0006520495353206E6F6E206465636F6461D0
:10D20000626C65005B4D61696E5D205472616D6595
:10D2100020627275746520286E6F6E206465636F7E
:10D220006461626C6529203A200000005B497373D9
:10D23000436F6D6D6F6E5D20457272657572203A39
:10D240002043524320696E76616C6964652C2074BA
:10D2500072616D652072656A657465650000000025
:10D260005B497373436F6D6D6F6E5D2054797065AC
:10D27000206465207472616D65206E6F6E20676535
:10D280007265203A203078005B49737352733438EA
:10D29000355D20526573796E6368726F6E69736174
:10D2A00074696F6E203A207472616D6520706172CE
:10D2B0007469656C6C65206162616E646F6E6E6529
:10D2C000652C206F637465747320726563757320B9
:10D2D0003D2000005B4C6F636174696F6E4C6F673B
:10D2E0005D20436172746520534420696E646973E4
:10D2F000706F6E69626C65203A20686973746F7232
:10D300006971756520646520706F736974696F6EEB
:10D310002064657361637469766520706F7572202F
:10D3200063657474652073657373696F6E000000C4
:10D330004C4F434154494F4E2E4C4F470000000084
:10D340005B4C6F636174696F6E4C6F675D204572F3
:10D3500072657572203A20696D706F737369626CC3
:10D36000652064276F7576726972206C276869730F
:10D37000746F726971756520646520706F7369746C
:10D38000696F6E00646174652C68657572652C6CDC
:10D39000617469747564652C6C6F6E67697475640B
:10D3A000652C736174656C6C6974657300000000B2
:10D3B0002C0000005B4C6F636174696F6E4C6F678B
:10D3C0005D204E6F7576656C6C6520706F73697447
:10D3D000696F6E20475053206A6F75726E616C6979
:10D3E000736565005B4D6573684C696E6B5D5B448E
:10D3F000454255475F4D4553485D200020280000B9
:10D40000206F637465747329203A200052582028D5
:10D410007265706F6E736520617520546F52616420
:10D42000696F2E7061636B65742900005B4D6573D5
:10D43000684C696E6B5D205265706F6E736520720B
:10D44000656375652064752054313134203A20635A
:10D450006F7570757265206465206C27616C696DED
:10D46000656E746174696F6E204D657368000000AD
:10D470005265706F6E7365204D6573687461737467
:10D480006963207265637565000000005B4D65731C
:10D49000684C696E6B5D2054696D656F757420739F
:10D4A000616E73207265706F6E73652064752054B1
:10D4B000313134203A20636F757075726520646570
:10D4C000206C27616C696D656E746174696F6E2084
:10D4D0004D6573680000000054696D656F757420B8
:10D4E0007265706F6E7365204D65736874617374D7
:10D4F000696300005B4D6573684C696E6B5D204528
:10D500006E766F6920707265636564656E74206500
:10D510006E636F726520656E20617474656E7465EC
:10D52000206465207265706F6E7365203A206E6F9F
:10D530007576656C20656E766F69206469666665D0
:10D54000726500005B4D6573684C696E6B5D2042CF
:10D5500075732070617274616765206F63637570A5
:10D5600065202847505329203A20656E766F692040
:10D57000646966666572652061752070726F6368A4
:10D5800061696E206372656E6561750054580000B4
:10D590005258202868616E647368616B652C206E38
:10D5A0006F6E20696E746572707265746529000013
:10D5B0005B4D6573684C696E6B5D20457272657575
:10D5C00072203A206D65737361676520646520740D
:10D5D000656C656D65747269652074726F70207614
:10D5E0006F6C756D696E65757820706F7572206CE3
:10D5F000652074616D706F6E000000004572726589
:10D600007572203A206D657373616765204D65738F
:10D61000687461737469632074726F7020766F6CC4
:10D62000756D696E657578005B4D6573684C696EE4
:10D630006B5D2054656C656D65747269652065630A
:10D640007269746520737572206C27554152542C91
:10D6500020617474656E7465206427756E65207230
:10D6600065706F6E736520647520543131342E2ED1
:10D670002E00000054656C656D65747269652065E7
:10D6800063726974652076657273204D6573687482
:10D6900061737469632C20617474656E74652072A3
:10D6A00065706F6E736500005B506172616D735DD4
:10D6B00020457272657572203A20696D706F7373C0
:10D6C00069626C65206427656E7265676973747240
:10D6D00065722C20636172746520534420696E6406
:10D6E0006973706F6E69626C650000005041524151
:10D6F0004D532E54585400005B506172616D735D40
:10D7000020457272657572203A20696D706F73736F
:10D7100069626C65206427656372697265206C6557
:10D720002066696368696572206465207061726152
:10D730006D65747265730000545A3D004C4F474943
:10D740004E54455256414C3D000000004750534254
:10D750004155443D000000004D4553484241554469
:10D760003D0000004750534D494E5341543D000089
:10D77000444154414C4F474745525554433D0000A6
:10D780004D4553485554433D000000004953534113
:10D790005647494E54455256414C4D533D000000AA
:10D7A000424C45454E41424C45443D005B50617200
:10D7B000616D735D20506172616D65747265732077
:10D7C000656E726567697374726573207375722014
:10D7D0006C61206361727465205344005B50617218
:10D7E000616D735D20436172746520534420696EDE
:10D7F000646973706F6E69626C65203A2076616C43
:10D80000657572732070617220646566617574203D
:10D81000646520436F6E6669672E6820636F6E7360
:10D8200065727665657300005B506172616D735D52
:10D8300020417563756E206669636869657220644E
:10D840006520706172616D65747265732C207661FC
:10D850006C657572732070617220646566617574A1
:10D8600020646520436F6E6669672E6820636F6E63
:10D8700073657276656573005B506172616D735D8F
:10D8800020457272657572203A20696D706F7373EE
:10D8900069626C652064276F7576726972206C65A9
:10D8A00020666963686965722064652070617261D1
:10D8B0006D657472657300005B506172616D735DBC
:10D8C00020506172616D6574726573206368617266
:10D8D00067657320646570756973206C612063618E
:10D8E0007274652053440000545A00004C4F47495D
:10D8F0004E54455256414C00475053424155440006
:10D900004D45534842415544000000004750534D97
:10D91000494E534154000000444154414C4F474745
:10D9200045525554430000004D455348555443005B
:10D93000495353415647494E54455256414C4D5315
:10D9400000000000424C45454E41424C4544000019
:10D950005B506172616D735D2041766572746973AD
:10D9600073656D656E74203A20636C6520696E6323
:10D970006F6E6E75652069676E6F726565203A20FF
:10D98000000000005B506172616D735D20545A208D
:10D990003D20000020682C204C4F47494E544552F2
:10D9A00056414C203D200000206D73202830203D42
:10D9B000206120636861717565207472616D6529ED
:10D9C0002C2047505342415544203D200000000088
:10D9D0002C204D45534842415544203D2000000035
:10D9E0002C204750534D494E534154203D200000B8
:10D9F0002C20444154414C4F4747455255544320F5
:10DA00003D2000002C204D455348555443203D20D7
:10DA1000000000002C20495353415647494E5445BD
:10DA20005256414C4D53203D200000002C20424CCA
:10DA300045454E41424C4544203D20005B506F77A8
:10DA400065725D20475053206163746976652028B4
:10DA50006E697665617520626173290047505320B5
:10DA600061637469766500005B506F7765725D2055
:10DA700047505320636F75706520286E6976656125
:10DA8000752068617574290047505320636F757065
:10DA9000650000005B506F7765725D204D657368AF
:10DAA0002061637469766520286E697665617520EA
:10DAB00062617329000000005B506F7765725D2022
:10DAC0004D65736820636F75706520286E69766593
:10DAD0006175206861757429000000005B527463F1
:10DAE0005D20486F726F64617461676520525443B2
:10DAF000202855544329206563726974203A200018
:10DB00002D0000004563726974757265205254439C
:10DB10002028726573796E6368726F6E69736174C1
:10DB2000696F6E29000000005B5274635D204572CE
:10DB300072657572203A20445333323331206E6F50
:10DB40006E20646574656374650000005B527463E5
:10DB50005D20525443206E6F6E20666961626C6571
:10DB600020287065727465206427616C696D656E2C
:10DB7000746174696F6E206465746563746565298A
:10DB8000203A207265696E697469616C69736174A9
:10DB9000696F6E005B5274635D20525443204F4B9B
:10DBA0002C20686F726F64617461676520636F6EAB
:10DBB000736572766520646570756973206C612089
:10DBC0006465726E69657265206D69736520612098
:10DBD0006C2768657572650048454C500000000070
:10DBE0005B436F6E736F6C655D20436F6D6D616E2F
:10DBF00064657320646973706F6E69626C6573200D
:10DC00003A000000202048454C50202020202020B1
:10DC10002020202020202020202020202D20616670
:10DC2000666963686520636574746520616964650D
:10DC300000000000202047455420202020202020E4
:10DC40002020202020202020202020202D20616640
:10DC50006669636865206C657320706172616D65CB
:10DC60007472657320636F7572616E747300000067
:10DC7000202053455420545A203C686575726573C2
:10DC80003E202020202020202D20667573656175A0
:10DC900020686F726169726520286578203A205388
:10DCA000455420545A203420706F757220555443C7
:10DCB0002B3429002020534554204C4F47494E54C3
:10DCC000455256414C203C6D733E20202D207065FE
:10DCD00072696F6465206427656372697475726523
:10DCE00020435356202830203D2061206368617115
:10DCF0007565207472616D65290000002020534510
:10DD0000542047505342415544203C62617564732E
:10DD10003E2020202D2064656269742055415254B4
:10DD20002064752047505320286578203A205345B9
:10DD30005420475053424155442039363030290051
:10DD40002020534554204D45534842415544203CE2
:10DD500062617564733E20202D20646562697420C1
:10DD600055415254206475206C69656E204D657371
:10DD70006874617374696320286578203A2053457C
:10DD800054204D45534842415544203338343030B7
:10DD9000290000002020534554204750534D494E40
:10DDA000534154203C6E3E20202020202D207361C2
:10DDB00074656C6C69746573206D696E2E20706F6C
:10DDC000757220616363657074657220756E207072
:10DDD0006F696E7420475053202834207E35306D93
:10DDE0002C2038207E356D2900000000202053456E
:10DDF0005420444154414C4F4747455255544320C9
:10DE00003C307C313E202D2031203D20686F726FE8
:10DE1000646174616765204353562F4556454E54DF
:10DE2000532E4C4F4720656E205554432C203020F4
:10DE30003D206865757265206C6F63616C650000DC
:10DE40002020534554204D455348555443203C30E1
:10DE50007C313E20202020202D2031203D20686F65
:10DE6000726F646174616765207472616E736D694D
:10DE70007320737572206C65206D65736820656E04
:10DE8000205554432C2030203D2068657572652054
:10DE90006C6F63616C65000020205345542049532A
:10DEA00053415647494E54455256414C4D53203CE0
:10DEB0006D733E202D20696E74657276616C6C65A1
:10DEC000206D6F79656E206D657375726520656E66
:10DED000747265207472616D6573204953532028F4
:10DEE00063616C696272616765206D616E75656CF6
:10DEF0002F666F726361676529000000202053451B
:10DF00005420424C45454E41424C4544203C307CD7
:10DF1000313E20202D2031203D20616E6E6F6E63DA
:10DF20006520424C452061637469766520617520E7
:10DF300064656D6172726167652C2030203D2064DC
:10DF400065736163746976656520286E65636573C2
:10DF50007369746520726564656D6172726167656D
:10DF60002900000020205341564520202020202059
:10DF70002020202020202020202020202D20656E01
:10DF80007265676973747265206C65732070617265
:10DF9000616D657472657320737572206C612063A6
:10DFA0006172746520534400474554005B436F6EB3
:10DFB000736F6C655D20545A3D00000020204C4F6B
:10DFC00047494E54455256414C3D00002020475091
:10DFD00053424155443D000020204D4553484241A5
:10DFE00055443D0020204750534D494E5341543D28
:10DFF000000000002020444154414C4F4747455207
:10E000005554433D0000000020204D4553485554D1
:10E01000433D00002020495353415647494E544543
:10E020005256414C4D533D002020424C45454E41F7
:10E03000424C45443D000000534554005B436F6E25
:10E04000736F6C655D20457272657572203A20733E
:10E05000796E7461786520617474656E647565208D
:10E06000534554203C434C453E203C56414C45557D
:10E07000523E00005B436F6E736F6C655D20545AB7
:10E08000206D69732061206A6F7572202853415694
:10E090004520706F75722072656E647265206C65C4
:10E0A000207265676C616765207065726D616E6571
:10E0B0006E7429005B436F6E736F6C655D204C4F0F
:10E0C00047494E54455256414C206D69732061209A
:10E0D0006A6F757220285341564520706F75722003
:10E0E00072656E647265206C65207265676C61672D
:10E0F00065207065726D616E656E742900000000A8
:10E100005B436F6E736F6C655D20475053424155A2
:10E1100044206D69732061206A6F75722028534115
:10E12000564520706F75722072656E647265206C42
:10E1300065207265676C616765207065726D616EE0
:10E14000656E7429000000005B436F6E736F6C6531
:10E150005D204D45534842415544206D697320610F
:10E16000206A6F757220285341564520706F757272
:10E170002072656E647265206C65207265676C61E3
:10E180006765207065726D616E656E7429000000B0
:10E190005B436F6E736F6C655D204750534D494E06
:10E1A000534154206D69732061206A6F7572202875
:10E1B0005341564520706F75722072656E647265AA
:10E1C000206C65207265676C616765207065726D93
:10E1D000616E656E742900005B436F6E736F6C65D2
:10E1E0005D20444154414C4F4747455255544320CC
:10E1F0006D69732061206A6F7572202853415645FE
:10E2000020706F75722072656E647265206C652077
:10E210007265676C616765207065726D616E656EB1
:10E22000742900005B436F6E736F6C655D204D4514
:10E230005348555443206D69732061206A6F75728D
:10E2400020285341564520706F75722072656E64A8
:10E250007265206C65207265676C6167652070650A
:10E26000726D616E656E7429000000005B436F6E15
:10E27000736F6C655D20495353415647494E544571
:10E280005256414C4D53206D69732061206A6F7561
:10E290007220285341564520706F75722072656E4A
:10E2A000647265206C65207265676C6167652070BB
:10E2B00065726D616E656E74290000005B436F6E60
:10E2C000736F6C655D20424C45454E41424C454460
:10E2D000206D69732061206A6F7572202853415642
:10E2E000452C207075697320726564656D6172726A
:10E2F000616765206E65636573736169726520701F
:10E300006F7572207072656E6472652065666665F1
:10E31000742900005B436F6E736F6C655D204572FE
:10E3200072657572203A20706172616D65747265F4
:10E3300020696E636F6E6E75203A2000534156451A
:10E34000000000005B436F6E736F6C655D20436F70
:10E350006D6D616E646520696E636F6E6E75652E9E
:10E3600020546170657A2048454C5020706F75725A
:10E37000206C61206C697374652064657320636F21
:10E380006D6D616E6465732E000000005B54696DF5
:10E39000654D616E616765725D20426567696E2CCF
:10E3A0002054494D455F4D4F4445203D200000001D
:10E3B0005B54696D654D616E616765725D20457284
:10E3C00072657572203A2052544320616273656E03
:10E3D000742C206D6F6465204750532B525443209A
:10E3E00064656772616465005B54696D654D616E5B
:10E3F000616765725D20457272657572203A2052C0
:10E40000544320696E646973706F6E69626C650055
:10E410005B54696D654D616E616765725D20457223
:10E4200072657572203A206C65637475726520524E
:10E43000544320696D706F737369626C65000000EE
:10E4400025303475253032752530327500000000D6
:10E4500025303275253032752530327500000000C8
:10E460000000000000000000E1B2020049B202001A
:10E4700025B2020031B202006DB2020099B2020070
:10E48000D5B202002F0000007C3C3E5E2B3D3F2FAA
:10E490005B5D3B2C2A225C000000000000000000B5
:10E4A00099CD020041310400E5C602007172737417
:10E4B00075000000000000000000000000000000E7
:10E4C0000000000000000000000080BF000000000D
:10E4D000CDCC4CBF0000000000000000CDCC4CBEF5
:10E4E000000000BF00000000000080BF000000002E
:10E4F000000000000000000000000000000000001C
:10E5000000000000CDCCCC3D3333333F0000000091
:10E51000CDCC4CBFCDCCCCBD000000000000000035
:10E5200000000000000000000000000000000000EB
:10E5300000000000000102040810000000000000BC
:10E5400000000000000000000000000000000000CB
:10E550000338FDD8704700000000000000000000F4
:10E560000338FDD8704700000000000000000000E4
:10E570009D050300D50503008D05030095050300E7
:10E58000C5050300CD05030091050300110000003F
:10E5900000000000000000002112030039120300F7
:10E5A0005512030051140300000000000000000099
:10E5B000951B0300B91B0300100018000000C800E1
:10E5C0000000000000000000E5300300E53003001B
:10E5D000E93003000000000000000000000000001F
:10E5E00061310300653103005075626C696300009E
:10E5F00053746174696300005072697661746520B8
:10E600005265736F6C7661626C650000507269765A
:10E61000617465204E6F6E205265736F6C76616217
:10E620006C6500005849414F206E524635323834EF
:10E6300030000000424C4500534F4300E8E5040021
:10E64000F0E50400F8E504000CE604000100000712
:10E6500011000000D8ECF0F4F8FC000203040506F9
:10E660000708000023D1BCEA5F782315DEEF121201
:10E670003015000023D1BCEA5F782315DEEF1212BB
:10E680003215000023D1BCEA5F782315DEEF1212A9
:10E690003115000023D1BCEA5F782315DEEF12129A
:10E6A000341500000000000000000000E530030009
:10E6B000E5300300553E03002F61646166727569A1
:10E6C000742F626F6E645F70727068002F61646196
:10E6D00066727569742F626F6E645F636E74720028
:10E6E0002F61646166727569742F626F6E645F700A
:10E6F0007270682F25303258253032582530325804
:10E70000253032582530325825303258000000006C
:10E710002F61646166727569742F626F6E645F63E6
:10E720006E74722F253032582530325825303258C9
:10E73000253032582530325825303258000000003C
:10E74000253032583A253032583A253032583A2559
:10E750003032583A253032583A25303258000000CD
:10E7600054696E795553422053657269616C00009B
:10E770000000000000000000B14A0300694A0300E5
:10E78000594A0300D5490300214A0300F549030013
:10E790004D4A0300ED480300F0FFFFFF00000000BA
:10E7A0001D4B030053656565640000003031323352
:10E7B000343536373839414243444546000000007D
:10E7C000120100020000004086284480000101027E
:10E7D0000301000009020900000100A0320000004E
:10E7E0004164616672756974000000004D61737365
:10E7F0002053746F7261676500000000312E300095
:10E800007573626400000000050F390002181005DE
:10E810000038B60834A909A0478BFDA0768815B644
:10E8200065000101011C100500DF60DDD88945C7C6
:10E830004C9CD2659D9E648A9F00000306B2000234
:10E84000000000004D550300C5550300F1550300BD
:10E85000E9560300A957030000000000F16003001F
:10E860000161030011610300A5610300D962030087
:10E8700000000000315903004159030051590300C1
:10E88000115A0300115C030000000000F15C03005A
:10E89000515D0300795D0300A95E0300AD5E0300D6
:10E8A00000000000AD690300096A0300296A030043
:10E8B000FD520300116B0300000000000001010184
:10E8C0004750524D43000000474E524D4300000058
:10E8D0004750474741000000474E4747410000006E
:10E8E0001F1C1F1E1F1E1F1F1E1F1E0000000000DA
:10E8F00000000000299F03002D9F03002E2E000022
:10E900000000000000000000B5A2030031A10300D8
:10E910008D050300E1A1030059A2030071A10300CA
:10E9200025A20300626C6F636B203C206C66732D24
:10E930003E6366672D3E626C6F636B5F636F756EDF
:10E9400074000000433A5C61726475313831395F9C
:10E95000706F72745C706F727461626C655C706110
:10E96000636B616765735C536565656475696E6F3C
:10E970005C68617264776172655C6E726635325C88
:10E98000312E312E31335C6C69627261726965734C
:10E990005C41646166727569745F4C6974746C651E
:10E9A00046535C7372635C6C6974746C6566735C0B
:10E9B0006C66732E6300000068656164203E3D2034
:10E9C000322026262068656164203C3D206C6673F9
:10E9D0002D3E6366672D3E626C6F636B5F636F7580
:10E9E0006E7400007063616368652D3E626C6F63D6
:10E9F0006B203D3D2030786666666666666666001A
:10EA00006E626C6F636B203E3D2032202626206EA6
:10EA1000626C6F636B203C3D206C66732D3E6366B9
:10EA2000672D3E626C6F636B5F636F756E74000081
:10EA3000656E7472792E642E74797065203D3D2068
:10EA40004C46535F545950455F5245470000000003
:10EA5000726573006C66732D3E6366672D3E6C6F46
:10EA60006F6B61686561642025203332203D3D2055
:10EA7000300000006C66732D3E6366672D3E6C6F40
:10EA80006F6B6168656164203E2030006C66732D99
:10EA90003E6366672D3E70726F675F73697A6520AB
:10EAA00025206C66732D3E6366672D3E726561643A
:10EAB0005F73697A65203D3D203000006C66732DE0
:10EAC0003E6366672D3E626C6F636B5F73697A6548
:10EAD0002025206C66732D3E6366672D3E70726F35
:10EAE000675F73697A65203D3D203000342A6C668B
:10EAF000735F6E7077322830786666666666666623
:10EB000066202F20286C66732D3E6366672D3E625B
:10EB10006C6F636B5F73697A652D322A3429292003
:10EB20003C3D206C66732D3E6366672D3E626C6FC4
:10EB3000636B5F73697A65006C6974746C65667386
:10EB4000000000006C66735F63616368655F7265F7
:10EB5000616400006C66735F63616368655F707217
:10EB60006F6700006C66735F63747A5F66696E64DA
:10EB7000000000006C66735F63747A5F657874658B
:10EB80006E6400006C66735F66696C655F73796EB6
:10EB9000630000006C66735F72656D6F76650000E0
:10EBA0006C66735F696E697400000000000000000D
:10EBB0006410B71DC8206E3BAC30D9269041DC767E
:10EBC000F4516B6B5861B24D3C7105502083B8ED28
:10EBD00044930FF0E8A3D6D68CB361CBB0C2649B4C
:10EBE000D4D2D38678E20AA01CF2BDBD000000009A
:10EBF00000000000A9F90300BDF9030002000000B5
:10EC0000030000001C0000001D00000004000000C4
:10EC1000050000002B0000002C0000002D0000006B
:10EC20002E0000002F0000001A0000000600000067
:10EC30001E0000000E000000280000001B00000065
:10EC4000070000000B0000002A0000002000000068
:10EC5000100000000D000000110000001500000071
:10EC60001900000014000000180000001600000049
:10EC700017000000090000000A0000001F0000004B
:10EC8000546D725100000000546D72205376630081
:10EC900043616C6C6261636B00000000252E2A6684
:10ECA000000000000000000000000000B93804006F
:10ECB000013904008D05030075380400853804000F
:10ECC0007D3804008D38040055390400553B04009C
:10ECD000E1370400D93704006C6F6F70000000004A
:10ECE0004661696C20746F2061637175697265207B
:10ECF0006D757465780A00004661696C20746F2038
:10ED000072656C65617365206D757465780A0000C5
:10ED10004661696C20746F20696E6372656173650A
:10ED200020504D20636F756E7465720A00000000FC
:10ED30004661696C20746F206465637265617365F8
:10ED400020504D20636F756E7465720A00000000DC
:10ED5000000102030405060708090A0B0C0D0E0F3B
:10ED6000101112131415161718191A1B1C1D1E1F2B
:10ED7000C6A13B37878F5B826F4F8162A1C8D8796C
:10ED80009503E3A2245A2BE43C9874EDFE1BED9E00
:10ED9000F29000B62A499FD0A9F39A6ADD2E7780B7
:10EDA0009DBA41A777F3B46A37B7AAAE49D6DF8DCB
:10EDB0002F7A3C600708D124ACD3C5DE3B6584477D
:10EDC000000000000100000003000000020000003D
:10EDD000FFFFFFFF070000004661696C20746F2091
:10EDE0006765742054524E47206368617261637492
:10EDF0006572697A6174696F6E20706172616D65A8
:10EE000074657273200A00004661696C20746F207B
:10EE10006372656174652053594D206D7574657812
:10EE20000A0000004661696C20746F20637265619E
:10EE30007465204153594D206D757465780A000042
:10EE40004661696C656420746F20637265617465E6
:10EE500020506F776572206D757465780A00000028
:10EE60004661696C20746F20637265617465204728
:10EE7000656E566563206D757465780A0000000044
:10EE800043616E277420696E697469616C697A6583
:10EE9000206D757465782C20776173204E554C4C2D
:10EEA0000D0A000043616E2774206C6F636B206D48
:10EEB000757465782C20776173204E554C4C0D0A83
:10EEC0000000000043616E277420756E6C6F636BE9
:10EED000206D757465782C20776173204E554C4CED
:10EEE0000D0A0000536153695F48616C5761697492
:10EEF000496E746572727570742063616E742077E8
:10EF000061697420666F72206E6F7468696E670A3B
:10EF100000000000000102030405060708090A0BAF
:10EF20000C0D0E0F101112131415161718191A1BA9
:10EF30001C1D1E1F0187040009870400118704009F
:10EF40001987040021870400298704003187040001
:10EF50003987040041870400498704005187040071
:10EF60000000000073ACFFFFFEFFFFFFFFFFFFFF8D
:10EF7000FFFFFFFFFFFFFFFF000000000000000099
:10EF80000000000000000000000000000000000081
:10EF90000000000000000000000000000000000071
:10EFA0000000000000000000000000000000000061
:10EFB0000000000000000000000000000000000051
:10EFC0000000000000000000000000000000000041
:10EFD0000000000000000000000000000000000031
:10EFE0000000000000000000000000000000000021
:10EFF000000000000700000000000000000000000A
:10F000000000000000000000000000000000000000
:10F0100000000000000000000000000000000000F0
:10F0200000000000000000000000000000000000E0
:10F03000000000000000000000000000B3B616CA87
:10F040009AABDF16FAB801000000000000000000D3
:10F0500001000000000000000000000000000000AF
:10F0600000000000000000000000000000000000A0
:10F070000000000000000000000000000000000090
:10F080000000000000000000BB7E4DDDF5F43630CE
:10F09000769E01A492A17AE32C384C3B000000003C
:10F0A0000000000000000000000000000000000060
:10F0B0000000000000000000000000000000000050
:10F0C0000000000000000000000000000000000040
:10F0D000EE4F3CF0C33317538682C26BEDDC8F31A9
:10F0E00035F98C93000000000000000000000000D3
:10F0F0000000000000000000000000000000000010
:10F1000000000000000000000000000000000000FF
:10F1100000000000000000000100000000000000EE
:10F12000000000008000000000000000000000005F
:10F13000FFFFFFFFFFFFFFFFFF00000000000000D8
:10F1400000000000000000000000000000000000BF
:10F1500000000000000000000000000000000000AF
:10F16000000000000000000000000000000000009F
:10F17000000000000000000000000000000000008F
:10F18000000000000000000000000000000000007F
:10F19000000000000000000000000000000000006F
:10F1A000000000000000000000000000000000005F
:10F1B000000000000000000000000000000000004F
:10F1C000000000000000000000000000000000003F
:10F1D000000000000000000000000000000000002F
:10F1E000000000000000000000000000000000001F
:10F1F000000000000000000000000000000000000F
:10F2000000000000000000000000000000000000FE
:10F21000000000000000000000000000A00000004E
:10F22000A100000005000000000000005345434716
:10F230005F5052494D455F3136304B310000000080
:10F24000FFFFFF7FFFFFFFFFFFFFFFFFFFFFFFFF4E
:10F25000FFFFFFFF000000000000000000000000B2
:10F26000000000000000000000000000000000009E
:10F27000000000000000000000000000000000008E
:10F280000000000000000000FCFFFF7FFFFFFFFF09
:10F29000FFFFFFFFFFFFFFFFFFFFFFFF000000007A
:10F2A000000000000000000000000000000000005E
:10F2B000000000000000000000000000000000004E
:10F2C000000000000000000000000000000000003E
:10F2D00045FA65C5ADD4D4819FF8AC658B7ABD5431
:10F2E000FCBE971C000000000000000000000000B1
:10F2F000000000000000000000000000000000000E
:10F3000000000000000000000000000000000000FD
:10F310000000000000000000572275CAD3AE27F994
:10F32000C8F401000000000000000000010000001F
:10F3300000000000000000000000000000000000CD
:10F3400000000000000000000000000000000000BD
:10F3500000000000000000000000000000000000AD
:10F360000000000082FCCB13B98BC3688969644636
:10F370002873F58E68B5964A000000000000000072
:10F38000000000000000000000000000000000007D
:10F39000000000000000000000000000000000006D
:10F3A00000000000000000000000000032FBC57AF1
:10F3B0003751230412C9DC597D9468315528A6239E
:10F3C000000000000000000000000000000000003D
:10F3D000000000000000000000000000000000002D
:10F3E000000000000000000000000000000000001D
:10F3F000000000000100000000000000000000000C
:10F40000800000000000000000000000FFFFFFFF80
:10F41000FFFFFFFFFF0000000000000000000000F1
:10F4200000000000000000000000000000000000DC
:10F4300000000000000000000000000000000000CC
:10F4400000000000000000000000000000000000BC
:10F4500000000000000000000000000000000000AC
:10F46000000000000000000000000000000000009C
:10F47000000000000000000000000000000000008C
:10F48000000000000000000000000000000000007C
:10F49000000000000000000000000000000000006C
:10F4A000000000000000000000000000000000005C
:10F4B000000000000000000000000000000000004C
:10F4C000000000000000000000000000000000003C
:10F4D000000000000000000000000000000000002C
:10F4E000000000000000000000000000000000001C
:10F4F0000000000000000000A0000000A1000000CB
:10F500000500000001000000534543475F50524989
:10F510004D455F31363052310000000073ACFFFFC3
:10F52000FEFFFFFFFFFFFFFFFFFFFFFFFFFFFFFFEC
:10F5300000000000000000000000000000000000CB
:10F5400000000000000000000000000000000000BB
:10F5500000000000000000000000000000000000AB
:10F560000000000070ACFFFFFEFFFFFFFFFFFFFF8A
:10F57000FFFFFFFFFFFFFFFF000000000000000093
:10F58000000000000000000000000000000000007B
:10F59000000000000000000000000000000000006B
:10F5A000000000000000000000000000BA8803F521
:10F5B0005A4D6604492757AB8BEB59FBD334E1B462
:10F5C000000000000000000000000000000000003B
:10F5D000000000000000000000000000000000002B
:10F5E000000000000000000000000000000000001B
:10F5F000000000006BA1A1F318A886E71E350000EB
:10F6000000000000000000000100000000000000F9
:10F6100000000000000000000000000000000000EA
:10F6200000000000000000000000000000000000DA
:10F6300000000000000000000000000000000000CA
:10F640006DCE44319D19F7301BF14F1F7E113A29C1
:10F6500034B0DC5200000000000000000000000098
:10F66000000000000000000000000000000000009A
:10F67000000000000000000000000000000000008A
:10F6800000000000000000002E3FD4A7FE2C98F9D7
:10F690000DFA71E096F231E3F2FEAFFE00000000D9
:10F6A000000000000000000000000000000000005A
:10F6B000000000000000000000000000000000004A
:10F6C000000000000000000000000000000000003A
:10F6D00001000000000000000000000080000000A9
:10F6E0000000000000000000FFFFFFFFFFFFFFFF22
:10F6F000FF0000000000000000000000000000000B
:10F7000000000000000000000000000000000000F9
:10F7100000000000000000000000000000000000E9
:10F7200000000000000000000000000000000000D9
:10F7300000000000000000000000000000000000C9
:10F7400000000000000000000000000000000000B9
:10F7500000000000000000000000000000000000A9
:10F760000000000000000000000000000000000099
:10F770000000000000000000000000000000000089
:10F780000000000000000000000000000000000079
:10F790000000000000000000000000000000000069
:10F7A0000000000000000000000000000000000059
:10F7B0000000000000000000000000000000000049
:10F7C0000000000000000000000000000000000039
:10F7D00000000000A0000000A100000005000000E3
:10F7E00002000000534543475F5052494D455F3189
:10F7F000363052320000000037EEFFFFFEFFFFFF01
:10F80000FFFFFFFFFFFFFFFFFFFFFFFFFFFFFFFF08
:10F8100000000000000000000000000000000000E8
:10F8200000000000000000000000000000000000D8
:10F8300000000000000000000000000000000000C8
:10F8400000000000000000000000000000000000B8
:10F8500000000000000000000000000000000000A8
:10F860000000000000000000000000000000000098
:10F870000000000000000000000000000000000088
:10F880000000000000000000030000000000000075
:10F890000000000000000000000000000000000068
:10F8A0000000000000000000000000000000000058
:10F8B0000000000000000000000000000000000048
:10F8C0000000000000000000000000000000000038
:10F8D0008DFDDE746A46690F17FCF226FEFFFFFFFE
:10F8E000FFFFFFFFFFFFFFFF000000000000000020
:10F8F0000000000000000000000000000000000008
:10F9000000000000000000000000000000000000F7
:10F910000000000000000000000000007D6CE0EA34
:10F92000B1D1A51D34F4B780027DB026AEE957C031
:10F930000EF14FDB0000000000000000000000009E
:10F9400000000000000000000000000000000000B7
:10F9500000000000000000000000000000000000A7
:10F96000000000009D2F5ED988AA82403486BE1513
:10F97000D0634184A728569C6D2F2F9B0000000068
:10F980000000000000000000000000000000000077
:10F990000000000000000000000000000000000067
:10F9A0000000000000000000000000000100000056
:10F9B00000000000000000008000000000000000C7
:10F9C00000000000000000000000000080000000B7
:10F9D0000000000000000000000000000000000027
:10F9E0000000000000000000000000000000000017
:10F9F0000000000000000000000000000000000007
:10FA000000000000000000000000000000000000F6
:10FA100000000000000000000000000000000000E6
:10FA200000000000000000000000000000000000D6
:10FA300000000000000000000000000000000000C6
:10FA400000000000000000000000000000000000B6
:10FA500000000000000000000000000000000000A6
:10FA60000000000000000000000000000000000096
:10FA70000000000000000000000000000000000086
:10FA80000000000000000000000000000000000076
:10FA90000000000000000000000000000000000066
:10FAA0000000000000000000000000000000000056
:10FAB000C0000000C00000000500000003000000BE
:10FAC000534543475F5052494D455F3139324B31C1
:10FAD00000000000FFFFFFFFFFFFFFFFFEFFFFFF33
:10FAE000FFFFFFFFFFFFFFFFFFFFFFFF0000000022
:10FAF0000000000000000000000000000000000006
:10FB000000000000000000000000000000000000F5
:10FB1000000000000000000000000000FCFFFFFFEC
:10FB2000FFFFFFFFFEFFFFFFFFFFFFFFFFFFFFFFE6
:10FB3000FFFFFFFF000000000000000000000000C9
:10FB400000000000000000000000000000000000B5
:10FB500000000000000000000000000000000000A5
:10FB600000000000B1B946C1ECDEB8FE4930247295
:10FB7000ABE9A70FE7809CE51905216400000000B0
:10FB80000000000000000000000000000000000075
:10FB90000000000000000000000000000000000065
:10FBA0000000000000000000000000003128D2B476
:10FBB000B1C96B1436F8DE99FFFFFFFFFFFFFFFFAF
:10FBC000FFFFFFFF00000000000000000000000039
:10FBD0000000000000000000000000000000000025
:10FBE0000000000000000000000000000000000015
:10FBF00000000000000000001210FF82FD0AFFF468
:10FC00000088A143EB20BF7CF69030B00EA88D1881
:10FC100000000000000000000000000000000000E4
:10FC200000000000000000000000000000000000D4
:10FC300000000000000000000000000000000000C4
:10FC40001148791EA177F973D5CD246BED1110639E
:10FC500078DAC8FF952B19070000000000000000AB
:10FC60000000000000000000000000000000000094
:10FC70000000000000000000000000000000000084
:10FC80000000000000000000010000000000000073
:10FC900000000000800000000000000000000000E4
:10FCA00000000000000000008000000000000000D4
:10FCB0000000000000000000000000000000000044
:10FCC0000000000000000000000000000000000034
:10FCD0000000000000000000000000000000000024
:10FCE0000000000000000000000000000000000014
:10FCF0000000000000000000000000000000000004
:10FD000000000000000000000000000000000000F3
:10FD100000000000000000000000000000000000E3
:10FD200000000000000000000000000000000000D3
:10FD300000000000000000000000000000000000C3
:10FD400000000000000000000000000000000000B3
:10FD500000000000000000000000000000000000A3
:10FD60000000000000000000000000000000000093
:10FD70000000000000000000000000000000000083
:10FD8000000000000000000000000000C0000000B3
:10FD9000C000000005000000040000005345434778
:10FDA0005F5052494D455F313932523100000000F9
:10FDB0006DE5FFFFFEFFFFFFFFFFFFFFFFFFFFFF00
:10FDC000FFFFFFFFFFFFFFFFFFFFFFFF000000003F
:10FDD0000000000000000000000000000000000023
:10FDE0000000000000000000000000000000000013
:10FDF0000000000000000000000000000000000003
:10FE000000000000000000000000000000000000F2
:10FE100000000000000000000000000000000000E2
:10FE200000000000000000000000000000000000D2
:10FE300000000000000000000000000000000000C2
:10FE400005000000000000000000000000000000AD
:10FE500000000000000000000000000000000000A2
:10FE60000000000000000000000000000000000092
:10FE70000000000000000000000000000000000082
:10FE80000000000000000000F7B19F7671A9F0CAE1
:10FE90008461ECD2E8DC01000000000000000000FA
:10FEA0000000000001000000000000000000000051
:10FEB0000000000000000000000000000000000042
:10FEC0000000000000000000000000000000000032
:10FED000000000005CA4B7B60E657E0FA97570E443
:10FEE000E967A469A128FC30DF99F04D335B45A197
:10FEF0000000000000000000000000000000000002
:10FF000000000000000000000000000000000000F1
:10FF1000000000000000000000000000A5616D5519
:10FF2000DB4BCAE259BDB0C0F719E3F7D6FBCA8272
:10FF30004234BA7FED9F087E000000000000000000
:10FF400000000000000000000000000000000000B1
:10FF500000000000000000000000000000000000A1
:10FF60000000000001000000000000000000000090
:10FF7000800000000000000000000000FFFFFFFF05
:10FF8000FFFFFFFFFF000000000000000000000076
:10FF90000000000000000000000000000000000061
:10FFA0000000000000000000000000000000000051
:10FFB0000000000000000000000000000000000041
:10FFC0000000000000000000000000000000000031
:10FFD0000000000000000000000000000000000021
:10FFE0000000000000000000000000000000000011
:10FFF0000000000000000000000000000000000001
:020000025000AC
:1000000000000000000000000000000000000000F0
:1000100000000000000000000000000000000000E0
:1000200000000000000000000000000000000000D0
:1000300000000000000000000000000000000000C0
:1000400000000000000000000000000000000000B0
:1000500000000000000000000000000000000000A0
:100060000000000000000000E0000000E1000000CF
:100070000500000005000000534543475F5052490A
:100080004D455F3232344B3100000000010000006A
:100090000000000000000000FFFFFFFFFFFFFFFF68
:1000A000FFFFFFFFFFFFFFFF000000000000000058
:1000B0000000000000000000000000000000000040
:1000C0000000000000000000000000000000000030
:1000D00000000000FEFFFFFFFFFFFFFFFFFFFFFF2D
:1000E000FEFFFFFFFFFFFFFFFFFFFFFFFFFFFFFF21
:1000F0000000000000000000000000000000000000
:1001000000000000000000000000000000000000EF
:10011000000000000000000000000000B4FF5523B4
:1001200043390B27BAD8BFD7B7B04450563241F540
:10013000ABB3040C850A05B4000000000000000009
:1001400000000000000000000000000000000000AF
:10015000000000000000000000000000000000009F
:10016000000000003D2A5C5C4529DD133EF0B8E04C
:10017000A216FFFFFFFFFFFFFFFFFFFFFFFFFFFFD5
:10018000000000000000000000000000000000006F
:10019000000000000000000000000000000000005F
:1001A000000000000000000000000000000000004F
:1001B000211D5C11D68032342211C256D3C1034AAC
:1001C000B99013327FBFB46BBD0C0EB700000000B6
:1001D000000000000000000000000000000000001F
:1001E000000000000000000000000000000000000F
:1001F0000000000000000000347E00859981D54495
:100200006447075AA07543CDE6DF224CFB23F7B5C0
:10021000886337BD000000000000000000000000FF
:1002200000000000000000000000000000000000CE
:1002300000000000000000000000000000000000BE
:10024000010000000000000000000000800000002D
:10025000000000000000000000000000000000009E
:10026000800000000000000000000000000000000E
:10027000000000000000000000000000000000007E
:10028000000000000000000000000000000000006E
:10029000000000000000000000000000000000005E
:1002A000000000000000000000000000000000004E
:1002B000000000000000000000000000000000003E
:1002C000000000000000000000000000000000002E
:1002D000000000000000000000000000000000001E
:1002E000000000000000000000000000000000000E
:1002F00000000000000000000000000000000000FE
:1003000000000000000000000000000000000000ED
:1003100000000000000000000000000000000000DD
:1003200000000000000000000000000000000000CD
:1003300000000000000000000000000000000000BD
:1003400000000000E0000000E000000005000000E8
:1003500006000000534543475F5052494D455F3208
:1003600032345231000000002FFCFFFFFEFFFFFF80
:10037000FFFFFFFFFFFFFFFFFFFFFFFFFFFFFFFF8D
:10038000FFFFFFFFFFFFFFFF000000000000000075
:10039000000000000000000000000000000000005D
:1003A000000000000000000000000000000000004D
:1003B000000000000000000000000000000000003D
:1003C000000000000000000000000000000000002D
:1003D000000000000000000000000000000000001D
:1003E000000000000000000000000000000000000D
:1003F00000000000000000000700000000000000F6
:1004000000000000000000000000000000000000EC
:1004100000000000000000000000000000000000DC
:1004200000000000000000000000000000000000CC
:1004300000000000000000000000000000000000BC
:10044000414136D08C5ED2BF3BA048AFE6DCAEBAAD
:10045000FEFFFFFFFFFFFFFFFFFFFFFFFFFFFFFFAD
:10046000000000000000000000000000000000008C
:10047000000000000000000000000000000000007C
:100480000000000000000000000000009817F816AF
:100490005B81F259D928CE2DDBFC9B02070B87CE5E
:1004A0009562A055ACBBDCF97E66BE790000000009
:1004B000000000000000000000000000000000003C
:1004C000000000000000000000000000000000002C
:1004D00000000000B8D410FB8FD0479C195485A6AB
:1004E00048B417FDA808110EFCFBA45D65C4A32643
:1004F00077DA3A4800000000000000000000000029
:1005000000000000000000000000000000000000EB
:1005100000000000000000000000000001000000DA
:10052000000000000000000080000000000000004B
:10053000000000000000000000000000800000003B
:1005400000000000000000000000000000000000AB
:10055000000000000000000000000000000000009B
:10056000000000000000000000000000000000008B
:10057000000000000000000000000000000000007B
:10058000000000000000000000000000000000006B
:10059000000000000000000000000000000000005B
:1005A000000000000000000000000000000000004B
:1005B000000000000000000000000000000000003B
:1005C000000000000000000000000000000000002B
:1005D000000000000000000000000000000000001B
:1005E000000000000000000000000000000000000B
:1005F00000000000000000000000000000000000FB
:1006000000000000000000000000000000000000EA
:1006100000000000000000000000000000000000DA
:1006200000010000000100000500000007000000BC
:10063000534543475F5052494D455F3235364B3144
:1006400000000000FFFFFFFFFFFFFFFFFFFFFFFFB6
:100650000000000000000000000000000100000099
:10066000FFFFFFFF0000000000000000000000008E
:10067000000000000000000000000000000000007A
:10068000000000000000000000000000FCFFFFFF71
:10069000FFFFFFFFFFFFFFFF000000000000000062
:1006A0000000000001000000FFFFFFFF000000004D
:1006B000000000000000000000000000000000003A
:1006C000000000000000000000000000000000002A
:1006D000000000004B60D2273E3CCE3BF6B053CC2E
:1006E000B0061D65BC86987655BDEBB3E7933AAA74
:1006F000D835C65A000000000000000000000000CD
:1007000000000000000000000000000000000000E9
:10071000000000000000000000000000512563FC04
:10072000C2CAB9F3849E17A7ADFAE6BCFFFFFFFF6C
:10073000FFFFFFFF00000000FFFFFFFF00000000C1
:1007400000000000000000000000000000000000A9
:100750000000000000000000000000000000000099
:10076000000000000000000096C298D84539A1F4AE
:10077000A033EB2D817D0377F240A463E5E6BCF85E
:1007800047422CE1F2D1176B00000000000000008E
:100790000000000000000000000000000000000059
:1007A0000000000000000000000000000000000049
:1007B000F551BF376840B6CBCE5E316B5733CE2B89
:1007C000169E0F7C4AEBE78E9B7F1AFEE242E34FB8
:1007D0000000000000000000000000000000000019
:1007E0000000000000000000000000000000000009
:1007F000000000000000000001000000FFFFFFFFFC
:100800007F000000800000000000000000000000E9
:10081000FFFFFFFF7F0000008000000000000000DD
:1008200000000000000000000000000000000000C8
:1008300000000000000000000000000000000000B8
:1008400000000000000000000000000000000000A8
:100850000000000000000000000000000000000098
:100860000000000000000000000000000000000088
:100870000000000000000000000000000000000078
:100880000000000000000000000000000000000068
:100890000000000000000000000000000000000058
:1008A0000000000000000000000000000000000048
:1008B0000000000000000000000000000000000038
:1008C0000000000000000000000000000000000028
:1008D0000000000000000000000000000000000018
:1008E0000000000000000000000000000000000008
:1008F00000000000000000000000000000010000F7
:1009000000010000050000000800000053454347B7
:100910005F5052494D455F3235365231000000007C
:10092000FFFFFFFF0000000000000000FFFFFFFFCF
:10093000FEFFFFFFFFFFFFFFFFFFFFFFFFFFFFFFC8
:10094000FFFFFFFFFFFFFFFFFFFFFFFFFFFFFFFFB7
:100950000000000000000000000000000000000097
:100960000000000000000000FCFFFFFF000000008E
:1009700000000000FFFFFFFFFEFFFFFFFFFFFFFF84
:10098000FFFFFFFFFFFFFFFFFFFFFFFFFFFFFFFF77
:10099000FFFFFFFFFFFFFFFF00000000000000005F
:1009A0000000000000000000000000000000000047
:1009B000EF2AECD3EDC8852A9DD12E8A8D3956C6F3
:1009C0005A8713508F081403124181FE6E9C1D1824
:1009D000192DF8E36B058E98E4E73EE2A72F31B3BB
:1009E0000000000000000000000000000000000007
:1009F00000000000000000007329C5CC6A19ECEC6F
:100A00007AA7B048B20D1A58DF2D37F4814D63C76D
:100A1000FFFFFFFFFFFFFFFFFFFFFFFFFFFFFFFFE6
:100A2000FFFFFFFFFFFFFFFF0000000000000000CE
:100A300000000000000000000000000000000000B6
:100A400000000000B70A7672385E543A6C2955BF30
:100A50005DF20255382A5482E041F759989BA78BE2
:100A6000623B1D6E74AD20F31EC7B18E37058BBE81
:100A700022CA87AA00000000000000000000000059
:100A80000000000000000000000000005F0EEA907F
:100A90007C1D437A9D817E1DCEB1600AC0B8F0B541
:100AA0001331DAE97C149A28BD1DF4F829DC9292FE
:100AB000BF989E5D6F2C26964ADE17360000000018
:100AC0000000000000000000000000000000000026
:100AD0000000000001000000000000000000000015
:100AE0008000000000000000000000000000000086
:100AF0000000000080000000000000000000000076
:100B000000000000000000000000000000000000E5
:100B100000000000000000000000000000000000D5
:100B200000000000000000000000000000000000C5
:100B300000000000000000000000000000000000B5
:100B400000000000000000000000000000000000A5
:100B50000000000000000000000000000000000095
:100B60000000000000000000000000000000000085
:100B70000000000000000000000000000000000075
:100B80000000000000000000000000000000000065
:100B90000000000000000000000000000000000055
:100BA0000000000000000000000000000000000045
:100BB0000000000000000000000000000000000035
:100BC0000000000000000000000000000000000025
:100BD0000000000000000000800100008001000013
:100BE0000500000009000000534543475F5052498B
:100BF0004D455F333834523100000000FFFFFFFFE6
:100C0000FFFFFFFFFFFFFFFFFFFFFFFFFFFFFFFFF4
:100C1000FFFFFFFFFFFFFFFFFFFFFFFFFFFFFFFFE4
:100C2000FFFFFFFFFFFFFFFFFFFFFFFFFFFFFFFFD4
:100C3000FFFFFFFFFFFFFFFFFFFFFFFFFF010000C0
:100C400000000000FCFFFFFFFFFFFFFFFFFFFFFFB3
:100C5000FFFFFFFFFFFFFFFFFFFFFFFFFFFFFFFFA4
:100C6000FFFFFFFFFFFFFFFFFFFFFFFFFFFFFFFF94
:100C7000FFFFFFFFFFFFFFFFFFFFFFFFFFFFFFFF84
:100C8000FFFFFFFFFF01000000000000003F506B6E
:100C9000D41F45EFF1342C3D88DF733507BFB13BDE
:100CA000BDC052167B937EEC51391956E109F18E85
:100CB0009189B4B8F315B3995B72DAA2EE4085B6A8
:100CC000A0219A921F9A1C8E61B93E955100000096
:100CD00000000000096438911EB76FBBAE479C89C5
:100CE000B8C9B53BD0A509F74801CC7F6B962FBF9B
:100CF00083878651FAFFFFFFFFFFFFFFFFFFFFFF24
:100D0000FFFFFFFFFFFFFFFFFFFFFFFFFFFFFFFFF3
:100D1000FFFFFFFFFF0100000000000000000000D7
:100D200066BDE5C2317E7EF99B426A85C1B3483318
:100D3000DEA8FFA227C11DFE2859E7EF775E4BA171
:100D4000BA3D4D6B60AF28F821B53F053981649CF1
:100D500042B4952366CB3E9ECDE90404B7068E854A
:100D6000C6000000000000005066D19F7694BE8847
:100D700040C272A286703C356107AD3F01B950C5D3
:100D80004026F45E9972EE972C663E2717BDAF178A
:100D900068449B574944F598D91B7D2CB45F8A5C05
:100DA00004C03B9A786A293918010000000000004D
:100DB00001000000000000000000000080000000B2
:100DC0000000000000000000000000000000000023
:100DD0008000000000000000000000000000000093
:100DE0000000000000000000000000000000000003
:100DF00000000000000000000000000000000000F3
:100E000000000000000000000000000000000000E2
:100E100000000000000000000000000000000000D2
:100E200000000000000000000000000000000000C2
:100E300000000000000000000000000000000000B2
:100E400000000000000000000000000000000000A2
:100E50000000000000000000000000000000000092
:100E60000000000000000000000000000000000082
:100E70000000000000000000000000000000000072
:100E80000000000000000000000000000000000062
:100E90000000000000000000000000000000000052
:100EA0000000000000000000000000000000000042
:100EB0000000000009020000090200000500000017
:100EC0000A000000534543475F5052494D455F3586
:100ED00032315231000000002C2066756E63746957
:100EE0006F6E3A2000617373657274696F6E2022B1
:100EF000257322206661696C65643A2066696C65B9
:100F000020222573222C206C696E652025642573B0
:100F100025730A0078610020232D302B2000686C97
:100F20004C0065666745464700494E4600696E6657
:100F3000004E414E006E616E00300030313233346D
:100F40003536373839414243444546003031323333
:100F500034353637383961626364656600002020B5
:100F60002020202020202028282828282020202059
:100F70002020202020202020202020202020881019
:100F80001010101010101010101010101010040479
:100F90000404040404040404101010101010104180
:100FA00041414141410101010101010101010101F1
:100FB0000101010101010101011010101010104286
:100FC00042424242420202020202020202020202C1
:100FD000020202020202020202101010102000009F
:100FE0000000000000000000000000000000000001
:100FF00000000000000000000000000000000000F1
:1010000000000000000000000000000000000000E0
:1010100000000000000000000000000000000000D0
:1010200000000000000000000000000000000000C0
:1010300000000000000000000000000000000000B0
:1010400000000000000000000000000000000000A0
:101050000000000000000000000000000000496ED9
:1010600066696E697479004E614E000000000000F0
:101070000000000000000000000000000000000070
:101080000000000000000000000000000000000060
:101090000000000000000000000000000000000050
:1010A0000000000000000000000000000000000040
:1010B0000000000000000000000000000000000030
:1010C0000000000000000000000000004300504F3E
:1010D000534958002E0000000080E03779C3414397
:1010E000176E05B5B5B89346F5F93FE9034F384D8E
:1010F000321D30F94877825A3CBF737FDD4F15753A
:10110000000000000000F03F00000000000024404C
:1011100000000000000059400000000000408F4027
:10112000000000000088C34000000000006AF84092
:101130000000000080842E4100000000D0126341B6
:101140000000000084D797410000000065CDCD412C
:10115000000000205FA00242000000E8764837420D
:10116000000000A2941A6D42000040E59C30A242AB
:101170000000901EC4BCD64200003426F56B0C4320
:101180000080E03779C3414300A0D88557347643C7
:1011900000C84E676DC1AB43003D9160E458E14328
:1011A000408CB5781DAF154450EFE2D6E41A4B449D
:1011B00092D54D06CFF08044F64AE1C7022DB544E2
:1011C000B49DD9794378EA44050000001900000075
:0811D0007D000000000000009A
:0811D8007860FD7F01000000BA
:1011E00000000000FFFFFFFFFF000000FFFFFFFF08
:1011F0000A00000000000306B20008000100000021
:10120000A800080002000000A000140003005749D5
:101210004E55534200000000000000000000840012
:10122000040007002A00440065007600690063009E
:10123000650049006E007400650072006600610080
:10124000630065004700550049004400730000003A
:1012500050007B0039003700350046003400340070
:10126000440039002D0030004400300038002D00CB
:1012700034003300460044002D00380042003300A3
:1012800045002D0031003200370043004100380096
:101290004100460046004600390044007D00000041
:1012A0000000000010000C00B882002000000000C8
:1012B000000000000000000000000000000000002E
:1012C000000000000000000000000000000000001E
:1012D000000000000000000000000000000000000E
:1012E00000000000000000000000000000000000FE
:1012F00000000000000000000000000000000000EE
:101300002DFA030011FA0300E5F90300D9F90300EF
:10131000800000008000000080000000E00000006D
:10132000800000000000000000000000000000003D
:1013300000000000C9FC030031FC030025FC030091
:1013400015FC0300FFFFFFFF4C8500200090D00339
:10135000F0A2002078610020000000008C10050041
:10136000AC1005006C10050000000000000000003B
:10137000000000000000000000000000000000006D
:10138000000000000000000000000000000000005D
:10139000000000000000000000000000000000004D
:1013A000000000000000000000000000000000003D
:1013B00000000000000000004300000000000000EA
:1013C000000000000000000000000000000000001D
:1013D00000000000000000004300000000000000CA
:1013E00000000000000000000000000000000000FD
:1013F00000000000000000004300000000000000AA
:1014000000000000000000000000000000000000DC
:101410000000000000000000430000000000000089
:1014200000000000000000000000000000000000BC
:101430000000000000000000430000000000000069
:10144000000000000000000000000000000000009C
:101450000000000000000000430000000000000049
:10146000000000000000000000000000000000007C
:101470000000000000000000430000000000000029
:10148000000000000000000000000000000000005C
:101490000000000000000000D3C50400A5BA04004D
:1014A000000000005D0F0500D4100500130F0500BB
:1014B000130F0500130F0500130F0500130F050090
:1014C000130F0500130F0500130F0500130F050080
:1014D000FFFFFFFFFFFFFFFFFFFFFFFFFFFF00001A
:1014E0000100415343494900000000000000000092
:1014F00000000000000000000000000000000000EC
:101500000000415343494900000000000000000072
:1015100000000000000000000000000000000000CB
:10152000000000000172020035720200257A0200FC
:10153000CD7D0200E58002005D8D0200AD8E0200CF
:101540000D940200C99A0200D9BA0200A5C2020095
:10155000350A0300C10C0300513C03006D46030033
:101560008D4C030085FA03003D3E04001172020019
:040000033000FE6566
:00000001FF
